/*
Navicat MySQL Data Transfer

Source Server         : 本机
Source Server Version : 50710
Source Host           : localhost:3306
Source Database       : zibang

Target Server Type    : MYSQL
Target Server Version : 50710
File Encoding         : 65001

Date: 2017-03-05 11:08:30
*/

SET FOREIGN_KEY_CHECKS=0;

-- ----------------------------
-- Table structure for zb_auth_access
-- ----------------------------
DROP TABLE IF EXISTS `zb_auth_access`;
CREATE TABLE `zb_auth_access` (
  `uid` int(10) unsigned NOT NULL DEFAULT '0' COMMENT '用户id',
  `role_id` mediumint(8) unsigned NOT NULL DEFAULT '0' COMMENT '用户组id',
  KEY `idx_uid` (`uid`) USING BTREE
) ENGINE=InnoDB DEFAULT CHARSET=utf8;

-- ----------------------------
-- Records of zb_auth_access
-- ----------------------------
INSERT INTO `zb_auth_access` VALUES ('2', '1');
INSERT INTO `zb_auth_access` VALUES ('37', '64');
INSERT INTO `zb_auth_access` VALUES ('39', '59');
INSERT INTO `zb_auth_access` VALUES ('38', '66');
INSERT INTO `zb_auth_access` VALUES ('39', '63');
INSERT INTO `zb_auth_access` VALUES ('37', '59');
INSERT INTO `zb_auth_access` VALUES ('37', '65');
INSERT INTO `zb_auth_access` VALUES ('39', '62');
INSERT INTO `zb_auth_access` VALUES ('38', '63');
INSERT INTO `zb_auth_access` VALUES ('31', '62');
INSERT INTO `zb_auth_access` VALUES ('31', '66');
INSERT INTO `zb_auth_access` VALUES ('31', '59');
INSERT INTO `zb_auth_access` VALUES ('35', '59');
INSERT INTO `zb_auth_access` VALUES ('1', '69');
INSERT INTO `zb_auth_access` VALUES ('34', '59');
INSERT INTO `zb_auth_access` VALUES ('34', '57');
INSERT INTO `zb_auth_access` VALUES ('47', '69');
INSERT INTO `zb_auth_access` VALUES ('45', '64');
INSERT INTO `zb_auth_access` VALUES ('45', '65');
INSERT INTO `zb_auth_access` VALUES ('45', '61');
INSERT INTO `zb_auth_access` VALUES ('38', '46');
INSERT INTO `zb_auth_access` VALUES ('46', '70');
INSERT INTO `zb_auth_access` VALUES ('47', '72');
INSERT INTO `zb_auth_access` VALUES ('48', '69');
INSERT INTO `zb_auth_access` VALUES ('49', '69');
INSERT INTO `zb_auth_access` VALUES ('50', '73');
INSERT INTO `zb_auth_access` VALUES ('52', '69');
INSERT INTO `zb_auth_access` VALUES ('53', '78');
INSERT INTO `zb_auth_access` VALUES ('54', '78');
INSERT INTO `zb_auth_access` VALUES ('55', '80');
INSERT INTO `zb_auth_access` VALUES ('56', '84');
INSERT INTO `zb_auth_access` VALUES ('57', '82');
INSERT INTO `zb_auth_access` VALUES ('58', '86');
INSERT INTO `zb_auth_access` VALUES ('60', '79');
INSERT INTO `zb_auth_access` VALUES ('61', '81');
INSERT INTO `zb_auth_access` VALUES ('64', '87');
INSERT INTO `zb_auth_access` VALUES ('65', '84');
INSERT INTO `zb_auth_access` VALUES ('59', '79');
INSERT INTO `zb_auth_access` VALUES ('67', '84');
INSERT INTO `zb_auth_access` VALUES ('63', '83');
INSERT INTO `zb_auth_access` VALUES ('69', '80');
INSERT INTO `zb_auth_access` VALUES ('66', '79');
INSERT INTO `zb_auth_access` VALUES ('70', '79');
INSERT INTO `zb_auth_access` VALUES ('72', '88');
INSERT INTO `zb_auth_access` VALUES ('76', '85');
INSERT INTO `zb_auth_access` VALUES ('74', '79');
INSERT INTO `zb_auth_access` VALUES ('75', '87');
INSERT INTO `zb_auth_access` VALUES ('83', '79');
INSERT INTO `zb_auth_access` VALUES ('63', '85');
INSERT INTO `zb_auth_access` VALUES ('60', '85');
INSERT INTO `zb_auth_access` VALUES ('77', '79');
INSERT INTO `zb_auth_access` VALUES ('85', '87');
INSERT INTO `zb_auth_access` VALUES ('84', '84');
INSERT INTO `zb_auth_access` VALUES ('86', '83');
INSERT INTO `zb_auth_access` VALUES ('87', '85');
INSERT INTO `zb_auth_access` VALUES ('80', '80');
INSERT INTO `zb_auth_access` VALUES ('81', '80');
INSERT INTO `zb_auth_access` VALUES ('78', '78');
INSERT INTO `zb_auth_access` VALUES ('79', '78');
INSERT INTO `zb_auth_access` VALUES ('82', '81');
INSERT INTO `zb_auth_access` VALUES ('88', '84');
INSERT INTO `zb_auth_access` VALUES ('73', '81');
INSERT INTO `zb_auth_access` VALUES ('62', '85');
INSERT INTO `zb_auth_access` VALUES ('90', '85');
INSERT INTO `zb_auth_access` VALUES ('92', '85');
INSERT INTO `zb_auth_access` VALUES ('44', '69');
INSERT INTO `zb_auth_access` VALUES ('93', '84');
INSERT INTO `zb_auth_access` VALUES ('94', '79');
INSERT INTO `zb_auth_access` VALUES ('95', '78');
INSERT INTO `zb_auth_access` VALUES ('97', '80');
INSERT INTO `zb_auth_access` VALUES ('98', '83');
INSERT INTO `zb_auth_access` VALUES ('99', '82');
INSERT INTO `zb_auth_access` VALUES ('100', '87');
INSERT INTO `zb_auth_access` VALUES ('101', '86');
INSERT INTO `zb_auth_access` VALUES ('96', '81');
INSERT INTO `zb_auth_access` VALUES ('109', '83');
INSERT INTO `zb_auth_access` VALUES ('109', '82');
INSERT INTO `zb_auth_access` VALUES ('112', '69');
INSERT INTO `zb_auth_access` VALUES ('114', '84');
INSERT INTO `zb_auth_access` VALUES ('108', '84');
INSERT INTO `zb_auth_access` VALUES ('104', '87');
INSERT INTO `zb_auth_access` VALUES ('104', '86');
INSERT INTO `zb_auth_access` VALUES ('103', '83');
INSERT INTO `zb_auth_access` VALUES ('103', '84');
INSERT INTO `zb_auth_access` VALUES ('106', '87');
INSERT INTO `zb_auth_access` VALUES ('105', '87');
INSERT INTO `zb_auth_access` VALUES ('105', '86');
INSERT INTO `zb_auth_access` VALUES ('115', '78');
INSERT INTO `zb_auth_access` VALUES ('115', '69');
INSERT INTO `zb_auth_access` VALUES ('117', '69');
INSERT INTO `zb_auth_access` VALUES ('118', '69');
INSERT INTO `zb_auth_access` VALUES ('119', '69');
INSERT INTO `zb_auth_access` VALUES ('117', '81');
INSERT INTO `zb_auth_access` VALUES ('120', '81');
INSERT INTO `zb_auth_access` VALUES ('94', '69');
INSERT INTO `zb_auth_access` VALUES ('121', '85');
INSERT INTO `zb_auth_access` VALUES ('123', '85');
INSERT INTO `zb_auth_access` VALUES ('122', '79');
INSERT INTO `zb_auth_access` VALUES ('122', '80');
INSERT INTO `zb_auth_access` VALUES ('122', '78');
INSERT INTO `zb_auth_access` VALUES ('102', '87');
INSERT INTO `zb_auth_access` VALUES ('124', '69');
INSERT INTO `zb_auth_access` VALUES ('51', '87');
INSERT INTO `zb_auth_access` VALUES ('49', '87');
INSERT INTO `zb_auth_access` VALUES ('128', '69');
INSERT INTO `zb_auth_access` VALUES ('127', '84');
INSERT INTO `zb_auth_access` VALUES ('127', '69');

-- ----------------------------
-- Table structure for zb_auth_node
-- ----------------------------
DROP TABLE IF EXISTS `zb_auth_node`;
CREATE TABLE `zb_auth_node` (
  `id` smallint(8) unsigned NOT NULL AUTO_INCREMENT COMMENT '规则id,自增主键',
  `pid` smallint(8) unsigned NOT NULL DEFAULT '0' COMMENT '自定:层级关系',
  `name` varchar(50) NOT NULL DEFAULT '' COMMENT '规则中文描述',
  `module` varchar(80) NOT NULL DEFAULT '' COMMENT '规则唯一英文标识',
  `url` varchar(200) NOT NULL DEFAULT '' COMMENT '菜单连接地址',
  `iconcls` varchar(100) NOT NULL DEFAULT '' COMMENT '图标',
  `group` varchar(100) NOT NULL DEFAULT '' COMMENT '组',
  `ismobi` tinyint(2) unsigned NOT NULL DEFAULT '1' COMMENT '是否显示在手机端 1：显示 ， 0：不显示',
  `type` tinyint(3) unsigned NOT NULL DEFAULT '1' COMMENT '1:后台管理节点，2:销售端节点',
  `sort` tinyint(3) unsigned NOT NULL DEFAULT '0' COMMENT '排序 优先级从小到大',
  `status` tinyint(3) unsigned NOT NULL DEFAULT '1' COMMENT '是否有效(1:有效 ,2:无效)',
  `update_time` datetime NOT NULL DEFAULT '0000-00-00 00:00:00' COMMENT '更新时间',
  PRIMARY KEY (`id`),
  KEY `idx_pid` (`pid`) USING BTREE,
  KEY `idx_name` (`name`) USING BTREE,
  KEY `idx_type` (`type`) USING BTREE
) ENGINE=InnoDB AUTO_INCREMENT=177 DEFAULT CHARSET=utf8;

-- ----------------------------
-- Records of zb_auth_node
-- ----------------------------
INSERT INTO `zb_auth_node` VALUES ('118', '0', '系统设置', 'sysmodify', '', 'sys-set-icon', 'summarys', '0', '1', '0', '1', '2016-02-02 10:36:37');
INSERT INTO `zb_auth_node` VALUES ('119', '118', '账号管理', 'user', '', 'xiaoxitongzhi-icon', '', '1', '1', '0', '1', '0000-00-00 00:00:00');
INSERT INTO `zb_auth_node` VALUES ('120', '118', '机构管理', 'organization', '', 'process-table-icon', '', '1', '1', '0', '1', '0000-00-00 00:00:00');
INSERT INTO `zb_auth_node` VALUES ('121', '118', '部门管理', 'department', '', 'notebook-icon', '', '1', '1', '0', '1', '2016-01-17 20:48:43');
INSERT INTO `zb_auth_node` VALUES ('122', '118', '职位管理', 'position', '', 'notebook-icon', '', '1', '1', '0', '1', '2016-01-17 20:48:46');
INSERT INTO `zb_auth_node` VALUES ('123', '118', '角色管理', 'role', '', 'process-table-icon', '', '1', '1', '0', '1', '0000-00-00 00:00:00');
INSERT INTO `zb_auth_node` VALUES ('124', '118', '菜单节点管理', 'node', '', 'process-table-icon', '', '1', '1', '0', '1', '0000-00-00 00:00:00');
INSERT INTO `zb_auth_node` VALUES ('129', '151', '产品工作台', 'workplatform', '', 'process-table-icon', '', '1', '1', '0', '1', '2016-01-27 18:14:40');
INSERT INTO `zb_auth_node` VALUES ('131', '0', '连接测试', 'lianjie', '/public/ui/d.html', 'process-table-icon', '', '1', '1', '0', '2', '2016-01-27 20:10:33');
INSERT INTO `zb_auth_node` VALUES ('132', '172', '合同审核', 'productauditlawer', '', 'xiaoxitongzhi-icon', '', '0', '1', '0', '1', '2016-03-24 18:17:56');
INSERT INTO `zb_auth_node` VALUES ('133', '0', '产品评分区', 'productmark', '', 'process-pinfen-icon', '', '1', '1', '0', '1', '2016-02-02 10:35:20');
INSERT INTO `zb_auth_node` VALUES ('134', '0', '产品上线区', 'productonline', '', 'proonline-icon', '', '1', '1', '0', '1', '2016-02-02 10:33:42');
INSERT INTO `zb_auth_node` VALUES ('135', '0', '费率管理', 'productrate', '', 'process-table-icon', '', '1', '1', '0', '2', '2016-03-24 18:21:27');
INSERT INTO `zb_auth_node` VALUES ('136', '0', '产品回收站', 'productrecycle', '', 'process-huishou-icon', '', '1', '1', '0', '2', '2016-02-02 10:28:33');
INSERT INTO `zb_auth_node` VALUES ('137', '0', '通讯录', 'addressbookall', '', 'notebook-icon', 'summarys', '1', '1', '0', '1', '2016-01-25 17:34:59');
INSERT INTO `zb_auth_node` VALUES ('138', '0', '注册帐号审核', 'accountaudit', '', 'accountaudit-icon', '', '1', '1', '0', '1', '2016-02-02 10:39:23');
INSERT INTO `zb_auth_node` VALUES ('139', '172', '合同上传(产品)', 'productaudit', '', 'process-shenhe-icon', '', '0', '1', '0', '1', '2016-03-24 18:18:06');
INSERT INTO `zb_auth_node` VALUES ('140', '172', '产品审核', 'productauditleader', '', 'process-shenhe-icon', '', '0', '1', '0', '1', '2016-03-24 18:24:54');
INSERT INTO `zb_auth_node` VALUES ('141', '151', '产品上线区', 'productonline', '', 'proonline-icon', '', '1', '1', '0', '2', '2016-02-02 10:33:33');
INSERT INTO `zb_auth_node` VALUES ('142', '171', '费率编辑', 'productrate', '', 'fee-icon', '', '1', '1', '0', '1', '2016-03-24 18:48:41');
INSERT INTO `zb_auth_node` VALUES ('144', '0', '产品回收站', 'productrecycle', '', 'process-huishou-icon', '', '1', '1', '0', '1', '2016-02-02 10:28:26');
INSERT INTO `zb_auth_node` VALUES ('146', '0', 'test1001', 'test1001', 'test1001', 'test1001', 'test1001', '1', '1', '0', '2', '2016-01-27 18:03:22');
INSERT INTO `zb_auth_node` VALUES ('149', '0', '产品类型', 'productType', '', 'process-status-icon', '', '1', '1', '0', '2', '2016-01-27 20:09:19');
INSERT INTO `zb_auth_node` VALUES ('150', '151', '产品工作台(主管)', 'workplatformleader', '', 'process-shenhe-icon', '', '1', '1', '0', '1', '2016-01-27 18:14:30');
INSERT INTO `zb_auth_node` VALUES ('151', '0', '产品部工作台', 'productworktable', '', 'process-table-icon', 'summarys', '1', '1', '0', '1', '2016-01-27 18:14:18');
INSERT INTO `zb_auth_node` VALUES ('152', '0', '产品快捷通道', 'productquick', '', 'process-status-icon', '', '1', '1', '0', '1', '2016-02-02 10:27:09');
INSERT INTO `zb_auth_node` VALUES ('153', '118', '权限管理', 'permission', '', 'process-table-icon', '', '1', '1', '0', '1', '0000-00-00 00:00:00');
INSERT INTO `zb_auth_node` VALUES ('154', '171', '费率审核', 'productrateaudit', '', 'notebook-icon', '', '1', '1', '0', '1', '2016-03-24 18:48:03');
INSERT INTO `zb_auth_node` VALUES ('155', '168', '产品类型', 'productType', '', 'process-shenhe-icon', '', '1', '1', '0', '1', '2016-01-27 19:17:07');
INSERT INTO `zb_auth_node` VALUES ('156', '168', '评分表参数', 'productscore', '', 'process-table-icon', '', '1', '1', '0', '1', '2016-01-27 18:08:22');
INSERT INTO `zb_auth_node` VALUES ('158', '168', '类型参数', 'producttypeparam', '', 'process-table-icon', '', '1', '1', '0', '1', '2016-01-27 18:06:44');
INSERT INTO `zb_auth_node` VALUES ('159', '137', '合作商通讯录', 'addressbookout', '', 'process-shenhe-icon', '', '0', '1', '0', '1', '2016-03-24 18:45:00');
INSERT INTO `zb_auth_node` VALUES ('160', '137', '内部通讯录', 'addressbook', '', 'process-shenhe-icon', '', '0', '1', '0', '1', '2016-03-24 18:44:44');
INSERT INTO `zb_auth_node` VALUES ('161', '170', '待办事项', 'dosomething', '', 'process-shenhe-icon', '', '0', '1', '0', '1', '2016-03-24 18:24:22');
INSERT INTO `zb_auth_node` VALUES ('162', '168', '费率参数', 'productrateparam', '', 'process-shenhe-icon', '', '1', '1', '0', '1', '2016-03-24 16:55:54');
INSERT INTO `zb_auth_node` VALUES ('163', '170', '最新公告', 'firstnotice', '', 'process-shenhe-icon', '', '0', '1', '0', '1', '2016-03-24 18:24:12');
INSERT INTO `zb_auth_node` VALUES ('164', '0', '系统公告', 'systemnotice', '', 'sysnotice-icon', 'summarys', '1', '1', '1', '1', '2016-02-02 11:39:31');
INSERT INTO `zb_auth_node` VALUES ('165', '164', '已发布', 'publishednotice', '', 'process-shenhe-icon', '', '0', '1', '2', '1', '2016-03-24 18:23:10');
INSERT INTO `zb_auth_node` VALUES ('166', '164', '草稿箱', 'draftnotice', '', 'process-shenhe-icon', '', '0', '1', '3', '1', '2016-03-24 18:23:20');
INSERT INTO `zb_auth_node` VALUES ('167', '164', '已撤销', 'cancelnotice', '', 'process-shenhe-icon', '', '0', '1', '4', '1', '2016-03-24 18:23:37');
INSERT INTO `zb_auth_node` VALUES ('168', '0', '参数配置', 'systemparamtable', '', 'xitongcanshu-icon', 'summarys', '0', '1', '0', '1', '2016-03-24 17:51:04');
INSERT INTO `zb_auth_node` VALUES ('169', '172', '产品审核区', 'productaudit', '', 'process-status-icon', '', '1', '1', '0', '2', '2016-01-27 20:03:21');
INSERT INTO `zb_auth_node` VALUES ('170', '0', '消息', 'usermessage', '', 'xiaoxitongzhi-icon', 'summarys', '1', '1', '0', '1', '2016-02-02 10:23:31');
INSERT INTO `zb_auth_node` VALUES ('171', '0', '费率管理', 'productfeetable', '', 'fee-icon', 'summarys', '1', '1', '0', '1', '0000-00-00 00:00:00');
INSERT INTO `zb_auth_node` VALUES ('172', '0', '产品审核区', 'productaudittble', '', 'process-shenhe-icon', 'summarys', '1', '1', '0', '1', '2016-01-27 19:55:59');
INSERT INTO `zb_auth_node` VALUES ('173', '174', '产品上会审核区', 'productmeeting', '', 'accountaudit-icon', '', '1', '1', '0', '1', '2016-02-05 16:37:05');
INSERT INTO `zb_auth_node` VALUES ('174', '0', '产品上会区', 'productmeeting', '', 'process-shenhe-icon', 'summarys', '0', '1', '0', '1', '2016-03-24 16:56:26');
INSERT INTO `zb_auth_node` VALUES ('175', '174', '产品预录区', 'productmymeeting', '', 'xitongcanshu-icon', '', '1', '1', '0', '1', '2016-02-05 18:15:16');
INSERT INTO `zb_auth_node` VALUES ('176', '174', '预录产品查看区', 'productleadermeeting', '', 'process-table-icon', '', '1', '1', '0', '1', '2016-12-30 16:15:10');

-- ----------------------------
-- Table structure for zb_auth_permission
-- ----------------------------
DROP TABLE IF EXISTS `zb_auth_permission`;
CREATE TABLE `zb_auth_permission` (
  `permission_id` int(10) unsigned NOT NULL AUTO_INCREMENT COMMENT '权限点ID',
  `permission_code` varchar(255) NOT NULL DEFAULT '' COMMENT '权限点代号',
  `permission_name` varchar(255) NOT NULL DEFAULT '' COMMENT '权限名称',
  `status` tinyint(1) unsigned NOT NULL DEFAULT '1' COMMENT '1:有效 ,2:禁用 3注销',
  `update_time` datetime NOT NULL DEFAULT '0000-00-00 00:00:00',
  PRIMARY KEY (`permission_id`)
) ENGINE=InnoDB AUTO_INCREMENT=158 DEFAULT CHARSET=utf8 COMMENT='权限节点表';

-- ----------------------------
-- Records of zb_auth_permission
-- ----------------------------
INSERT INTO `zb_auth_permission` VALUES ('1', 'user-check', '用户审核', '1', '2016-01-27 11:40:48');
INSERT INTO `zb_auth_permission` VALUES ('2', 'user-edit', '用户编辑', '1', '2016-01-27 11:40:35');
INSERT INTO `zb_auth_permission` VALUES ('3', 'msg-add', '消息添加', '1', '2016-01-27 11:40:38');
INSERT INTO `zb_auth_permission` VALUES ('4', 'msg-del', '消息删除', '1', '2016-01-27 11:40:50');
INSERT INTO `zb_auth_permission` VALUES ('5', 'msg-edit', '消息编辑', '1', '2016-01-27 11:40:53');
INSERT INTO `zb_auth_permission` VALUES ('6', 'user-add', '用户添加', '1', '2016-01-27 11:40:55');
INSERT INTO `zb_auth_permission` VALUES ('7', 'user-add', '用户添加', '1', '2016-01-27 11:40:58');
INSERT INTO `zb_auth_permission` VALUES ('8', 'role.add', '角色新增', '1', '2016-01-16 14:02:46');
INSERT INTO `zb_auth_permission` VALUES ('9', 'role.edit', '角色编辑', '1', '2016-01-16 14:02:46');
INSERT INTO `zb_auth_permission` VALUES ('10', 'role.start', '角色启用', '1', '2016-01-12 11:36:05');
INSERT INTO `zb_auth_permission` VALUES ('11', 'role.cancel', '角色禁用', '1', '2016-01-12 11:36:05');
INSERT INTO `zb_auth_permission` VALUES ('12', 'role.view', '角色查看', '1', '2016-01-16 14:02:46');
INSERT INTO `zb_auth_permission` VALUES ('13', '1001', '权限名称', '1', '2016-01-27 11:41:41');
INSERT INTO `zb_auth_permission` VALUES ('14', '1002', 'test1001', '1', '2016-01-27 11:41:38');
INSERT INTO `zb_auth_permission` VALUES ('15', 'test2002用户权限111', 'test2002用户权限111', '1', '2016-01-27 11:41:48');
INSERT INTO `zb_auth_permission` VALUES ('16', 'test200312', 'test200312', '1', '2016-01-27 11:41:53');
INSERT INTO `zb_auth_permission` VALUES ('17', 'test200412', 'test200412', '1', '2016-01-27 11:41:59');
INSERT INTO `zb_auth_permission` VALUES ('18', 'product.add', '产品新增', '3', '2016-01-27 20:58:35');
INSERT INTO `zb_auth_permission` VALUES ('19', 'organization.view', '机构查看', '1', '2016-01-16 13:27:12');
INSERT INTO `zb_auth_permission` VALUES ('20', 'organization.edit', '机构编辑', '3', '2016-01-27 21:00:49');
INSERT INTO `zb_auth_permission` VALUES ('21', 'organization.edit', '机构编辑', '1', '2016-01-16 13:33:35');
INSERT INTO `zb_auth_permission` VALUES ('22', 'organization.add', '机构新增', '1', '2016-01-16 13:35:27');
INSERT INTO `zb_auth_permission` VALUES ('23', 'organization.start', '机构启用', '1', '2016-01-16 13:37:10');
INSERT INTO `zb_auth_permission` VALUES ('24', 'organization.stop', '机构禁用', '1', '2016-01-16 13:37:27');
INSERT INTO `zb_auth_permission` VALUES ('25', 'organization.logoff', '机构注销', '1', '2016-01-16 13:39:47');
INSERT INTO `zb_auth_permission` VALUES ('26', 'department.view', '部门查看', '1', '2016-01-16 13:43:02');
INSERT INTO `zb_auth_permission` VALUES ('27', 'department.add', '部门新增', '1', '2016-01-16 13:43:14');
INSERT INTO `zb_auth_permission` VALUES ('28', 'department.edit', '部门编辑', '1', '2016-01-16 13:43:25');
INSERT INTO `zb_auth_permission` VALUES ('29', 'department.start', '部门启用', '1', '2016-01-16 13:43:32');
INSERT INTO `zb_auth_permission` VALUES ('30', 'department.stop', '部门禁用', '1', '2016-01-16 13:43:49');
INSERT INTO `zb_auth_permission` VALUES ('31', 'department.logoff', '部门注销', '1', '2016-01-16 13:43:58');
INSERT INTO `zb_auth_permission` VALUES ('32', 'position.view', '职位查看', '1', '2016-01-16 13:44:30');
INSERT INTO `zb_auth_permission` VALUES ('33', 'position.add', '职位新增', '1', '2016-01-16 13:44:45');
INSERT INTO `zb_auth_permission` VALUES ('34', 'position.edit', '职位编辑', '1', '2016-01-16 13:45:00');
INSERT INTO `zb_auth_permission` VALUES ('35', 'position.start', '职位启用', '1', '2016-01-16 13:45:15');
INSERT INTO `zb_auth_permission` VALUES ('36', 'position.stop', '职位禁用', '1', '2016-01-16 13:45:30');
INSERT INTO `zb_auth_permission` VALUES ('37', 'position.logoff', '职位注销', '1', '2016-01-16 13:45:48');
INSERT INTO `zb_auth_permission` VALUES ('38', 'user.view', '账号查看', '1', '2016-01-16 13:47:31');
INSERT INTO `zb_auth_permission` VALUES ('39', 'user.add', '账号新增', '1', '2016-01-16 13:47:46');
INSERT INTO `zb_auth_permission` VALUES ('40', 'user.edit', '账号编辑', '1', '2016-01-16 13:48:00');
INSERT INTO `zb_auth_permission` VALUES ('41', 'user.start', '账号启用', '1', '2016-01-16 13:48:14');
INSERT INTO `zb_auth_permission` VALUES ('42', 'user.stop', '账号禁用', '1', '2016-01-16 13:48:41');
INSERT INTO `zb_auth_permission` VALUES ('43', 'user.logoff', '账号注销', '1', '2016-01-16 13:49:14');
INSERT INTO `zb_auth_permission` VALUES ('44', 'role.view', '角色查看', '1', '2016-01-16 13:54:58');
INSERT INTO `zb_auth_permission` VALUES ('45', 'role.add', '角色新增', '1', '2016-01-16 13:55:15');
INSERT INTO `zb_auth_permission` VALUES ('46', 'role.edit', '角色编辑', '1', '2016-01-16 13:55:44');
INSERT INTO `zb_auth_permission` VALUES ('47', 'role.start', '角色启用', '1', '2016-01-16 13:55:58');
INSERT INTO `zb_auth_permission` VALUES ('48', 'role.stop', '角色禁用', '1', '2016-01-16 13:56:15');
INSERT INTO `zb_auth_permission` VALUES ('49', 'role.logoff', '角色注销', '1', '2016-01-16 13:56:34');
INSERT INTO `zb_auth_permission` VALUES ('50', 'node.view', '节点查看', '1', '2016-01-16 13:58:09');
INSERT INTO `zb_auth_permission` VALUES ('51', 'node.add', '节点新增', '1', '2016-01-16 13:58:20');
INSERT INTO `zb_auth_permission` VALUES ('52', 'node.edit', '节点编辑', '1', '2016-01-16 13:58:33');
INSERT INTO `zb_auth_permission` VALUES ('53', 'node.start', '节点启用', '1', '2016-01-16 13:58:45');
INSERT INTO `zb_auth_permission` VALUES ('54', 'node.stop', '节点禁用', '1', '2016-01-16 13:58:59');
INSERT INTO `zb_auth_permission` VALUES ('55', 'node.logoff', '节点注销', '1', '2016-01-16 13:59:12');
INSERT INTO `zb_auth_permission` VALUES ('56', 'permission.view', '权限查看', '1', '2016-01-16 13:59:51');
INSERT INTO `zb_auth_permission` VALUES ('57', 'permission.add', '权限新增', '1', '2016-01-16 14:00:07');
INSERT INTO `zb_auth_permission` VALUES ('58', 'permission.edit', '权限编辑', '1', '2016-01-16 14:00:18');
INSERT INTO `zb_auth_permission` VALUES ('59', 'permission.start', '权限启用', '1', '2016-01-16 14:00:34');
INSERT INTO `zb_auth_permission` VALUES ('60', 'permission.stop', '权限禁用', '1', '2016-01-16 14:00:46');
INSERT INTO `zb_auth_permission` VALUES ('61', 'permission.logoff', '权限注销', '1', '2016-01-16 14:01:01');
INSERT INTO `zb_auth_permission` VALUES ('62', 'product.add', '产品新增', '1', '2016-01-16 14:03:16');
INSERT INTO `zb_auth_permission` VALUES ('63', 'product.view', '产品基本信息查看', '1', '2016-01-27 22:04:02');
INSERT INTO `zb_auth_permission` VALUES ('64', 'product.edit', '产品编辑', '1', '2016-01-16 14:05:34');
INSERT INTO `zb_auth_permission` VALUES ('65', 'product.cancel', '产品撤销', '1', '2016-01-16 14:06:37');
INSERT INTO `zb_auth_permission` VALUES ('66', 'product.submit', '产品提交', '1', '2016-01-16 14:11:39');
INSERT INTO `zb_auth_permission` VALUES ('67', 'score.view', '评分区查看', '2', '2016-01-27 22:05:50');
INSERT INTO `zb_auth_permission` VALUES ('68', 'score.viewcontact', '评分区查看联系人', '2', '2016-01-27 22:05:55');
INSERT INTO `zb_auth_permission` VALUES ('69', 'score.reject', '评分区退回', '1', '2016-01-27 11:43:43');
INSERT INTO `zb_auth_permission` VALUES ('70', 'score.score', '评分区评分', '1', '2016-01-27 11:43:54');
INSERT INTO `zb_auth_permission` VALUES ('71', 'contractupload.uploadcontract', '合同上传区上传合同', '1', '2016-01-16 14:25:05');
INSERT INTO `zb_auth_permission` VALUES ('72', 'contractupload.submit', '合同上传区提交', '1', '2016-01-16 14:37:18');
INSERT INTO `zb_auth_permission` VALUES ('73', 'contractaudit.edit', '合同审核区编辑', '1', '2016-01-16 14:39:22');
INSERT INTO `zb_auth_permission` VALUES ('74', 'contractaudit.pass', '合同审核区通过', '1', '2016-01-16 14:39:40');
INSERT INTO `zb_auth_permission` VALUES ('75', 'contractaudit.reject', '合同审核区退回', '1', '2016-01-16 14:40:00');
INSERT INTO `zb_auth_permission` VALUES ('76', 'productleader.view', '产品审核领导查看', '1', '2016-01-16 14:48:22');
INSERT INTO `zb_auth_permission` VALUES ('77', 'productleader.pass', '产品审核领导通过', '1', '2016-01-16 14:48:12');
INSERT INTO `zb_auth_permission` VALUES ('78', 'productleader.reject', '产品审核领导退回', '1', '2016-01-16 14:48:06');
INSERT INTO `zb_auth_permission` VALUES ('79', 'productleader.terminate', '产品审核领导终止', '1', '2016-01-16 15:52:54');
INSERT INTO `zb_auth_permission` VALUES ('80', 'productlaunch.view', '产品上线区查看', '1', '2016-01-16 14:51:32');
INSERT INTO `zb_auth_permission` VALUES ('81', 'productlaunch.edit', '产品上线区编辑', '1', '2016-01-16 14:52:58');
INSERT INTO `zb_auth_permission` VALUES ('82', 'productlaunch.stopsell', '产品上线区暂停', '1', '2016-01-16 14:56:39');
INSERT INTO `zb_auth_permission` VALUES ('83', 'productlaunch.startsell', '产品上线区起售', '1', '2016-01-16 14:56:33');
INSERT INTO `zb_auth_permission` VALUES ('84', 'productlaunch.logoff', '产品上线区注销', '1', '2016-01-16 14:57:17');
INSERT INTO `zb_auth_permission` VALUES ('85', 'rateoperation.view', '费率运营部查看', '1', '2016-01-16 14:59:08');
INSERT INTO `zb_auth_permission` VALUES ('86', 'rateoperation.edit', '费率运营部编辑', '1', '2016-01-16 14:59:27');
INSERT INTO `zb_auth_permission` VALUES ('87', 'rateothers.view', '费率其它部门查看', '1', '2016-01-16 14:59:51');
INSERT INTO `zb_auth_permission` VALUES ('88', 'rateothers.agree', '费率其他部门同意', '1', '2016-01-16 15:00:10');
INSERT INTO `zb_auth_permission` VALUES ('89', 'rateothers.reject', '费率其他部门退回', '1', '2016-01-16 15:00:33');
INSERT INTO `zb_auth_permission` VALUES ('90', 'productconvenience.viewbasic', '产品便捷查看基本信息', '3', '2016-01-27 20:59:47');
INSERT INTO `zb_auth_permission` VALUES ('91', 'productconvenience.viewcontact', '产品便捷查看联系人', '3', '2016-01-27 11:49:55');
INSERT INTO `zb_auth_permission` VALUES ('92', 'productconvenience.viewnew', '产品便捷查看新增信息', '3', '2016-01-27 11:49:47');
INSERT INTO `zb_auth_permission` VALUES ('93', 'productconvenience.viewattachments', '产品便捷查看附件', '3', '2016-01-27 11:50:04');
INSERT INTO `zb_auth_permission` VALUES ('94', 'productconvenience.viewscore', '产品便捷查看评分表', '3', '2016-01-27 11:50:12');
INSERT INTO `zb_auth_permission` VALUES ('95', 'productconvenience.viewcontract', '产品便捷查看合同', '3', '2016-01-27 11:50:18');
INSERT INTO `zb_auth_permission` VALUES ('96', 'productconvenience.viewrate', '产品便捷查看费率', '3', '2016-01-27 11:50:21');
INSERT INTO `zb_auth_permission` VALUES ('97', 'productconvenince.viewreason', '产品便捷查看评分结果和理由', '3', '2016-01-27 11:50:43');
INSERT INTO `zb_auth_permission` VALUES ('98', 'addressbook.inner', '通讯录查看内部', '1', '2016-01-16 15:48:52');
INSERT INTO `zb_auth_permission` VALUES ('99', 'addressbook.corporation', '通讯录合作商', '1', '2016-01-16 15:49:17');
INSERT INTO `zb_auth_permission` VALUES ('100', 'productbin.viewbasic', '产品回收站查看基本信息', '2', '2016-01-27 22:05:08');
INSERT INTO `zb_auth_permission` VALUES ('101', 'producbin.return', '产品回收站还原', '1', '2016-01-16 15:54:16');
INSERT INTO `zb_auth_permission` VALUES ('102', 'productbin.viewnew', '产品回收站查看新增信息', '2', '2016-01-27 22:05:01');
INSERT INTO `zb_auth_permission` VALUES ('103', 'productbin.viewscore', '产品回收站查看评分表', '2', '2016-01-27 22:04:56');
INSERT INTO `zb_auth_permission` VALUES ('104', 'productbin.viewattachments', '产品回收站查看附件资料', '2', '2016-01-27 22:04:50');
INSERT INTO `zb_auth_permission` VALUES ('105', 'productbin.viewcontact', '产品回收站查看联系人', '2', '2016-01-27 22:04:47');
INSERT INTO `zb_auth_permission` VALUES ('106', 'productbin.viewcontract', '产品回收站查看合同', '2', '2016-01-27 22:04:42');
INSERT INTO `zb_auth_permission` VALUES ('107', 'productbin.viewreason', '产品回收站查看评分结果和理由', '2', '2016-01-27 22:04:37');
INSERT INTO `zb_auth_permission` VALUES ('108', 'productbin.viewrate', '产品回收站查看费率', '2', '2016-01-27 22:06:39');
INSERT INTO `zb_auth_permission` VALUES ('109', 'accountaudit.apportion', '注册审核角色分配', '1', '2016-01-16 16:07:10');
INSERT INTO `zb_auth_permission` VALUES ('110', 'accountaudit.refuse', '注册审核拒绝', '1', '2016-01-16 16:07:49');
INSERT INTO `zb_auth_permission` VALUES ('111', 'parameterstyle.view', '参数类型查看', '1', '2016-01-16 16:09:58');
INSERT INTO `zb_auth_permission` VALUES ('112', 'parameterstyle.edit', '参数类型编辑', '1', '2016-01-16 16:10:41');
INSERT INTO `zb_auth_permission` VALUES ('113', 'paremeterstyle.start', '参数类型启用', '1', '2016-01-16 16:11:04');
INSERT INTO `zb_auth_permission` VALUES ('114', 'parameterstyle.stop', '参数类型禁用', '1', '2016-01-16 16:12:01');
INSERT INTO `zb_auth_permission` VALUES ('115', 'parameterstyle.logoff', '参数类型注销', '1', '2016-01-16 16:13:16');
INSERT INTO `zb_auth_permission` VALUES ('116', 'parameterstyle.add', '参数类型新增', '1', '2016-01-27 11:55:52');
INSERT INTO `zb_auth_permission` VALUES ('117', 'parameterinfo.add', '参数基本信息新增', '1', '2016-01-16 16:20:52');
INSERT INTO `zb_auth_permission` VALUES ('118', 'parameterinfo.view', '参数基本信息查看', '1', '2016-01-16 16:21:18');
INSERT INTO `zb_auth_permission` VALUES ('119', 'parameterinfo.edit', '参数基本信息编辑', '1', '2016-01-16 16:39:41');
INSERT INTO `zb_auth_permission` VALUES ('120', 'parameterinfo.logoff', '参数基本信息注销', '1', '2016-01-16 16:40:15');
INSERT INTO `zb_auth_permission` VALUES ('121', 'parameterscore.add', '参数评分新增', '1', '2016-01-16 16:40:49');
INSERT INTO `zb_auth_permission` VALUES ('122', 'parameterscore.view', '参数评分查看', '1', '2016-01-16 16:41:09');
INSERT INTO `zb_auth_permission` VALUES ('123', 'parameterscore.edit', '参数评分编辑', '1', '2016-01-16 16:41:23');
INSERT INTO `zb_auth_permission` VALUES ('124', 'parameterscore.logoff', '参数评分注销', '1', '2016-01-16 16:41:58');
INSERT INTO `zb_auth_permission` VALUES ('125', 'parameterrate.add', '参数费率新增', '1', '2016-01-16 16:42:42');
INSERT INTO `zb_auth_permission` VALUES ('126', 'parameterrate.view', '参数费率查看', '1', '2016-01-16 16:43:29');
INSERT INTO `zb_auth_permission` VALUES ('127', 'parameterrate.edit', '参数费率编辑', '1', '2016-01-16 16:43:51');
INSERT INTO `zb_auth_permission` VALUES ('128', 'parameterrate.logoff', '参数费率注销', '1', '2016-01-16 16:44:12');
INSERT INTO `zb_auth_permission` VALUES ('129', 'announcement.add', '公告新增', '1', '2016-01-16 16:50:12');
INSERT INTO `zb_auth_permission` VALUES ('130', 'announcement.view', '公告查看', '1', '2016-01-16 16:50:29');
INSERT INTO `zb_auth_permission` VALUES ('131', 'announcement.cancel', '公告撤销', '1', '2016-01-20 22:12:26');
INSERT INTO `zb_auth_permission` VALUES ('132', 'announcement.delete', '公告删除', '1', '2016-01-16 16:51:17');
INSERT INTO `zb_auth_permission` VALUES ('133', 'announcement.return', '公告还原', '1', '2016-01-16 16:51:36');
INSERT INTO `zb_auth_permission` VALUES ('134', '34', '34', '1', '2016-01-22 14:41:27');
INSERT INTO `zb_auth_permission` VALUES ('135', 'score.score', '评分区评分', '1', '2016-01-27 11:44:29');
INSERT INTO `zb_auth_permission` VALUES ('136', 'contact.view', '联系人查看', '1', '2016-01-27 11:46:51');
INSERT INTO `zb_auth_permission` VALUES ('137', 'attachments.view', '附件查看', '1', '2016-01-27 11:47:23');
INSERT INTO `zb_auth_permission` VALUES ('138', 'score.view', '评分表查看', '1', '2016-01-27 11:48:35');
INSERT INTO `zb_auth_permission` VALUES ('139', 'contract.view', '合同查看', '1', '2016-01-27 11:48:48');
INSERT INTO `zb_auth_permission` VALUES ('140', 'reason.view', '评分理由和结果查看', '1', '2016-01-27 11:49:18');
INSERT INTO `zb_auth_permission` VALUES ('141', 'rate.view', '费率方案查看', '1', '2016-01-27 11:49:32');
INSERT INTO `zb_auth_permission` VALUES ('142', 'role.fenpei', '角色分配权限', '1', '2016-01-27 14:06:16');
INSERT INTO `zb_auth_permission` VALUES ('143', 'role.fenpeinode', '角色分配菜单', '1', '2016-01-27 14:06:38');
INSERT INTO `zb_auth_permission` VALUES ('144', 'dosomething.view', '待办事项查看', '1', '2016-01-27 20:54:39');
INSERT INTO `zb_auth_permission` VALUES ('145', 'dosomething.delete', '待办事项删除', '1', '2016-01-27 20:55:51');
INSERT INTO `zb_auth_permission` VALUES ('146', 'announcement.edit', '公告编辑', '1', '2016-01-27 21:10:20');
INSERT INTO `zb_auth_permission` VALUES ('147', 'producttype.add', '产品类型新增', '1', '2016-01-27 21:28:38');
INSERT INTO `zb_auth_permission` VALUES ('148', 'producttype.edit', '产品类型编辑', '1', '2016-01-27 21:28:55');
INSERT INTO `zb_auth_permission` VALUES ('149', 'producttype.start', '产品类型启用', '1', '2016-01-27 21:29:39');
INSERT INTO `zb_auth_permission` VALUES ('150', 'producttype.stop', '产品类型禁用', '1', '2016-01-27 21:30:10');
INSERT INTO `zb_auth_permission` VALUES ('151', 'producttype.logoff', '产品类型注销', '1', '2016-01-27 21:31:07');
INSERT INTO `zb_auth_permission` VALUES ('152', 'contractaudit.support', '合同审核意见编辑', '1', '2016-01-29 15:32:22');
INSERT INTO `zb_auth_permission` VALUES ('153', 'attachments.delete', '附件删除', '1', '2016-01-29 17:50:58');
INSERT INTO `zb_auth_permission` VALUES ('154', 'announcement.issue', '公告发布', '1', '2016-02-03 15:28:23');
INSERT INTO `zb_auth_permission` VALUES ('155', 'productMeeting.view', '产品上会意见查看', '1', '2016-02-05 16:31:33');
INSERT INTO `zb_auth_permission` VALUES ('156', 'productmeeting.pass', '产品上会通过', '1', '2016-04-01 17:12:55');
INSERT INTO `zb_auth_permission` VALUES ('157', 'productmeeting.back', '产品上会不通过', '1', '2016-04-01 17:12:47');

-- ----------------------------
-- Table structure for zb_auth_role
-- ----------------------------
DROP TABLE IF EXISTS `zb_auth_role`;
CREATE TABLE `zb_auth_role` (
  `id` mediumint(8) unsigned NOT NULL AUTO_INCREMENT COMMENT '用户组id,自增主键',
  `title` varchar(20) NOT NULL DEFAULT '' COMMENT '用户组中文名称',
  `remark` varchar(100) NOT NULL DEFAULT '' COMMENT '自定:描述信息',
  `status` tinyint(1) unsigned NOT NULL DEFAULT '1' COMMENT '角色状态：为1正常，2为禁用',
  `sort` tinyint(1) unsigned NOT NULL DEFAULT '0' COMMENT '排序',
  `update_time` datetime NOT NULL DEFAULT '0000-00-00 00:00:00' COMMENT '添加、更新时间',
  PRIMARY KEY (`id`)
) ENGINE=InnoDB AUTO_INCREMENT=90 DEFAULT CHARSET=utf8;

-- ----------------------------
-- Records of zb_auth_role
-- ----------------------------
INSERT INTO `zb_auth_role` VALUES ('69', '系统管理员', '', '1', '0', '2016-01-18 17:28:05');
INSERT INTO `zb_auth_role` VALUES ('78', '产品专员', '产品部产品专员', '1', '0', '2016-01-17 16:51:50');
INSERT INTO `zb_auth_role` VALUES ('79', '产品总监', '产品部产品总监', '1', '0', '2016-01-17 16:59:16');
INSERT INTO `zb_auth_role` VALUES ('80', '运营专员', '运营部运营专员', '1', '0', '2016-01-17 17:11:00');
INSERT INTO `zb_auth_role` VALUES ('81', '运营总监', '运营部运营总监', '1', '0', '2016-01-17 17:25:37');
INSERT INTO `zb_auth_role` VALUES ('82', '调研专员', '调研部调研专员', '1', '0', '2016-01-17 17:25:25');
INSERT INTO `zb_auth_role` VALUES ('83', '调研总监', '调研部调研总监', '1', '0', '2016-01-17 17:36:09');
INSERT INTO `zb_auth_role` VALUES ('84', '法务', '法务', '1', '0', '2016-01-17 17:37:37');
INSERT INTO `zb_auth_role` VALUES ('85', '分管领导', '资邦投资分管领导', '1', '0', '2016-01-27 15:53:30');
INSERT INTO `zb_auth_role` VALUES ('86', '财富管理中心专员', '财富管理中心专员', '1', '0', '2016-01-27 17:36:31');
INSERT INTO `zb_auth_role` VALUES ('87', '财富管理中心总监', '财富管理中心总监', '1', '0', '2016-01-17 17:45:36');
INSERT INTO `zb_auth_role` VALUES ('88', '侠客A', '武侠小说主角', '2', '0', '2016-01-22 16:18:20');
INSERT INTO `zb_auth_role` VALUES ('89', '343', '34', '2', '0', '2016-01-25 10:40:39');

-- ----------------------------
-- Table structure for zb_auth_role_node
-- ----------------------------
DROP TABLE IF EXISTS `zb_auth_role_node`;
CREATE TABLE `zb_auth_role_node` (
  `node_id` int(10) unsigned NOT NULL DEFAULT '0' COMMENT '0',
  `role_id` int(10) unsigned NOT NULL
) ENGINE=InnoDB DEFAULT CHARSET=utf8 COMMENT='角度节点关系表';

-- ----------------------------
-- Records of zb_auth_role_node
-- ----------------------------
INSERT INTO `zb_auth_role_node` VALUES ('110', '3');
INSERT INTO `zb_auth_role_node` VALUES ('1', '1');
INSERT INTO `zb_auth_role_node` VALUES ('2', '3');
INSERT INTO `zb_auth_role_node` VALUES ('3', '3');
INSERT INTO `zb_auth_role_node` VALUES ('3', '1');
INSERT INTO `zb_auth_role_node` VALUES ('5', '1');
INSERT INTO `zb_auth_role_node` VALUES ('0', '67');
INSERT INTO `zb_auth_role_node` VALUES ('111', '67');
INSERT INTO `zb_auth_role_node` VALUES ('110', '67');
INSERT INTO `zb_auth_role_node` VALUES ('116', '67');
INSERT INTO `zb_auth_role_node` VALUES ('115', '67');
INSERT INTO `zb_auth_role_node` VALUES ('115', '66');
INSERT INTO `zb_auth_role_node` VALUES ('110', '68');
INSERT INTO `zb_auth_role_node` VALUES ('117', '68');
INSERT INTO `zb_auth_role_node` VALUES ('110', '64');
INSERT INTO `zb_auth_role_node` VALUES ('125', '69');
INSERT INTO `zb_auth_role_node` VALUES ('126', '69');
INSERT INTO `zb_auth_role_node` VALUES ('127', '69');
INSERT INTO `zb_auth_role_node` VALUES ('129', '65');
INSERT INTO `zb_auth_role_node` VALUES ('141', '70');
INSERT INTO `zb_auth_role_node` VALUES ('135', '70');
INSERT INTO `zb_auth_role_node` VALUES ('144', '59');
INSERT INTO `zb_auth_role_node` VALUES ('142', '58');
INSERT INTO `zb_auth_role_node` VALUES ('144', '72');
INSERT INTO `zb_auth_role_node` VALUES ('123', '72');
INSERT INTO `zb_auth_role_node` VALUES ('144', '73');
INSERT INTO `zb_auth_role_node` VALUES ('142', '73');
INSERT INTO `zb_auth_role_node` VALUES ('141', '73');
INSERT INTO `zb_auth_role_node` VALUES ('146', '71');
INSERT INTO `zb_auth_role_node` VALUES ('123', '73');
INSERT INTO `zb_auth_role_node` VALUES ('133', '82');
INSERT INTO `zb_auth_role_node` VALUES ('151', '79');
INSERT INTO `zb_auth_role_node` VALUES ('139', '80');
INSERT INTO `zb_auth_role_node` VALUES ('151', '88');
INSERT INTO `zb_auth_role_node` VALUES ('133', '88');
INSERT INTO `zb_auth_role_node` VALUES ('133', '83');
INSERT INTO `zb_auth_role_node` VALUES ('140', '79');
INSERT INTO `zb_auth_role_node` VALUES ('135', '80');
INSERT INTO `zb_auth_role_node` VALUES ('154', '87');
INSERT INTO `zb_auth_role_node` VALUES ('0', '78');
INSERT INTO `zb_auth_role_node` VALUES ('157', '69');
INSERT INTO `zb_auth_role_node` VALUES ('133', '80');
INSERT INTO `zb_auth_role_node` VALUES ('133', '78');
INSERT INTO `zb_auth_role_node` VALUES ('152', '87');
INSERT INTO `zb_auth_role_node` VALUES ('141', '85');
INSERT INTO `zb_auth_role_node` VALUES ('163', '83');
INSERT INTO `zb_auth_role_node` VALUES ('161', '83');
INSERT INTO `zb_auth_role_node` VALUES ('137', '83');
INSERT INTO `zb_auth_role_node` VALUES ('163', '87');
INSERT INTO `zb_auth_role_node` VALUES ('137', '82');
INSERT INTO `zb_auth_role_node` VALUES ('131', '69');
INSERT INTO `zb_auth_role_node` VALUES ('135', '69');
INSERT INTO `zb_auth_role_node` VALUES ('141', '69');
INSERT INTO `zb_auth_role_node` VALUES ('146', '69');
INSERT INTO `zb_auth_role_node` VALUES ('149', '69');
INSERT INTO `zb_auth_role_node` VALUES ('136', '69');
INSERT INTO `zb_auth_role_node` VALUES ('169', '69');
INSERT INTO `zb_auth_role_node` VALUES ('172', '69');
INSERT INTO `zb_auth_role_node` VALUES ('171', '69');
INSERT INTO `zb_auth_role_node` VALUES ('168', '69');
INSERT INTO `zb_auth_role_node` VALUES ('163', '69');
INSERT INTO `zb_auth_role_node` VALUES ('162', '69');
INSERT INTO `zb_auth_role_node` VALUES ('161', '69');
INSERT INTO `zb_auth_role_node` VALUES ('160', '69');
INSERT INTO `zb_auth_role_node` VALUES ('159', '69');
INSERT INTO `zb_auth_role_node` VALUES ('158', '69');
INSERT INTO `zb_auth_role_node` VALUES ('156', '69');
INSERT INTO `zb_auth_role_node` VALUES ('155', '69');
INSERT INTO `zb_auth_role_node` VALUES ('154', '69');
INSERT INTO `zb_auth_role_node` VALUES ('153', '69');
INSERT INTO `zb_auth_role_node` VALUES ('152', '69');
INSERT INTO `zb_auth_role_node` VALUES ('151', '69');
INSERT INTO `zb_auth_role_node` VALUES ('150', '69');
INSERT INTO `zb_auth_role_node` VALUES ('144', '69');
INSERT INTO `zb_auth_role_node` VALUES ('142', '69');
INSERT INTO `zb_auth_role_node` VALUES ('140', '69');
INSERT INTO `zb_auth_role_node` VALUES ('139', '69');
INSERT INTO `zb_auth_role_node` VALUES ('138', '69');
INSERT INTO `zb_auth_role_node` VALUES ('137', '69');
INSERT INTO `zb_auth_role_node` VALUES ('134', '69');
INSERT INTO `zb_auth_role_node` VALUES ('133', '69');
INSERT INTO `zb_auth_role_node` VALUES ('132', '69');
INSERT INTO `zb_auth_role_node` VALUES ('129', '69');
INSERT INTO `zb_auth_role_node` VALUES ('124', '69');
INSERT INTO `zb_auth_role_node` VALUES ('123', '69');
INSERT INTO `zb_auth_role_node` VALUES ('122', '69');
INSERT INTO `zb_auth_role_node` VALUES ('121', '69');
INSERT INTO `zb_auth_role_node` VALUES ('120', '69');
INSERT INTO `zb_auth_role_node` VALUES ('119', '69');
INSERT INTO `zb_auth_role_node` VALUES ('118', '69');
INSERT INTO `zb_auth_role_node` VALUES ('165', '69');
INSERT INTO `zb_auth_role_node` VALUES ('166', '69');
INSERT INTO `zb_auth_role_node` VALUES ('167', '69');
INSERT INTO `zb_auth_role_node` VALUES ('170', '87');
INSERT INTO `zb_auth_role_node` VALUES ('161', '87');
INSERT INTO `zb_auth_role_node` VALUES ('160', '87');
INSERT INTO `zb_auth_role_node` VALUES ('137', '87');
INSERT INTO `zb_auth_role_node` VALUES ('171', '86');
INSERT INTO `zb_auth_role_node` VALUES ('152', '86');
INSERT INTO `zb_auth_role_node` VALUES ('170', '86');
INSERT INTO `zb_auth_role_node` VALUES ('163', '86');
INSERT INTO `zb_auth_role_node` VALUES ('161', '86');
INSERT INTO `zb_auth_role_node` VALUES ('160', '86');
INSERT INTO `zb_auth_role_node` VALUES ('154', '86');
INSERT INTO `zb_auth_role_node` VALUES ('137', '86');
INSERT INTO `zb_auth_role_node` VALUES ('172', '85');
INSERT INTO `zb_auth_role_node` VALUES ('171', '85');
INSERT INTO `zb_auth_role_node` VALUES ('170', '85');
INSERT INTO `zb_auth_role_node` VALUES ('163', '85');
INSERT INTO `zb_auth_role_node` VALUES ('161', '85');
INSERT INTO `zb_auth_role_node` VALUES ('160', '85');
INSERT INTO `zb_auth_role_node` VALUES ('159', '85');
INSERT INTO `zb_auth_role_node` VALUES ('154', '85');
INSERT INTO `zb_auth_role_node` VALUES ('152', '85');
INSERT INTO `zb_auth_role_node` VALUES ('144', '85');
INSERT INTO `zb_auth_role_node` VALUES ('140', '85');
INSERT INTO `zb_auth_role_node` VALUES ('137', '85');
INSERT INTO `zb_auth_role_node` VALUES ('134', '85');
INSERT INTO `zb_auth_role_node` VALUES ('170', '84');
INSERT INTO `zb_auth_role_node` VALUES ('163', '84');
INSERT INTO `zb_auth_role_node` VALUES ('161', '84');
INSERT INTO `zb_auth_role_node` VALUES ('160', '84');
INSERT INTO `zb_auth_role_node` VALUES ('152', '84');
INSERT INTO `zb_auth_role_node` VALUES ('137', '84');
INSERT INTO `zb_auth_role_node` VALUES ('132', '84');
INSERT INTO `zb_auth_role_node` VALUES ('170', '83');
INSERT INTO `zb_auth_role_node` VALUES ('160', '83');
INSERT INTO `zb_auth_role_node` VALUES ('152', '83');
INSERT INTO `zb_auth_role_node` VALUES ('170', '82');
INSERT INTO `zb_auth_role_node` VALUES ('163', '82');
INSERT INTO `zb_auth_role_node` VALUES ('161', '82');
INSERT INTO `zb_auth_role_node` VALUES ('160', '82');
INSERT INTO `zb_auth_role_node` VALUES ('171', '81');
INSERT INTO `zb_auth_role_node` VALUES ('170', '81');
INSERT INTO `zb_auth_role_node` VALUES ('161', '81');
INSERT INTO `zb_auth_role_node` VALUES ('160', '81');
INSERT INTO `zb_auth_role_node` VALUES ('152', '81');
INSERT INTO `zb_auth_role_node` VALUES ('142', '81');
INSERT INTO `zb_auth_role_node` VALUES ('138', '81');
INSERT INTO `zb_auth_role_node` VALUES ('137', '81');
INSERT INTO `zb_auth_role_node` VALUES ('133', '81');
INSERT INTO `zb_auth_role_node` VALUES ('171', '80');
INSERT INTO `zb_auth_role_node` VALUES ('170', '80');
INSERT INTO `zb_auth_role_node` VALUES ('163', '80');
INSERT INTO `zb_auth_role_node` VALUES ('161', '80');
INSERT INTO `zb_auth_role_node` VALUES ('160', '80');
INSERT INTO `zb_auth_role_node` VALUES ('152', '80');
INSERT INTO `zb_auth_role_node` VALUES ('137', '80');
INSERT INTO `zb_auth_role_node` VALUES ('171', '79');
INSERT INTO `zb_auth_role_node` VALUES ('170', '79');
INSERT INTO `zb_auth_role_node` VALUES ('163', '79');
INSERT INTO `zb_auth_role_node` VALUES ('161', '79');
INSERT INTO `zb_auth_role_node` VALUES ('160', '79');
INSERT INTO `zb_auth_role_node` VALUES ('154', '79');
INSERT INTO `zb_auth_role_node` VALUES ('152', '79');
INSERT INTO `zb_auth_role_node` VALUES ('150', '79');
INSERT INTO `zb_auth_role_node` VALUES ('144', '79');
INSERT INTO `zb_auth_role_node` VALUES ('139', '79');
INSERT INTO `zb_auth_role_node` VALUES ('137', '79');
INSERT INTO `zb_auth_role_node` VALUES ('134', '79');
INSERT INTO `zb_auth_role_node` VALUES ('133', '79');
INSERT INTO `zb_auth_role_node` VALUES ('171', '78');
INSERT INTO `zb_auth_role_node` VALUES ('170', '78');
INSERT INTO `zb_auth_role_node` VALUES ('163', '78');
INSERT INTO `zb_auth_role_node` VALUES ('161', '78');
INSERT INTO `zb_auth_role_node` VALUES ('160', '78');
INSERT INTO `zb_auth_role_node` VALUES ('154', '78');
INSERT INTO `zb_auth_role_node` VALUES ('152', '78');
INSERT INTO `zb_auth_role_node` VALUES ('151', '78');
INSERT INTO `zb_auth_role_node` VALUES ('137', '78');
INSERT INTO `zb_auth_role_node` VALUES ('129', '78');
INSERT INTO `zb_auth_role_node` VALUES ('172', '84');
INSERT INTO `zb_auth_role_node` VALUES ('164', '81');
INSERT INTO `zb_auth_role_node` VALUES ('165', '81');
INSERT INTO `zb_auth_role_node` VALUES ('166', '81');
INSERT INTO `zb_auth_role_node` VALUES ('167', '81');
INSERT INTO `zb_auth_role_node` VALUES ('163', '81');
INSERT INTO `zb_auth_role_node` VALUES ('171', '87');
INSERT INTO `zb_auth_role_node` VALUES ('172', '78');
INSERT INTO `zb_auth_role_node` VALUES ('139', '78');
INSERT INTO `zb_auth_role_node` VALUES ('154', '80');
INSERT INTO `zb_auth_role_node` VALUES ('173', '69');
INSERT INTO `zb_auth_role_node` VALUES ('174', '69');
INSERT INTO `zb_auth_role_node` VALUES ('175', '69');
INSERT INTO `zb_auth_role_node` VALUES ('176', '69');
INSERT INTO `zb_auth_role_node` VALUES ('173', '81');
INSERT INTO `zb_auth_role_node` VALUES ('174', '81');
INSERT INTO `zb_auth_role_node` VALUES ('170', '69');
INSERT INTO `zb_auth_role_node` VALUES ('164', '69');

-- ----------------------------
-- Table structure for zb_auth_role_permission
-- ----------------------------
DROP TABLE IF EXISTS `zb_auth_role_permission`;
CREATE TABLE `zb_auth_role_permission` (
  `role_id` int(10) unsigned NOT NULL DEFAULT '0',
  `permission_id` int(10) unsigned NOT NULL DEFAULT '0',
  KEY `role_permission` (`role_id`,`permission_id`) USING BTREE
) ENGINE=InnoDB DEFAULT CHARSET=utf8 COMMENT='角色权限节点表';

-- ----------------------------
-- Records of zb_auth_role_permission
-- ----------------------------
INSERT INTO `zb_auth_role_permission` VALUES ('1', '1');
INSERT INTO `zb_auth_role_permission` VALUES ('1', '2');
INSERT INTO `zb_auth_role_permission` VALUES ('2', '4');
INSERT INTO `zb_auth_role_permission` VALUES ('2', '4');
INSERT INTO `zb_auth_role_permission` VALUES ('3', '2');
INSERT INTO `zb_auth_role_permission` VALUES ('3', '3');
INSERT INTO `zb_auth_role_permission` VALUES ('58', '13');
INSERT INTO `zb_auth_role_permission` VALUES ('59', '8');
INSERT INTO `zb_auth_role_permission` VALUES ('59', '10');
INSERT INTO `zb_auth_role_permission` VALUES ('59', '11');
INSERT INTO `zb_auth_role_permission` VALUES ('64', '1');
INSERT INTO `zb_auth_role_permission` VALUES ('66', '1');
INSERT INTO `zb_auth_role_permission` VALUES ('66', '1');
INSERT INTO `zb_auth_role_permission` VALUES ('66', '2');
INSERT INTO `zb_auth_role_permission` VALUES ('66', '3');
INSERT INTO `zb_auth_role_permission` VALUES ('66', '3');
INSERT INTO `zb_auth_role_permission` VALUES ('67', '1');
INSERT INTO `zb_auth_role_permission` VALUES ('67', '2');
INSERT INTO `zb_auth_role_permission` VALUES ('68', '1');
INSERT INTO `zb_auth_role_permission` VALUES ('69', '1');
INSERT INTO `zb_auth_role_permission` VALUES ('69', '2');
INSERT INTO `zb_auth_role_permission` VALUES ('69', '3');
INSERT INTO `zb_auth_role_permission` VALUES ('69', '4');
INSERT INTO `zb_auth_role_permission` VALUES ('69', '5');
INSERT INTO `zb_auth_role_permission` VALUES ('69', '6');
INSERT INTO `zb_auth_role_permission` VALUES ('69', '7');
INSERT INTO `zb_auth_role_permission` VALUES ('69', '8');
INSERT INTO `zb_auth_role_permission` VALUES ('69', '9');
INSERT INTO `zb_auth_role_permission` VALUES ('69', '10');
INSERT INTO `zb_auth_role_permission` VALUES ('69', '11');
INSERT INTO `zb_auth_role_permission` VALUES ('69', '12');
INSERT INTO `zb_auth_role_permission` VALUES ('69', '19');
INSERT INTO `zb_auth_role_permission` VALUES ('69', '20');
INSERT INTO `zb_auth_role_permission` VALUES ('69', '21');
INSERT INTO `zb_auth_role_permission` VALUES ('69', '22');
INSERT INTO `zb_auth_role_permission` VALUES ('69', '23');
INSERT INTO `zb_auth_role_permission` VALUES ('69', '24');
INSERT INTO `zb_auth_role_permission` VALUES ('69', '25');
INSERT INTO `zb_auth_role_permission` VALUES ('69', '26');
INSERT INTO `zb_auth_role_permission` VALUES ('69', '27');
INSERT INTO `zb_auth_role_permission` VALUES ('69', '28');
INSERT INTO `zb_auth_role_permission` VALUES ('69', '29');
INSERT INTO `zb_auth_role_permission` VALUES ('69', '30');
INSERT INTO `zb_auth_role_permission` VALUES ('69', '31');
INSERT INTO `zb_auth_role_permission` VALUES ('69', '32');
INSERT INTO `zb_auth_role_permission` VALUES ('69', '33');
INSERT INTO `zb_auth_role_permission` VALUES ('69', '34');
INSERT INTO `zb_auth_role_permission` VALUES ('69', '35');
INSERT INTO `zb_auth_role_permission` VALUES ('69', '36');
INSERT INTO `zb_auth_role_permission` VALUES ('69', '37');
INSERT INTO `zb_auth_role_permission` VALUES ('69', '38');
INSERT INTO `zb_auth_role_permission` VALUES ('69', '39');
INSERT INTO `zb_auth_role_permission` VALUES ('69', '40');
INSERT INTO `zb_auth_role_permission` VALUES ('69', '41');
INSERT INTO `zb_auth_role_permission` VALUES ('69', '42');
INSERT INTO `zb_auth_role_permission` VALUES ('69', '43');
INSERT INTO `zb_auth_role_permission` VALUES ('69', '44');
INSERT INTO `zb_auth_role_permission` VALUES ('69', '45');
INSERT INTO `zb_auth_role_permission` VALUES ('69', '46');
INSERT INTO `zb_auth_role_permission` VALUES ('69', '47');
INSERT INTO `zb_auth_role_permission` VALUES ('69', '48');
INSERT INTO `zb_auth_role_permission` VALUES ('69', '49');
INSERT INTO `zb_auth_role_permission` VALUES ('69', '50');
INSERT INTO `zb_auth_role_permission` VALUES ('69', '51');
INSERT INTO `zb_auth_role_permission` VALUES ('69', '52');
INSERT INTO `zb_auth_role_permission` VALUES ('69', '53');
INSERT INTO `zb_auth_role_permission` VALUES ('69', '54');
INSERT INTO `zb_auth_role_permission` VALUES ('69', '55');
INSERT INTO `zb_auth_role_permission` VALUES ('69', '56');
INSERT INTO `zb_auth_role_permission` VALUES ('69', '57');
INSERT INTO `zb_auth_role_permission` VALUES ('69', '58');
INSERT INTO `zb_auth_role_permission` VALUES ('69', '59');
INSERT INTO `zb_auth_role_permission` VALUES ('69', '60');
INSERT INTO `zb_auth_role_permission` VALUES ('69', '61');
INSERT INTO `zb_auth_role_permission` VALUES ('69', '62');
INSERT INTO `zb_auth_role_permission` VALUES ('69', '63');
INSERT INTO `zb_auth_role_permission` VALUES ('69', '64');
INSERT INTO `zb_auth_role_permission` VALUES ('69', '65');
INSERT INTO `zb_auth_role_permission` VALUES ('69', '66');
INSERT INTO `zb_auth_role_permission` VALUES ('69', '69');
INSERT INTO `zb_auth_role_permission` VALUES ('69', '70');
INSERT INTO `zb_auth_role_permission` VALUES ('69', '71');
INSERT INTO `zb_auth_role_permission` VALUES ('69', '72');
INSERT INTO `zb_auth_role_permission` VALUES ('69', '73');
INSERT INTO `zb_auth_role_permission` VALUES ('69', '74');
INSERT INTO `zb_auth_role_permission` VALUES ('69', '75');
INSERT INTO `zb_auth_role_permission` VALUES ('69', '76');
INSERT INTO `zb_auth_role_permission` VALUES ('69', '77');
INSERT INTO `zb_auth_role_permission` VALUES ('69', '78');
INSERT INTO `zb_auth_role_permission` VALUES ('69', '79');
INSERT INTO `zb_auth_role_permission` VALUES ('69', '80');
INSERT INTO `zb_auth_role_permission` VALUES ('69', '81');
INSERT INTO `zb_auth_role_permission` VALUES ('69', '82');
INSERT INTO `zb_auth_role_permission` VALUES ('69', '83');
INSERT INTO `zb_auth_role_permission` VALUES ('69', '84');
INSERT INTO `zb_auth_role_permission` VALUES ('69', '85');
INSERT INTO `zb_auth_role_permission` VALUES ('69', '86');
INSERT INTO `zb_auth_role_permission` VALUES ('69', '87');
INSERT INTO `zb_auth_role_permission` VALUES ('69', '88');
INSERT INTO `zb_auth_role_permission` VALUES ('69', '89');
INSERT INTO `zb_auth_role_permission` VALUES ('69', '97');
INSERT INTO `zb_auth_role_permission` VALUES ('69', '98');
INSERT INTO `zb_auth_role_permission` VALUES ('69', '99');
INSERT INTO `zb_auth_role_permission` VALUES ('69', '101');
INSERT INTO `zb_auth_role_permission` VALUES ('69', '109');
INSERT INTO `zb_auth_role_permission` VALUES ('69', '110');
INSERT INTO `zb_auth_role_permission` VALUES ('69', '111');
INSERT INTO `zb_auth_role_permission` VALUES ('69', '112');
INSERT INTO `zb_auth_role_permission` VALUES ('69', '113');
INSERT INTO `zb_auth_role_permission` VALUES ('69', '114');
INSERT INTO `zb_auth_role_permission` VALUES ('69', '115');
INSERT INTO `zb_auth_role_permission` VALUES ('69', '116');
INSERT INTO `zb_auth_role_permission` VALUES ('69', '117');
INSERT INTO `zb_auth_role_permission` VALUES ('69', '118');
INSERT INTO `zb_auth_role_permission` VALUES ('69', '119');
INSERT INTO `zb_auth_role_permission` VALUES ('69', '120');
INSERT INTO `zb_auth_role_permission` VALUES ('69', '121');
INSERT INTO `zb_auth_role_permission` VALUES ('69', '122');
INSERT INTO `zb_auth_role_permission` VALUES ('69', '123');
INSERT INTO `zb_auth_role_permission` VALUES ('69', '124');
INSERT INTO `zb_auth_role_permission` VALUES ('69', '125');
INSERT INTO `zb_auth_role_permission` VALUES ('69', '126');
INSERT INTO `zb_auth_role_permission` VALUES ('69', '127');
INSERT INTO `zb_auth_role_permission` VALUES ('69', '128');
INSERT INTO `zb_auth_role_permission` VALUES ('69', '129');
INSERT INTO `zb_auth_role_permission` VALUES ('69', '130');
INSERT INTO `zb_auth_role_permission` VALUES ('69', '131');
INSERT INTO `zb_auth_role_permission` VALUES ('69', '132');
INSERT INTO `zb_auth_role_permission` VALUES ('69', '133');
INSERT INTO `zb_auth_role_permission` VALUES ('69', '135');
INSERT INTO `zb_auth_role_permission` VALUES ('69', '136');
INSERT INTO `zb_auth_role_permission` VALUES ('69', '137');
INSERT INTO `zb_auth_role_permission` VALUES ('69', '138');
INSERT INTO `zb_auth_role_permission` VALUES ('69', '139');
INSERT INTO `zb_auth_role_permission` VALUES ('69', '140');
INSERT INTO `zb_auth_role_permission` VALUES ('69', '141');
INSERT INTO `zb_auth_role_permission` VALUES ('69', '142');
INSERT INTO `zb_auth_role_permission` VALUES ('69', '143');
INSERT INTO `zb_auth_role_permission` VALUES ('69', '144');
INSERT INTO `zb_auth_role_permission` VALUES ('69', '145');
INSERT INTO `zb_auth_role_permission` VALUES ('69', '146');
INSERT INTO `zb_auth_role_permission` VALUES ('69', '147');
INSERT INTO `zb_auth_role_permission` VALUES ('69', '148');
INSERT INTO `zb_auth_role_permission` VALUES ('69', '149');
INSERT INTO `zb_auth_role_permission` VALUES ('69', '150');
INSERT INTO `zb_auth_role_permission` VALUES ('69', '151');
INSERT INTO `zb_auth_role_permission` VALUES ('69', '152');
INSERT INTO `zb_auth_role_permission` VALUES ('69', '154');
INSERT INTO `zb_auth_role_permission` VALUES ('69', '156');
INSERT INTO `zb_auth_role_permission` VALUES ('69', '157');
INSERT INTO `zb_auth_role_permission` VALUES ('70', '14');
INSERT INTO `zb_auth_role_permission` VALUES ('72', '8');
INSERT INTO `zb_auth_role_permission` VALUES ('72', '15');
INSERT INTO `zb_auth_role_permission` VALUES ('73', '9');
INSERT INTO `zb_auth_role_permission` VALUES ('73', '12');
INSERT INTO `zb_auth_role_permission` VALUES ('78', '62');
INSERT INTO `zb_auth_role_permission` VALUES ('78', '63');
INSERT INTO `zb_auth_role_permission` VALUES ('78', '64');
INSERT INTO `zb_auth_role_permission` VALUES ('78', '65');
INSERT INTO `zb_auth_role_permission` VALUES ('78', '66');
INSERT INTO `zb_auth_role_permission` VALUES ('78', '71');
INSERT INTO `zb_auth_role_permission` VALUES ('78', '72');
INSERT INTO `zb_auth_role_permission` VALUES ('78', '98');
INSERT INTO `zb_auth_role_permission` VALUES ('78', '130');
INSERT INTO `zb_auth_role_permission` VALUES ('78', '137');
INSERT INTO `zb_auth_role_permission` VALUES ('78', '138');
INSERT INTO `zb_auth_role_permission` VALUES ('78', '139');
INSERT INTO `zb_auth_role_permission` VALUES ('78', '153');
INSERT INTO `zb_auth_role_permission` VALUES ('79', '62');
INSERT INTO `zb_auth_role_permission` VALUES ('79', '63');
INSERT INTO `zb_auth_role_permission` VALUES ('79', '64');
INSERT INTO `zb_auth_role_permission` VALUES ('79', '65');
INSERT INTO `zb_auth_role_permission` VALUES ('79', '66');
INSERT INTO `zb_auth_role_permission` VALUES ('79', '68');
INSERT INTO `zb_auth_role_permission` VALUES ('79', '69');
INSERT INTO `zb_auth_role_permission` VALUES ('79', '70');
INSERT INTO `zb_auth_role_permission` VALUES ('79', '71');
INSERT INTO `zb_auth_role_permission` VALUES ('79', '72');
INSERT INTO `zb_auth_role_permission` VALUES ('79', '80');
INSERT INTO `zb_auth_role_permission` VALUES ('79', '81');
INSERT INTO `zb_auth_role_permission` VALUES ('79', '82');
INSERT INTO `zb_auth_role_permission` VALUES ('79', '83');
INSERT INTO `zb_auth_role_permission` VALUES ('79', '84');
INSERT INTO `zb_auth_role_permission` VALUES ('79', '87');
INSERT INTO `zb_auth_role_permission` VALUES ('79', '88');
INSERT INTO `zb_auth_role_permission` VALUES ('79', '89');
INSERT INTO `zb_auth_role_permission` VALUES ('79', '90');
INSERT INTO `zb_auth_role_permission` VALUES ('79', '91');
INSERT INTO `zb_auth_role_permission` VALUES ('79', '92');
INSERT INTO `zb_auth_role_permission` VALUES ('79', '93');
INSERT INTO `zb_auth_role_permission` VALUES ('79', '94');
INSERT INTO `zb_auth_role_permission` VALUES ('79', '95');
INSERT INTO `zb_auth_role_permission` VALUES ('79', '96');
INSERT INTO `zb_auth_role_permission` VALUES ('79', '98');
INSERT INTO `zb_auth_role_permission` VALUES ('79', '99');
INSERT INTO `zb_auth_role_permission` VALUES ('79', '100');
INSERT INTO `zb_auth_role_permission` VALUES ('79', '101');
INSERT INTO `zb_auth_role_permission` VALUES ('79', '102');
INSERT INTO `zb_auth_role_permission` VALUES ('79', '103');
INSERT INTO `zb_auth_role_permission` VALUES ('79', '104');
INSERT INTO `zb_auth_role_permission` VALUES ('79', '105');
INSERT INTO `zb_auth_role_permission` VALUES ('79', '106');
INSERT INTO `zb_auth_role_permission` VALUES ('79', '108');
INSERT INTO `zb_auth_role_permission` VALUES ('79', '130');
INSERT INTO `zb_auth_role_permission` VALUES ('79', '135');
INSERT INTO `zb_auth_role_permission` VALUES ('79', '136');
INSERT INTO `zb_auth_role_permission` VALUES ('79', '137');
INSERT INTO `zb_auth_role_permission` VALUES ('79', '138');
INSERT INTO `zb_auth_role_permission` VALUES ('79', '139');
INSERT INTO `zb_auth_role_permission` VALUES ('79', '141');
INSERT INTO `zb_auth_role_permission` VALUES ('80', '63');
INSERT INTO `zb_auth_role_permission` VALUES ('80', '98');
INSERT INTO `zb_auth_role_permission` VALUES ('80', '99');
INSERT INTO `zb_auth_role_permission` VALUES ('80', '130');
INSERT INTO `zb_auth_role_permission` VALUES ('80', '137');
INSERT INTO `zb_auth_role_permission` VALUES ('80', '138');
INSERT INTO `zb_auth_role_permission` VALUES ('80', '141');
INSERT INTO `zb_auth_role_permission` VALUES ('81', '63');
INSERT INTO `zb_auth_role_permission` VALUES ('81', '70');
INSERT INTO `zb_auth_role_permission` VALUES ('81', '86');
INSERT INTO `zb_auth_role_permission` VALUES ('81', '98');
INSERT INTO `zb_auth_role_permission` VALUES ('81', '109');
INSERT INTO `zb_auth_role_permission` VALUES ('81', '110');
INSERT INTO `zb_auth_role_permission` VALUES ('81', '129');
INSERT INTO `zb_auth_role_permission` VALUES ('81', '130');
INSERT INTO `zb_auth_role_permission` VALUES ('81', '131');
INSERT INTO `zb_auth_role_permission` VALUES ('81', '132');
INSERT INTO `zb_auth_role_permission` VALUES ('81', '133');
INSERT INTO `zb_auth_role_permission` VALUES ('81', '137');
INSERT INTO `zb_auth_role_permission` VALUES ('81', '138');
INSERT INTO `zb_auth_role_permission` VALUES ('81', '141');
INSERT INTO `zb_auth_role_permission` VALUES ('81', '142');
INSERT INTO `zb_auth_role_permission` VALUES ('81', '146');
INSERT INTO `zb_auth_role_permission` VALUES ('82', '63');
INSERT INTO `zb_auth_role_permission` VALUES ('82', '98');
INSERT INTO `zb_auth_role_permission` VALUES ('82', '130');
INSERT INTO `zb_auth_role_permission` VALUES ('82', '137');
INSERT INTO `zb_auth_role_permission` VALUES ('82', '138');
INSERT INTO `zb_auth_role_permission` VALUES ('83', '63');
INSERT INTO `zb_auth_role_permission` VALUES ('83', '70');
INSERT INTO `zb_auth_role_permission` VALUES ('83', '98');
INSERT INTO `zb_auth_role_permission` VALUES ('83', '130');
INSERT INTO `zb_auth_role_permission` VALUES ('83', '137');
INSERT INTO `zb_auth_role_permission` VALUES ('83', '138');
INSERT INTO `zb_auth_role_permission` VALUES ('84', '63');
INSERT INTO `zb_auth_role_permission` VALUES ('84', '73');
INSERT INTO `zb_auth_role_permission` VALUES ('84', '74');
INSERT INTO `zb_auth_role_permission` VALUES ('84', '75');
INSERT INTO `zb_auth_role_permission` VALUES ('84', '130');
INSERT INTO `zb_auth_role_permission` VALUES ('84', '137');
INSERT INTO `zb_auth_role_permission` VALUES ('84', '139');
INSERT INTO `zb_auth_role_permission` VALUES ('84', '152');
INSERT INTO `zb_auth_role_permission` VALUES ('85', '63');
INSERT INTO `zb_auth_role_permission` VALUES ('85', '77');
INSERT INTO `zb_auth_role_permission` VALUES ('85', '78');
INSERT INTO `zb_auth_role_permission` VALUES ('85', '79');
INSERT INTO `zb_auth_role_permission` VALUES ('85', '81');
INSERT INTO `zb_auth_role_permission` VALUES ('85', '82');
INSERT INTO `zb_auth_role_permission` VALUES ('85', '83');
INSERT INTO `zb_auth_role_permission` VALUES ('85', '84');
INSERT INTO `zb_auth_role_permission` VALUES ('85', '87');
INSERT INTO `zb_auth_role_permission` VALUES ('85', '88');
INSERT INTO `zb_auth_role_permission` VALUES ('85', '89');
INSERT INTO `zb_auth_role_permission` VALUES ('85', '98');
INSERT INTO `zb_auth_role_permission` VALUES ('85', '99');
INSERT INTO `zb_auth_role_permission` VALUES ('85', '101');
INSERT INTO `zb_auth_role_permission` VALUES ('85', '130');
INSERT INTO `zb_auth_role_permission` VALUES ('85', '135');
INSERT INTO `zb_auth_role_permission` VALUES ('85', '136');
INSERT INTO `zb_auth_role_permission` VALUES ('85', '137');
INSERT INTO `zb_auth_role_permission` VALUES ('85', '138');
INSERT INTO `zb_auth_role_permission` VALUES ('85', '139');
INSERT INTO `zb_auth_role_permission` VALUES ('85', '140');
INSERT INTO `zb_auth_role_permission` VALUES ('85', '141');
INSERT INTO `zb_auth_role_permission` VALUES ('86', '63');
INSERT INTO `zb_auth_role_permission` VALUES ('86', '87');
INSERT INTO `zb_auth_role_permission` VALUES ('86', '130');
INSERT INTO `zb_auth_role_permission` VALUES ('86', '147');
INSERT INTO `zb_auth_role_permission` VALUES ('86', '148');
INSERT INTO `zb_auth_role_permission` VALUES ('86', '150');
INSERT INTO `zb_auth_role_permission` VALUES ('87', '63');
INSERT INTO `zb_auth_role_permission` VALUES ('87', '87');
INSERT INTO `zb_auth_role_permission` VALUES ('87', '88');
INSERT INTO `zb_auth_role_permission` VALUES ('87', '89');
INSERT INTO `zb_auth_role_permission` VALUES ('87', '130');
INSERT INTO `zb_auth_role_permission` VALUES ('87', '141');
INSERT INTO `zb_auth_role_permission` VALUES ('88', '67');
INSERT INTO `zb_auth_role_permission` VALUES ('88', '68');
INSERT INTO `zb_auth_role_permission` VALUES ('88', '70');
INSERT INTO `zb_auth_role_permission` VALUES ('88', '154');

-- ----------------------------
-- Table structure for zb_auth_user_table_node
-- ----------------------------
DROP TABLE IF EXISTS `zb_auth_user_table_node`;
CREATE TABLE `zb_auth_user_table_node` (
  `id` int(10) unsigned NOT NULL AUTO_INCREMENT COMMENT '自增',
  `uid` int(10) unsigned NOT NULL DEFAULT '0' COMMENT '用户id',
  `node_id` int(10) unsigned NOT NULL COMMENT '节点id',
  PRIMARY KEY (`id`)
) ENGINE=InnoDB DEFAULT CHARSET=utf8;

-- ----------------------------
-- Records of zb_auth_user_table_node
-- ----------------------------

-- ----------------------------
-- Table structure for zb_category_fees_field
-- ----------------------------
DROP TABLE IF EXISTS `zb_category_fees_field`;
CREATE TABLE `zb_category_fees_field` (
  `id` int(10) unsigned NOT NULL AUTO_INCREMENT,
  `category_id` int(10) unsigned NOT NULL DEFAULT '0' COMMENT '分类id',
  `field_name` varchar(128) NOT NULL COMMENT '参与分红的部门的字段名称',
  `field_en_name` varchar(255) NOT NULL COMMENT '字段英文名称',
  `is_special` tinyint(1) unsigned NOT NULL DEFAULT '0' COMMENT '是否特殊 0否 1通用',
  `add_time` datetime NOT NULL DEFAULT '0000-00-00 00:00:00' COMMENT '添加时间',
  `update_time` datetime NOT NULL DEFAULT '0000-00-00 00:00:00',
  `status` tinyint(3) unsigned NOT NULL DEFAULT '1' COMMENT '是否有效1 有效  2无效 ',
  PRIMARY KEY (`id`),
  KEY `category_id` (`category_id`) USING BTREE
) ENGINE=InnoDB AUTO_INCREMENT=23 DEFAULT CHARSET=utf8;

-- ----------------------------
-- Records of zb_category_fees_field
-- ----------------------------
INSERT INTO `zb_category_fees_field` VALUES ('1', '0', '公司', 'company', '1', '2016-01-17 22:57:38', '0000-00-00 00:00:00', '1');
INSERT INTO `zb_category_fees_field` VALUES ('2', '0', '财富管理中心', 'seals', '1', '2016-01-17 22:58:09', '0000-00-00 00:00:00', '1');
INSERT INTO `zb_category_fees_field` VALUES ('3', '0', '产品部', 'product', '1', '2016-01-17 22:58:31', '0000-00-00 00:00:00', '1');
INSERT INTO `zb_category_fees_field` VALUES ('21', '12', '保险费', '', '0', '2016-02-01 14:52:51', '0000-00-00 00:00:00', '2');
INSERT INTO `zb_category_fees_field` VALUES ('22', '12', '日常损耗', '', '0', '2016-02-01 14:32:37', '0000-00-00 00:00:00', '2');

-- ----------------------------
-- Table structure for zb_category_fees_field_value
-- ----------------------------
DROP TABLE IF EXISTS `zb_category_fees_field_value`;
CREATE TABLE `zb_category_fees_field_value` (
  `id` int(10) unsigned NOT NULL AUTO_INCREMENT COMMENT '主键自增id',
  `product_id` int(11) unsigned NOT NULL COMMENT '产品编号',
  `field_id` int(10) unsigned NOT NULL COMMENT '费率字段id',
  `field_name` varchar(255) NOT NULL COMMENT '参数字段名 来自(zb_category_fees_field的field_name)',
  `field_value` varchar(10) NOT NULL DEFAULT '' COMMENT '费率值',
  `add_time` datetime NOT NULL DEFAULT '0000-00-00 00:00:00' COMMENT '添加时间',
  `update_time` datetime NOT NULL DEFAULT '0000-00-00 00:00:00' COMMENT '更新时间',
  `status` tinyint(1) unsigned NOT NULL DEFAULT '1' COMMENT '记录状态：1-有效，2-无效,3-待定',
  PRIMARY KEY (`id`)
) ENGINE=InnoDB AUTO_INCREMENT=47 DEFAULT CHARSET=utf8 COMMENT='产品费率表';

-- ----------------------------
-- Records of zb_category_fees_field_value
-- ----------------------------
INSERT INTO `zb_category_fees_field_value` VALUES ('1', '2', '1', '公司', '30%', '2016-02-01 10:07:12', '2016-02-01 10:35:58', '1');
INSERT INTO `zb_category_fees_field_value` VALUES ('2', '2', '2', '财富管理中心', '30%', '2016-02-01 10:07:12', '2016-02-01 10:35:58', '1');
INSERT INTO `zb_category_fees_field_value` VALUES ('3', '2', '3', '产品部', '40%', '2016-02-01 10:07:12', '2016-02-01 10:35:58', '1');
INSERT INTO `zb_category_fees_field_value` VALUES ('4', '3', '1', '公司', '60%', '2016-02-01 11:06:03', '2016-02-01 11:07:23', '1');
INSERT INTO `zb_category_fees_field_value` VALUES ('5', '3', '2', '财富管理中心', '20%', '2016-02-01 11:06:03', '2016-02-01 11:07:23', '1');
INSERT INTO `zb_category_fees_field_value` VALUES ('6', '3', '3', '产品部', '20%', '2016-02-01 11:06:03', '2016-02-01 11:07:23', '1');
INSERT INTO `zb_category_fees_field_value` VALUES ('7', '4', '1', '公司', '', '2016-02-01 11:33:10', '0000-00-00 00:00:00', '1');
INSERT INTO `zb_category_fees_field_value` VALUES ('8', '4', '2', '财富管理中心', '', '2016-02-01 11:33:10', '0000-00-00 00:00:00', '1');
INSERT INTO `zb_category_fees_field_value` VALUES ('9', '4', '3', '产品部', '', '2016-02-01 11:33:10', '0000-00-00 00:00:00', '1');
INSERT INTO `zb_category_fees_field_value` VALUES ('10', '13', '21', '保险费', '80%', '2016-02-01 14:43:51', '2016-02-19 14:18:46', '1');
INSERT INTO `zb_category_fees_field_value` VALUES ('11', '13', '22', '日常损耗', '20%', '2016-02-01 14:43:51', '2016-02-19 14:18:46', '1');
INSERT INTO `zb_category_fees_field_value` VALUES ('12', '15', '1', '公司', '32%', '2016-02-03 11:28:43', '2016-02-03 11:47:48', '1');
INSERT INTO `zb_category_fees_field_value` VALUES ('13', '15', '2', '财富管理中心', '34%', '2016-02-03 11:28:43', '2016-02-03 11:47:48', '1');
INSERT INTO `zb_category_fees_field_value` VALUES ('14', '15', '3', '产品部', '34%', '2016-02-03 11:28:43', '2016-02-03 11:47:48', '1');
INSERT INTO `zb_category_fees_field_value` VALUES ('15', '14', '1', '公司', '60%', '2016-02-03 13:20:12', '2016-02-03 13:49:11', '1');
INSERT INTO `zb_category_fees_field_value` VALUES ('16', '14', '2', '财富管理中心', '20%', '2016-02-03 13:20:12', '2016-02-03 13:49:11', '1');
INSERT INTO `zb_category_fees_field_value` VALUES ('17', '14', '3', '产品部', '20%', '2016-02-03 13:20:12', '2016-02-03 13:49:11', '1');
INSERT INTO `zb_category_fees_field_value` VALUES ('18', '17', '1', '公司', '25%', '2016-02-03 14:39:47', '2016-02-03 14:44:51', '1');
INSERT INTO `zb_category_fees_field_value` VALUES ('19', '17', '2', '财富管理中心', '25%', '2016-02-03 14:39:47', '2016-02-03 14:44:51', '1');
INSERT INTO `zb_category_fees_field_value` VALUES ('20', '17', '3', '产品部', '50%', '2016-02-03 14:39:47', '2016-02-03 14:44:51', '1');
INSERT INTO `zb_category_fees_field_value` VALUES ('21', '11', '21', '保险费', '20%', '2016-02-19 11:29:19', '0000-00-00 00:00:00', '1');
INSERT INTO `zb_category_fees_field_value` VALUES ('22', '11', '22', '日常损耗', '30%', '2016-02-19 11:29:19', '0000-00-00 00:00:00', '1');
INSERT INTO `zb_category_fees_field_value` VALUES ('23', '58', '1', '公司', '20%', '2016-03-28 15:42:07', '2016-03-28 15:59:52', '1');
INSERT INTO `zb_category_fees_field_value` VALUES ('24', '58', '2', '财富管理中心', '20%', '2016-03-28 15:42:07', '2016-03-28 15:59:52', '1');
INSERT INTO `zb_category_fees_field_value` VALUES ('25', '58', '3', '产品部', '60%', '2016-03-28 15:42:07', '2016-03-28 15:59:52', '1');
INSERT INTO `zb_category_fees_field_value` VALUES ('26', '61', '1', '公司', '30%', '2016-03-29 14:26:18', '2016-03-29 14:30:51', '1');
INSERT INTO `zb_category_fees_field_value` VALUES ('27', '61', '2', '财富管理中心', '40%', '2016-03-29 14:26:18', '2016-03-29 14:30:51', '1');
INSERT INTO `zb_category_fees_field_value` VALUES ('28', '61', '3', '产品部', '30%', '2016-03-29 14:26:18', '2016-03-29 14:30:51', '1');
INSERT INTO `zb_category_fees_field_value` VALUES ('29', '62', '1', '公司', '20%', '2016-03-29 15:27:58', '2016-03-30 10:58:17', '1');
INSERT INTO `zb_category_fees_field_value` VALUES ('30', '62', '2', '财富管理中心', '30%', '2016-03-29 15:27:58', '2016-03-30 10:58:17', '1');
INSERT INTO `zb_category_fees_field_value` VALUES ('31', '62', '3', '产品部', '50%', '2016-03-29 15:27:58', '2016-03-30 10:58:17', '1');
INSERT INTO `zb_category_fees_field_value` VALUES ('32', '67', '1', '公司', '30%', '2016-03-30 17:17:36', '2016-03-30 18:00:59', '1');
INSERT INTO `zb_category_fees_field_value` VALUES ('33', '67', '2', '财富管理中心', '30%', '2016-03-30 17:17:36', '2016-03-30 18:00:59', '1');
INSERT INTO `zb_category_fees_field_value` VALUES ('34', '67', '3', '产品部', '40%', '2016-03-30 17:17:36', '2016-03-30 18:00:59', '1');
INSERT INTO `zb_category_fees_field_value` VALUES ('35', '69', '1', '公司', '', '2016-03-31 14:15:18', '0000-00-00 00:00:00', '1');
INSERT INTO `zb_category_fees_field_value` VALUES ('36', '69', '2', '财富管理中心', '', '2016-03-31 14:15:18', '0000-00-00 00:00:00', '1');
INSERT INTO `zb_category_fees_field_value` VALUES ('37', '69', '3', '产品部', '', '2016-03-31 14:15:18', '0000-00-00 00:00:00', '1');
INSERT INTO `zb_category_fees_field_value` VALUES ('38', '71', '1', '公司', '', '2016-03-31 14:37:39', '0000-00-00 00:00:00', '1');
INSERT INTO `zb_category_fees_field_value` VALUES ('39', '71', '2', '财富管理中心', '', '2016-03-31 14:37:39', '0000-00-00 00:00:00', '1');
INSERT INTO `zb_category_fees_field_value` VALUES ('40', '71', '3', '产品部', '', '2016-03-31 14:37:39', '0000-00-00 00:00:00', '1');
INSERT INTO `zb_category_fees_field_value` VALUES ('41', '70', '1', '公司', '20%', '2016-03-31 14:53:38', '2016-03-31 15:50:19', '1');
INSERT INTO `zb_category_fees_field_value` VALUES ('42', '70', '2', '财富管理中心', '30%', '2016-03-31 14:53:38', '2016-03-31 15:50:19', '1');
INSERT INTO `zb_category_fees_field_value` VALUES ('43', '70', '3', '产品部', '50%', '2016-03-31 14:53:38', '2016-03-31 15:50:19', '1');
INSERT INTO `zb_category_fees_field_value` VALUES ('44', '72', '1', '公司', '40%', '2016-03-31 15:37:01', '2016-03-31 15:38:23', '1');
INSERT INTO `zb_category_fees_field_value` VALUES ('45', '72', '2', '财富管理中心', '50%', '2016-03-31 15:37:01', '2016-03-31 15:38:23', '1');
INSERT INTO `zb_category_fees_field_value` VALUES ('46', '72', '3', '产品部', '10%', '2016-03-31 15:37:01', '2016-03-31 15:38:23', '1');

-- ----------------------------
-- Table structure for zb_category_group
-- ----------------------------
DROP TABLE IF EXISTS `zb_category_group`;
CREATE TABLE `zb_category_group` (
  `id` int(10) unsigned NOT NULL AUTO_INCREMENT,
  `category_id` int(10) unsigned NOT NULL DEFAULT '0' COMMENT '产品类型',
  `group_name` varchar(64) NOT NULL COMMENT '组名称',
  `group_en_name` varchar(255) NOT NULL DEFAULT '' COMMENT '组英文名称',
  `is_special` tinyint(1) unsigned NOT NULL DEFAULT '0' COMMENT '0 不是特殊 1 特殊方案1 2 特殊方案2 以此类推',
  `add_time` datetime NOT NULL DEFAULT '0000-00-00 00:00:00' COMMENT '添加时间',
  `status` tinyint(1) unsigned NOT NULL DEFAULT '1' COMMENT '1:有效 2:无效',
  PRIMARY KEY (`id`)
) ENGINE=InnoDB AUTO_INCREMENT=51 DEFAULT CHARSET=utf8 COMMENT='评分时，参数分组，组表';

-- ----------------------------
-- Records of zb_category_group
-- ----------------------------
INSERT INTO `zb_category_group` VALUES ('2', '0', '产品结构', '', '1', '2016-01-14 17:05:02', '1');
INSERT INTO `zb_category_group` VALUES ('3', '0', '交易对手', '', '1', '2016-01-14 17:05:06', '1');
INSERT INTO `zb_category_group` VALUES ('4', '0', '融资项目', '', '1', '2016-01-14 17:05:09', '1');
INSERT INTO `zb_category_group` VALUES ('5', '0', '还款来源', '', '1', '2016-01-14 17:05:13', '1');
INSERT INTO `zb_category_group` VALUES ('6', '0', '基金评价', '', '2', '2016-01-14 20:31:59', '1');
INSERT INTO `zb_category_group` VALUES ('7', '0', '管理人评价', '', '2', '2016-01-14 20:32:03', '1');
INSERT INTO `zb_category_group` VALUES ('8', '0', '基金经理评价', '', '2', '2016-01-14 20:32:07', '1');
INSERT INTO `zb_category_group` VALUES ('9', '0', '风险度量评价', '', '2', '2016-01-14 20:32:11', '1');
INSERT INTO `zb_category_group` VALUES ('46', '12', '8888', '', '0', '2016-02-01 13:34:10', '2');
INSERT INTO `zb_category_group` VALUES ('47', '12', '用户评价得分', '', '0', '2016-02-01 13:35:37', '2');
INSERT INTO `zb_category_group` VALUES ('48', '12', '用户评价', '', '0', '2016-02-01 13:56:59', '2');
INSERT INTO `zb_category_group` VALUES ('49', '12', '网络用户评分', '', '0', '2016-02-01 14:01:44', '1');
INSERT INTO `zb_category_group` VALUES ('50', '12', '电视用户评分', '', '0', '2016-02-01 14:05:51', '1');

-- ----------------------------
-- Table structure for zb_category_group_field
-- ----------------------------
DROP TABLE IF EXISTS `zb_category_group_field`;
CREATE TABLE `zb_category_group_field` (
  `id` int(10) unsigned NOT NULL AUTO_INCREMENT COMMENT '自增id',
  `group_id` int(10) unsigned NOT NULL COMMENT '所在组id',
  `field_name` varchar(64) NOT NULL DEFAULT '' COMMENT '信息项名称',
  `field_en_name` varchar(255) NOT NULL COMMENT '字段英文名称',
  `field_type` tinyint(1) unsigned NOT NULL DEFAULT '1' COMMENT '信息项取值方式：1:输入框 2下拉菜单 3单选 4多选 5富文本',
  `field_option` varchar(3000) NOT NULL DEFAULT '' COMMENT '信息项的值类型',
  `add_time` datetime NOT NULL DEFAULT '0000-00-00 00:00:00' COMMENT '添加',
  `update_time` datetime NOT NULL DEFAULT '0000-00-00 00:00:00' COMMENT '更新时间',
  `status` tinyint(3) NOT NULL DEFAULT '1' COMMENT '1有效 2无效',
  PRIMARY KEY (`id`)
) ENGINE=InnoDB AUTO_INCREMENT=92 DEFAULT CHARSET=utf8;

-- ----------------------------
-- Records of zb_category_group_field
-- ----------------------------
INSERT INTO `zb_category_group_field` VALUES ('7', '2', '收益率', 'shouyilv', '1', '', '0000-00-00 00:00:00', '0000-00-00 00:00:00', '1');
INSERT INTO `zb_category_group_field` VALUES ('8', '2', '担保', 'danbao', '1', '', '0000-00-00 00:00:00', '0000-00-00 00:00:00', '1');
INSERT INTO `zb_category_group_field` VALUES ('9', '2', '抵押比例', 'diyabili', '1', '', '0000-00-00 00:00:00', '0000-00-00 00:00:00', '1');
INSERT INTO `zb_category_group_field` VALUES ('10', '2', '连带责任', 'liandai', '1', '', '0000-00-00 00:00:00', '0000-00-00 00:00:00', '1');
INSERT INTO `zb_category_group_field` VALUES ('11', '2', '产品规模', 'chanpinguimo', '1', '', '0000-00-00 00:00:00', '0000-00-00 00:00:00', '1');
INSERT INTO `zb_category_group_field` VALUES ('12', '2', '产品期限', 'chanpqixian', '1', '', '0000-00-00 00:00:00', '0000-00-00 00:00:00', '1');
INSERT INTO `zb_category_group_field` VALUES ('13', '3', '总资产', 'zongzic', '1', '', '0000-00-00 00:00:00', '0000-00-00 00:00:00', '1');
INSERT INTO `zb_category_group_field` VALUES ('14', '3', '业内排名', 'paiming', '1', '', '0000-00-00 00:00:00', '0000-00-00 00:00:00', '1');
INSERT INTO `zb_category_group_field` VALUES ('15', '3', '资产负债率', 'zicanfuzhi', '1', '', '0000-00-00 00:00:00', '0000-00-00 00:00:00', '1');
INSERT INTO `zb_category_group_field` VALUES ('16', '3', '流动比率', 'liudong', '1', '', '0000-00-00 00:00:00', '0000-00-00 00:00:00', '1');
INSERT INTO `zb_category_group_field` VALUES ('17', '3', '现金流情况', 'xianjinliu', '1', '', '0000-00-00 00:00:00', '0000-00-00 00:00:00', '1');
INSERT INTO `zb_category_group_field` VALUES ('18', '3', '速动比率', 'sudong', '1', '', '0000-00-00 00:00:00', '0000-00-00 00:00:00', '1');
INSERT INTO `zb_category_group_field` VALUES ('19', '3', '近期项目销售情况', 'xiangmuqingkuang', '1', '', '0000-00-00 00:00:00', '0000-00-00 00:00:00', '1');
INSERT INTO `zb_category_group_field` VALUES ('20', '3', '是否有不良记录和报道', 'buliangbaod', '1', '', '0000-00-00 00:00:00', '0000-00-00 00:00:00', '1');
INSERT INTO `zb_category_group_field` VALUES ('21', '4', '项目位置', 'xiangmuweizhi', '1', '', '0000-00-00 00:00:00', '0000-00-00 00:00:00', '1');
INSERT INTO `zb_category_group_field` VALUES ('22', '4', '项目公司监管', 'jianguan', '1', '', '0000-00-00 00:00:00', '0000-00-00 00:00:00', '1');
INSERT INTO `zb_category_group_field` VALUES ('23', '4', '财政支持', 'zhichi', '1', '', '0000-00-00 00:00:00', '0000-00-00 00:00:00', '1');
INSERT INTO `zb_category_group_field` VALUES ('24', '4', '周边项目优势', 'zhoubianyoushi', '1', '', '0000-00-00 00:00:00', '0000-00-00 00:00:00', '1');
INSERT INTO `zb_category_group_field` VALUES ('25', '4', '政策风险', 'zhengce', '1', '', '0000-00-00 00:00:00', '0000-00-00 00:00:00', '1');
INSERT INTO `zb_category_group_field` VALUES ('26', '5', '销售进度', 'xiaoshoujindu', '1', '', '0000-00-00 00:00:00', '0000-00-00 00:00:00', '1');
INSERT INTO `zb_category_group_field` VALUES ('27', '5', '还款项目规模/借款金额', 'jiekuanjine', '1', '', '0000-00-00 00:00:00', '0000-00-00 00:00:00', '1');
INSERT INTO `zb_category_group_field` VALUES ('28', '6', '平均收益率(周)', 'shouyilv', '1', '', '2016-01-14 20:46:41', '0000-00-00 00:00:00', '1');
INSERT INTO `zb_category_group_field` VALUES ('29', '6', '收益率排名', 'shouyilvpaiming', '1', '', '2016-01-14 20:46:41', '0000-00-00 00:00:00', '1');
INSERT INTO `zb_category_group_field` VALUES ('30', '6', '夏普比率', 'xiapubilv', '1', '', '2016-01-14 20:46:41', '0000-00-00 00:00:00', '1');
INSERT INTO `zb_category_group_field` VALUES ('31', '6', '索丁诺比率', 'suodingnuobilv', '1', '', '2016-01-14 20:46:41', '0000-00-00 00:00:00', '1');
INSERT INTO `zb_category_group_field` VALUES ('32', '7', '管理人', 'guanliren', '1', '', '2016-01-14 20:46:41', '0000-00-00 00:00:00', '1');
INSERT INTO `zb_category_group_field` VALUES ('33', '7', '旗下产品数量', 'qixiachanpinshu', '1', '', '2016-01-14 20:46:41', '0000-00-00 00:00:00', '1');
INSERT INTO `zb_category_group_field` VALUES ('34', '7', '管理资产规模', 'guanlizichan', '1', '', '2016-01-14 20:46:41', '0000-00-00 00:00:00', '1');
INSERT INTO `zb_category_group_field` VALUES ('35', '7', '投研团队规模', 'touyantuandui', '1', '', '2016-01-14 20:46:41', '0000-00-00 00:00:00', '1');
INSERT INTO `zb_category_group_field` VALUES ('36', '7', '曾管理产品绝对评价收益率', 'jueduishouyilv', '1', '', '2016-01-14 20:46:41', '0000-00-00 00:00:00', '1');
INSERT INTO `zb_category_group_field` VALUES ('37', '7', '曾管理产品相对评价收益率', 'xiangduishouyilv', '1', '', '2016-01-14 20:46:41', '0000-00-00 00:00:00', '1');
INSERT INTO `zb_category_group_field` VALUES ('38', '7', '经营合规性', 'heguixing', '1', '', '2016-01-14 20:46:41', '0000-00-00 00:00:00', '1');
INSERT INTO `zb_category_group_field` VALUES ('39', '7', '团队稳定性', 'wengdingxing', '1', '', '2016-01-14 20:46:41', '0000-00-00 00:00:00', '1');
INSERT INTO `zb_category_group_field` VALUES ('40', '7', '决策机制', 'juecejizhing', '1', '', '2016-01-14 20:46:41', '0000-00-00 00:00:00', '1');
INSERT INTO `zb_category_group_field` VALUES ('41', '8', '基金经理', 'jijinjingli', '1', '', '2016-01-14 20:46:41', '0000-00-00 00:00:00', '1');
INSERT INTO `zb_category_group_field` VALUES ('42', '8', '开始管理本基金时间', 'guanlishijian', '1', '', '2016-01-14 20:46:41', '0000-00-00 00:00:00', '1');
INSERT INTO `zb_category_group_field` VALUES ('43', '8', '基金资历', 'jijinzilin', '1', '', '2016-01-14 20:46:41', '0000-00-00 00:00:00', '1');
INSERT INTO `zb_category_group_field` VALUES ('44', '8', '从业年限', 'congyenianxian', '1', '', '2016-01-14 20:46:41', '0000-00-00 00:00:00', '1');
INSERT INTO `zb_category_group_field` VALUES ('45', '8', '近一年投资业绩', 'yiniantouzi', '1', '', '2016-01-14 20:46:41', '0000-00-00 00:00:00', '1');
INSERT INTO `zb_category_group_field` VALUES ('46', '8', '主要过往业绩', '', '1', '', '2016-01-14 20:46:41', '0000-00-00 00:00:00', '1');
INSERT INTO `zb_category_group_field` VALUES ('47', '9', 'β系数', '', '1', '', '2016-01-14 20:46:41', '0000-00-00 00:00:00', '1');
INSERT INTO `zb_category_group_field` VALUES ('48', '9', '区间最大亏损', '', '1', '', '2016-01-14 20:46:41', '0000-00-00 00:00:00', '1');
INSERT INTO `zb_category_group_field` VALUES ('49', '9', '收益率标准差', '', '1', '', '2016-01-14 20:46:41', '0000-00-00 00:00:00', '1');
INSERT INTO `zb_category_group_field` VALUES ('50', '9', '是否曾被监管', '', '1', '', '2016-01-14 20:46:41', '0000-00-00 00:00:00', '1');
INSERT INTO `zb_category_group_field` VALUES ('51', '9', '产品是否曾清盘', '', '1', '', '2016-01-14 20:46:41', '0000-00-00 00:00:00', '1');
INSERT INTO `zb_category_group_field` VALUES ('87', '48', '电视用户得分', '', '1', '', '2016-02-01 13:57:33', '0000-00-00 00:00:00', '2');
INSERT INTO `zb_category_group_field` VALUES ('88', '49', '手机端用户', '', '1', '', '2016-02-01 14:02:19', '2016-02-01 14:06:54', '1');
INSERT INTO `zb_category_group_field` VALUES ('89', '49', '电脑端用户', '', '1', '', '2016-02-01 14:02:39', '2016-02-01 14:06:56', '1');
INSERT INTO `zb_category_group_field` VALUES ('90', '50', '卫视频道评分', '', '1', '', '2016-02-01 14:06:10', '2016-02-01 14:07:01', '1');
INSERT INTO `zb_category_group_field` VALUES ('91', '50', '地方台频道评分', '', '1', '', '2016-02-01 14:06:24', '2016-02-01 14:07:04', '1');

-- ----------------------------
-- Table structure for zb_category_group_field_value
-- ----------------------------
DROP TABLE IF EXISTS `zb_category_group_field_value`;
CREATE TABLE `zb_category_group_field_value` (
  `id` int(11) unsigned NOT NULL AUTO_INCREMENT COMMENT '自增id',
  `product_id` int(10) unsigned NOT NULL DEFAULT '0' COMMENT '产品id',
  `field_id` int(11) unsigned NOT NULL DEFAULT '0' COMMENT '信息项id，默认0，代表不确定',
  `field_name` varchar(255) NOT NULL COMMENT '参数字段名 来自zb_category_group_field',
  `field_value` varchar(1024) NOT NULL DEFAULT '' COMMENT '信息值',
  `add_time` datetime NOT NULL DEFAULT '0000-00-00 00:00:00' COMMENT '添加时间',
  `status` tinyint(1) unsigned NOT NULL DEFAULT '1' COMMENT '1有效 2无效',
  PRIMARY KEY (`id`)
) ENGINE=InnoDB AUTO_INCREMENT=1510 DEFAULT CHARSET=utf8;

-- ----------------------------
-- Records of zb_category_group_field_value
-- ----------------------------
INSERT INTO `zb_category_group_field_value` VALUES ('1', '1', '28', '平均收益率(周)', '3434', '2016-02-01 10:38:31', '1');
INSERT INTO `zb_category_group_field_value` VALUES ('2', '1', '29', '收益率排名', '343', '2016-02-01 10:38:31', '1');
INSERT INTO `zb_category_group_field_value` VALUES ('3', '1', '30', '夏普比率', '343', '2016-02-01 10:38:31', '1');
INSERT INTO `zb_category_group_field_value` VALUES ('4', '1', '31', '索丁诺比率', '3434', '2016-02-01 10:38:31', '1');
INSERT INTO `zb_category_group_field_value` VALUES ('5', '1', '32', '管理人', '34', '2016-02-01 10:38:31', '1');
INSERT INTO `zb_category_group_field_value` VALUES ('6', '1', '33', '旗下产品数量', '34', '2016-02-01 10:38:31', '1');
INSERT INTO `zb_category_group_field_value` VALUES ('7', '1', '34', '管理资产规模', '34', '2016-02-01 10:38:31', '1');
INSERT INTO `zb_category_group_field_value` VALUES ('8', '1', '35', '投研团队规模', '34', '2016-02-01 10:38:31', '1');
INSERT INTO `zb_category_group_field_value` VALUES ('9', '1', '36', '曾管理产品绝对评价收益率', '34', '2016-02-01 10:38:31', '1');
INSERT INTO `zb_category_group_field_value` VALUES ('10', '1', '37', '曾管理产品相对评价收益率', '34', '2016-02-01 10:38:31', '1');
INSERT INTO `zb_category_group_field_value` VALUES ('11', '1', '38', '经营合规性', '34', '2016-02-01 10:38:31', '1');
INSERT INTO `zb_category_group_field_value` VALUES ('12', '1', '39', '团队稳定性', '34', '2016-02-01 10:38:31', '1');
INSERT INTO `zb_category_group_field_value` VALUES ('13', '1', '40', '决策机制', '34', '2016-02-01 10:38:31', '1');
INSERT INTO `zb_category_group_field_value` VALUES ('14', '1', '41', '基金经理', '34', '2016-02-01 10:38:31', '1');
INSERT INTO `zb_category_group_field_value` VALUES ('15', '1', '42', '开始管理本基金时间', '34', '2016-02-01 10:38:31', '1');
INSERT INTO `zb_category_group_field_value` VALUES ('16', '1', '43', '基金资历', '34', '2016-02-01 10:38:31', '1');
INSERT INTO `zb_category_group_field_value` VALUES ('17', '1', '44', '从业年限', '34', '2016-02-01 10:38:31', '1');
INSERT INTO `zb_category_group_field_value` VALUES ('18', '1', '45', '近一年投资业绩', '34', '2016-02-01 10:38:31', '1');
INSERT INTO `zb_category_group_field_value` VALUES ('19', '1', '46', '主要过往业绩', '34', '2016-02-01 10:38:31', '1');
INSERT INTO `zb_category_group_field_value` VALUES ('20', '1', '47', 'β系数', '34', '2016-02-01 10:38:31', '1');
INSERT INTO `zb_category_group_field_value` VALUES ('21', '1', '48', '区间最大亏损', '34', '2016-02-01 10:38:31', '1');
INSERT INTO `zb_category_group_field_value` VALUES ('22', '1', '49', '收益率标准差', '34', '2016-02-01 10:38:31', '1');
INSERT INTO `zb_category_group_field_value` VALUES ('23', '1', '50', '是否曾被监管', '343434', '2016-02-01 10:38:31', '1');
INSERT INTO `zb_category_group_field_value` VALUES ('24', '1', '51', '产品是否曾清盘', '34', '2016-02-01 10:38:31', '1');
INSERT INTO `zb_category_group_field_value` VALUES ('25', '2', '28', '平均收益率(周)', '8', '2016-02-01 09:47:58', '1');
INSERT INTO `zb_category_group_field_value` VALUES ('26', '2', '29', '收益率排名', '8', '2016-02-01 09:47:58', '1');
INSERT INTO `zb_category_group_field_value` VALUES ('27', '2', '30', '夏普比率', '8', '2016-02-01 09:47:58', '1');
INSERT INTO `zb_category_group_field_value` VALUES ('28', '2', '31', '索丁诺比率', '8', '2016-02-01 09:47:58', '1');
INSERT INTO `zb_category_group_field_value` VALUES ('29', '2', '32', '管理人', '8', '2016-02-01 09:47:58', '1');
INSERT INTO `zb_category_group_field_value` VALUES ('30', '2', '33', '旗下产品数量', '8', '2016-02-01 09:47:58', '1');
INSERT INTO `zb_category_group_field_value` VALUES ('31', '2', '34', '管理资产规模', '8', '2016-02-01 09:47:58', '1');
INSERT INTO `zb_category_group_field_value` VALUES ('32', '2', '35', '投研团队规模', '8', '2016-02-01 09:47:58', '1');
INSERT INTO `zb_category_group_field_value` VALUES ('33', '2', '36', '曾管理产品绝对评价收益率', '8', '2016-02-01 09:47:58', '1');
INSERT INTO `zb_category_group_field_value` VALUES ('34', '2', '37', '曾管理产品相对评价收益率', '8', '2016-02-01 09:47:58', '1');
INSERT INTO `zb_category_group_field_value` VALUES ('35', '2', '38', '经营合规性', '8', '2016-02-01 09:47:58', '1');
INSERT INTO `zb_category_group_field_value` VALUES ('36', '2', '39', '团队稳定性', '8', '2016-02-01 09:47:58', '1');
INSERT INTO `zb_category_group_field_value` VALUES ('37', '2', '40', '决策机制', '8', '2016-02-01 09:47:58', '1');
INSERT INTO `zb_category_group_field_value` VALUES ('38', '2', '41', '基金经理', '8', '2016-02-01 09:47:58', '1');
INSERT INTO `zb_category_group_field_value` VALUES ('39', '2', '42', '开始管理本基金时间', '8', '2016-02-01 09:47:58', '1');
INSERT INTO `zb_category_group_field_value` VALUES ('40', '2', '43', '基金资历', '8', '2016-02-01 09:47:58', '1');
INSERT INTO `zb_category_group_field_value` VALUES ('41', '2', '44', '从业年限', '8', '2016-02-01 09:47:58', '1');
INSERT INTO `zb_category_group_field_value` VALUES ('42', '2', '45', '近一年投资业绩', '8', '2016-02-01 09:47:58', '1');
INSERT INTO `zb_category_group_field_value` VALUES ('43', '2', '46', '主要过往业绩', '8', '2016-02-01 09:47:58', '1');
INSERT INTO `zb_category_group_field_value` VALUES ('44', '2', '47', 'β系数', '8', '2016-02-01 09:47:58', '1');
INSERT INTO `zb_category_group_field_value` VALUES ('45', '2', '48', '区间最大亏损', '8', '2016-02-01 09:47:58', '1');
INSERT INTO `zb_category_group_field_value` VALUES ('46', '2', '49', '收益率标准差', '8', '2016-02-01 09:47:58', '1');
INSERT INTO `zb_category_group_field_value` VALUES ('47', '2', '50', '是否曾被监管', '8', '2016-02-01 09:47:58', '1');
INSERT INTO `zb_category_group_field_value` VALUES ('48', '2', '51', '产品是否曾清盘', '8', '2016-02-01 09:47:58', '1');
INSERT INTO `zb_category_group_field_value` VALUES ('49', '3', '7', '收益率', '9', '2016-02-01 10:42:46', '1');
INSERT INTO `zb_category_group_field_value` VALUES ('50', '3', '8', '担保', '9', '2016-02-01 10:42:46', '1');
INSERT INTO `zb_category_group_field_value` VALUES ('51', '3', '9', '抵押比例', '9', '2016-02-01 10:42:46', '1');
INSERT INTO `zb_category_group_field_value` VALUES ('52', '3', '10', '连带责任', '9', '2016-02-01 10:42:46', '1');
INSERT INTO `zb_category_group_field_value` VALUES ('53', '3', '11', '产品规模', '9', '2016-02-01 10:42:46', '1');
INSERT INTO `zb_category_group_field_value` VALUES ('54', '3', '12', '产品期限', '9', '2016-02-01 10:42:46', '1');
INSERT INTO `zb_category_group_field_value` VALUES ('55', '3', '13', '总资产', '9', '2016-02-01 10:42:46', '1');
INSERT INTO `zb_category_group_field_value` VALUES ('56', '3', '14', '业内排名', '9', '2016-02-01 10:42:46', '1');
INSERT INTO `zb_category_group_field_value` VALUES ('57', '3', '15', '资产负债率', '9', '2016-02-01 10:42:46', '1');
INSERT INTO `zb_category_group_field_value` VALUES ('58', '3', '16', '流动比率', '9', '2016-02-01 10:42:46', '1');
INSERT INTO `zb_category_group_field_value` VALUES ('59', '3', '17', '现金流情况', '9', '2016-02-01 10:42:46', '1');
INSERT INTO `zb_category_group_field_value` VALUES ('60', '3', '18', '速动比率', '9', '2016-02-01 10:42:46', '1');
INSERT INTO `zb_category_group_field_value` VALUES ('61', '3', '19', '近期项目销售情况', '9', '2016-02-01 10:42:46', '1');
INSERT INTO `zb_category_group_field_value` VALUES ('62', '3', '20', '是否有不良记录和报道', '9', '2016-02-01 10:42:46', '1');
INSERT INTO `zb_category_group_field_value` VALUES ('63', '3', '21', '项目位置', '9', '2016-02-01 10:42:46', '1');
INSERT INTO `zb_category_group_field_value` VALUES ('64', '3', '22', '项目公司监管', '9', '2016-02-01 10:42:46', '1');
INSERT INTO `zb_category_group_field_value` VALUES ('65', '3', '23', '财政支持', '9', '2016-02-01 10:42:46', '1');
INSERT INTO `zb_category_group_field_value` VALUES ('66', '3', '24', '周边项目优势', '9', '2016-02-01 10:42:46', '1');
INSERT INTO `zb_category_group_field_value` VALUES ('67', '3', '25', '政策风险', '9', '2016-02-01 10:42:46', '1');
INSERT INTO `zb_category_group_field_value` VALUES ('68', '3', '26', '销售进度', '9', '2016-02-01 10:42:46', '1');
INSERT INTO `zb_category_group_field_value` VALUES ('69', '3', '27', '还款项目规模/借款金额', '9', '2016-02-01 10:42:46', '1');
INSERT INTO `zb_category_group_field_value` VALUES ('70', '4', '28', '平均收益率(周)', '6', '2016-02-01 11:13:45', '1');
INSERT INTO `zb_category_group_field_value` VALUES ('71', '4', '29', '收益率排名', '6', '2016-02-01 11:13:45', '1');
INSERT INTO `zb_category_group_field_value` VALUES ('72', '4', '30', '夏普比率', '6', '2016-02-01 11:13:45', '1');
INSERT INTO `zb_category_group_field_value` VALUES ('73', '4', '31', '索丁诺比率', '6', '2016-02-01 11:13:45', '1');
INSERT INTO `zb_category_group_field_value` VALUES ('74', '4', '32', '管理人', '6', '2016-02-01 11:13:45', '1');
INSERT INTO `zb_category_group_field_value` VALUES ('75', '4', '33', '旗下产品数量', '6', '2016-02-01 11:13:45', '1');
INSERT INTO `zb_category_group_field_value` VALUES ('76', '4', '34', '管理资产规模', '6', '2016-02-01 11:13:45', '1');
INSERT INTO `zb_category_group_field_value` VALUES ('77', '4', '35', '投研团队规模', '6', '2016-02-01 11:13:45', '1');
INSERT INTO `zb_category_group_field_value` VALUES ('78', '4', '36', '曾管理产品绝对评价收益率', '6', '2016-02-01 11:13:45', '1');
INSERT INTO `zb_category_group_field_value` VALUES ('79', '4', '37', '曾管理产品相对评价收益率', '6', '2016-02-01 11:13:45', '1');
INSERT INTO `zb_category_group_field_value` VALUES ('80', '4', '38', '经营合规性', '6', '2016-02-01 11:13:45', '1');
INSERT INTO `zb_category_group_field_value` VALUES ('81', '4', '39', '团队稳定性', '6', '2016-02-01 11:13:45', '1');
INSERT INTO `zb_category_group_field_value` VALUES ('82', '4', '40', '决策机制', '6', '2016-02-01 11:13:45', '1');
INSERT INTO `zb_category_group_field_value` VALUES ('83', '4', '41', '基金经理', '6', '2016-02-01 11:13:45', '1');
INSERT INTO `zb_category_group_field_value` VALUES ('84', '4', '42', '开始管理本基金时间', '6', '2016-02-01 11:13:45', '1');
INSERT INTO `zb_category_group_field_value` VALUES ('85', '4', '43', '基金资历', '6', '2016-02-01 11:13:45', '1');
INSERT INTO `zb_category_group_field_value` VALUES ('86', '4', '44', '从业年限', '6', '2016-02-01 11:13:45', '1');
INSERT INTO `zb_category_group_field_value` VALUES ('87', '4', '45', '近一年投资业绩', '6', '2016-02-01 11:13:45', '1');
INSERT INTO `zb_category_group_field_value` VALUES ('88', '4', '46', '主要过往业绩', '6', '2016-02-01 11:13:45', '1');
INSERT INTO `zb_category_group_field_value` VALUES ('89', '4', '47', 'β系数', '6', '2016-02-01 11:13:45', '1');
INSERT INTO `zb_category_group_field_value` VALUES ('90', '4', '48', '区间最大亏损', '6', '2016-02-01 11:13:45', '1');
INSERT INTO `zb_category_group_field_value` VALUES ('91', '4', '49', '收益率标准差', '6', '2016-02-01 11:13:45', '1');
INSERT INTO `zb_category_group_field_value` VALUES ('92', '4', '50', '是否曾被监管', '6', '2016-02-01 11:13:45', '1');
INSERT INTO `zb_category_group_field_value` VALUES ('93', '4', '51', '产品是否曾清盘', '6', '2016-02-01 11:13:45', '1');
INSERT INTO `zb_category_group_field_value` VALUES ('94', '10', '7', '收益率', '23', '2016-02-01 13:52:47', '1');
INSERT INTO `zb_category_group_field_value` VALUES ('95', '10', '8', '担保', '23', '2016-02-01 13:52:47', '1');
INSERT INTO `zb_category_group_field_value` VALUES ('96', '10', '9', '抵押比例', '23', '2016-02-01 13:52:47', '1');
INSERT INTO `zb_category_group_field_value` VALUES ('97', '10', '10', '连带责任', '23', '2016-02-01 13:52:47', '1');
INSERT INTO `zb_category_group_field_value` VALUES ('98', '10', '11', '产品规模', '23', '2016-02-01 13:52:47', '1');
INSERT INTO `zb_category_group_field_value` VALUES ('99', '10', '12', '产品期限', '23', '2016-02-01 13:52:47', '1');
INSERT INTO `zb_category_group_field_value` VALUES ('100', '10', '13', '总资产', '23', '2016-02-01 13:52:47', '1');
INSERT INTO `zb_category_group_field_value` VALUES ('101', '10', '14', '业内排名', '23', '2016-02-01 13:52:47', '1');
INSERT INTO `zb_category_group_field_value` VALUES ('102', '10', '15', '资产负债率', '23', '2016-02-01 13:52:47', '1');
INSERT INTO `zb_category_group_field_value` VALUES ('103', '10', '16', '流动比率', '23', '2016-02-01 13:52:47', '1');
INSERT INTO `zb_category_group_field_value` VALUES ('104', '10', '17', '现金流情况', '23', '2016-02-01 13:52:47', '1');
INSERT INTO `zb_category_group_field_value` VALUES ('105', '10', '18', '速动比率', '23', '2016-02-01 13:52:47', '1');
INSERT INTO `zb_category_group_field_value` VALUES ('106', '10', '19', '近期项目销售情况', '23', '2016-02-01 13:52:47', '1');
INSERT INTO `zb_category_group_field_value` VALUES ('107', '10', '20', '是否有不良记录和报道', '23', '2016-02-01 13:52:47', '1');
INSERT INTO `zb_category_group_field_value` VALUES ('108', '10', '21', '项目位置', '23', '2016-02-01 13:52:47', '1');
INSERT INTO `zb_category_group_field_value` VALUES ('109', '10', '22', '项目公司监管', '23', '2016-02-01 13:52:47', '1');
INSERT INTO `zb_category_group_field_value` VALUES ('110', '10', '23', '财政支持', '23', '2016-02-01 13:52:47', '1');
INSERT INTO `zb_category_group_field_value` VALUES ('111', '10', '24', '周边项目优势', '23', '2016-02-01 13:52:47', '1');
INSERT INTO `zb_category_group_field_value` VALUES ('112', '10', '25', '政策风险', '23', '2016-02-01 13:52:47', '1');
INSERT INTO `zb_category_group_field_value` VALUES ('113', '10', '26', '销售进度', '23', '2016-02-01 13:52:47', '1');
INSERT INTO `zb_category_group_field_value` VALUES ('114', '10', '27', '还款项目规模/借款金额', '23', '2016-02-01 13:52:47', '1');
INSERT INTO `zb_category_group_field_value` VALUES ('115', '11', '87', '电视用户得分', '777', '2016-02-01 14:33:08', '1');
INSERT INTO `zb_category_group_field_value` VALUES ('120', '13', '88', '手机端用户', '2', '2016-02-01 14:38:18', '1');
INSERT INTO `zb_category_group_field_value` VALUES ('121', '13', '89', '电脑端用户', '1', '2016-02-01 14:38:18', '1');
INSERT INTO `zb_category_group_field_value` VALUES ('122', '13', '90', '卫视频道评分', '1', '2016-02-01 14:38:18', '1');
INSERT INTO `zb_category_group_field_value` VALUES ('123', '13', '91', '地方台频道评分', '2', '2016-02-01 14:38:18', '1');
INSERT INTO `zb_category_group_field_value` VALUES ('124', '14', '28', '平均收益率(周)', '8', '2016-02-03 11:00:44', '1');
INSERT INTO `zb_category_group_field_value` VALUES ('125', '14', '29', '收益率排名', '8', '2016-02-03 11:00:44', '1');
INSERT INTO `zb_category_group_field_value` VALUES ('126', '14', '30', '夏普比率', '8', '2016-02-03 11:00:44', '1');
INSERT INTO `zb_category_group_field_value` VALUES ('127', '14', '31', '索丁诺比率', '8', '2016-02-03 11:00:44', '1');
INSERT INTO `zb_category_group_field_value` VALUES ('128', '14', '32', '管理人', '9', '2016-02-03 11:00:44', '1');
INSERT INTO `zb_category_group_field_value` VALUES ('129', '14', '33', '旗下产品数量', '9', '2016-02-03 11:00:44', '1');
INSERT INTO `zb_category_group_field_value` VALUES ('130', '14', '34', '管理资产规模', '9', '2016-02-03 11:00:44', '1');
INSERT INTO `zb_category_group_field_value` VALUES ('131', '14', '35', '投研团队规模', '9', '2016-02-03 11:00:44', '1');
INSERT INTO `zb_category_group_field_value` VALUES ('132', '14', '36', '曾管理产品绝对评价收益率', '9', '2016-02-03 11:00:44', '1');
INSERT INTO `zb_category_group_field_value` VALUES ('133', '14', '37', '曾管理产品相对评价收益率', '9', '2016-02-03 11:00:44', '1');
INSERT INTO `zb_category_group_field_value` VALUES ('134', '14', '38', '经营合规性', '9', '2016-02-03 11:00:44', '1');
INSERT INTO `zb_category_group_field_value` VALUES ('135', '14', '39', '团队稳定性', '9', '2016-02-03 11:00:44', '1');
INSERT INTO `zb_category_group_field_value` VALUES ('136', '14', '40', '决策机制', '9', '2016-02-03 11:00:44', '1');
INSERT INTO `zb_category_group_field_value` VALUES ('137', '14', '41', '基金经理', '9', '2016-02-03 11:00:44', '1');
INSERT INTO `zb_category_group_field_value` VALUES ('138', '14', '42', '开始管理本基金时间', '9', '2016-02-03 11:00:44', '1');
INSERT INTO `zb_category_group_field_value` VALUES ('139', '14', '43', '基金资历', '9', '2016-02-03 11:00:44', '1');
INSERT INTO `zb_category_group_field_value` VALUES ('140', '14', '44', '从业年限', '9', '2016-02-03 11:00:44', '1');
INSERT INTO `zb_category_group_field_value` VALUES ('141', '14', '45', '近一年投资业绩', '9', '2016-02-03 11:00:44', '1');
INSERT INTO `zb_category_group_field_value` VALUES ('142', '14', '46', '主要过往业绩', '9', '2016-02-03 11:00:44', '1');
INSERT INTO `zb_category_group_field_value` VALUES ('143', '14', '47', 'β系数', '5', '2016-02-03 11:00:44', '1');
INSERT INTO `zb_category_group_field_value` VALUES ('144', '14', '48', '区间最大亏损', '5', '2016-02-03 11:00:44', '1');
INSERT INTO `zb_category_group_field_value` VALUES ('145', '14', '49', '收益率标准差', '5', '2016-02-03 11:00:44', '1');
INSERT INTO `zb_category_group_field_value` VALUES ('146', '14', '50', '是否曾被监管', '5', '2016-02-03 11:00:44', '1');
INSERT INTO `zb_category_group_field_value` VALUES ('147', '14', '51', '产品是否曾清盘', '5', '2016-02-03 11:00:44', '1');
INSERT INTO `zb_category_group_field_value` VALUES ('148', '15', '7', '收益率', '2323', '2016-02-03 11:05:49', '1');
INSERT INTO `zb_category_group_field_value` VALUES ('149', '15', '8', '担保', '23', '2016-02-03 11:05:49', '1');
INSERT INTO `zb_category_group_field_value` VALUES ('150', '15', '9', '抵押比例', '23', '2016-02-03 11:05:49', '1');
INSERT INTO `zb_category_group_field_value` VALUES ('151', '15', '10', '连带责任', '23', '2016-02-03 11:05:49', '1');
INSERT INTO `zb_category_group_field_value` VALUES ('152', '15', '11', '产品规模', '23', '2016-02-03 11:05:49', '1');
INSERT INTO `zb_category_group_field_value` VALUES ('153', '15', '12', '产品期限', '23', '2016-02-03 11:05:49', '1');
INSERT INTO `zb_category_group_field_value` VALUES ('154', '15', '13', '总资产', '23', '2016-02-03 11:05:49', '1');
INSERT INTO `zb_category_group_field_value` VALUES ('155', '15', '14', '业内排名', '23', '2016-02-03 11:05:49', '1');
INSERT INTO `zb_category_group_field_value` VALUES ('156', '15', '15', '资产负债率', '23', '2016-02-03 11:05:49', '1');
INSERT INTO `zb_category_group_field_value` VALUES ('157', '15', '16', '流动比率', '23', '2016-02-03 11:05:49', '1');
INSERT INTO `zb_category_group_field_value` VALUES ('158', '15', '17', '现金流情况', '23', '2016-02-03 11:05:49', '1');
INSERT INTO `zb_category_group_field_value` VALUES ('159', '15', '18', '速动比率', '23', '2016-02-03 11:05:49', '1');
INSERT INTO `zb_category_group_field_value` VALUES ('160', '15', '19', '近期项目销售情况', '23', '2016-02-03 11:05:49', '1');
INSERT INTO `zb_category_group_field_value` VALUES ('161', '15', '20', '是否有不良记录和报道', '23', '2016-02-03 11:05:49', '1');
INSERT INTO `zb_category_group_field_value` VALUES ('162', '15', '21', '项目位置', '23', '2016-02-03 11:05:49', '1');
INSERT INTO `zb_category_group_field_value` VALUES ('163', '15', '22', '项目公司监管', '23', '2016-02-03 11:05:49', '1');
INSERT INTO `zb_category_group_field_value` VALUES ('164', '15', '23', '财政支持', '23', '2016-02-03 11:05:49', '1');
INSERT INTO `zb_category_group_field_value` VALUES ('165', '15', '24', '周边项目优势', '23', '2016-02-03 11:05:49', '1');
INSERT INTO `zb_category_group_field_value` VALUES ('166', '15', '25', '政策风险', '23', '2016-02-03 11:05:49', '1');
INSERT INTO `zb_category_group_field_value` VALUES ('167', '15', '26', '销售进度', '23', '2016-02-03 11:05:49', '1');
INSERT INTO `zb_category_group_field_value` VALUES ('168', '15', '27', '还款项目规模/借款金额', '23', '2016-02-03 11:05:49', '1');
INSERT INTO `zb_category_group_field_value` VALUES ('169', '16', '7', '收益率', '4', '2016-02-03 11:23:48', '1');
INSERT INTO `zb_category_group_field_value` VALUES ('170', '16', '8', '担保', '4', '2016-02-03 11:23:48', '1');
INSERT INTO `zb_category_group_field_value` VALUES ('171', '16', '9', '抵押比例', '4', '2016-02-03 11:23:48', '1');
INSERT INTO `zb_category_group_field_value` VALUES ('172', '16', '10', '连带责任', '4', '2016-02-03 11:23:48', '1');
INSERT INTO `zb_category_group_field_value` VALUES ('173', '16', '11', '产品规模', '4', '2016-02-03 11:23:48', '1');
INSERT INTO `zb_category_group_field_value` VALUES ('174', '16', '12', '产品期限', '4', '2016-02-03 11:23:48', '1');
INSERT INTO `zb_category_group_field_value` VALUES ('175', '16', '13', '总资产', '4', '2016-02-03 11:23:48', '1');
INSERT INTO `zb_category_group_field_value` VALUES ('176', '16', '14', '业内排名', '4', '2016-02-03 11:23:48', '1');
INSERT INTO `zb_category_group_field_value` VALUES ('177', '16', '15', '资产负债率', '4', '2016-02-03 11:23:48', '1');
INSERT INTO `zb_category_group_field_value` VALUES ('178', '16', '16', '流动比率', '4', '2016-02-03 11:23:48', '1');
INSERT INTO `zb_category_group_field_value` VALUES ('179', '16', '17', '现金流情况', '4', '2016-02-03 11:23:48', '1');
INSERT INTO `zb_category_group_field_value` VALUES ('180', '16', '18', '速动比率', '4', '2016-02-03 11:23:48', '1');
INSERT INTO `zb_category_group_field_value` VALUES ('181', '16', '19', '近期项目销售情况', '4', '2016-02-03 11:23:48', '1');
INSERT INTO `zb_category_group_field_value` VALUES ('182', '16', '20', '是否有不良记录和报道', '4', '2016-02-03 11:23:48', '1');
INSERT INTO `zb_category_group_field_value` VALUES ('183', '16', '21', '项目位置', '4', '2016-02-03 11:23:48', '1');
INSERT INTO `zb_category_group_field_value` VALUES ('184', '16', '22', '项目公司监管', '4', '2016-02-03 11:23:48', '1');
INSERT INTO `zb_category_group_field_value` VALUES ('185', '16', '23', '财政支持', '4', '2016-02-03 11:23:48', '1');
INSERT INTO `zb_category_group_field_value` VALUES ('186', '16', '24', '周边项目优势', '4', '2016-02-03 11:23:48', '1');
INSERT INTO `zb_category_group_field_value` VALUES ('187', '16', '25', '政策风险', '4', '2016-02-03 11:23:48', '1');
INSERT INTO `zb_category_group_field_value` VALUES ('188', '16', '26', '销售进度', '4', '2016-02-03 11:23:48', '1');
INSERT INTO `zb_category_group_field_value` VALUES ('189', '16', '27', '还款项目规模/借款金额', '4', '2016-02-03 11:23:48', '1');
INSERT INTO `zb_category_group_field_value` VALUES ('190', '17', '28', '平均收益率(周)', '2', '2016-02-03 14:26:56', '1');
INSERT INTO `zb_category_group_field_value` VALUES ('191', '17', '29', '收益率排名', '1', '2016-02-03 14:26:56', '1');
INSERT INTO `zb_category_group_field_value` VALUES ('192', '17', '30', '夏普比率', '1', '2016-02-03 14:26:56', '1');
INSERT INTO `zb_category_group_field_value` VALUES ('193', '17', '31', '索丁诺比率', '1', '2016-02-03 14:26:56', '1');
INSERT INTO `zb_category_group_field_value` VALUES ('194', '17', '32', '管理人', '1', '2016-02-03 14:26:56', '1');
INSERT INTO `zb_category_group_field_value` VALUES ('195', '17', '33', '旗下产品数量', '1', '2016-02-03 14:26:56', '1');
INSERT INTO `zb_category_group_field_value` VALUES ('196', '17', '34', '管理资产规模', '1', '2016-02-03 14:26:56', '1');
INSERT INTO `zb_category_group_field_value` VALUES ('197', '17', '35', '投研团队规模', '1', '2016-02-03 14:26:56', '1');
INSERT INTO `zb_category_group_field_value` VALUES ('198', '17', '36', '曾管理产品绝对评价收益率', '1', '2016-02-03 14:26:56', '1');
INSERT INTO `zb_category_group_field_value` VALUES ('199', '17', '37', '曾管理产品相对评价收益率', '1', '2016-02-03 14:26:56', '1');
INSERT INTO `zb_category_group_field_value` VALUES ('200', '17', '38', '经营合规性', '1', '2016-02-03 14:26:56', '1');
INSERT INTO `zb_category_group_field_value` VALUES ('201', '17', '39', '团队稳定性', '1', '2016-02-03 14:26:56', '1');
INSERT INTO `zb_category_group_field_value` VALUES ('202', '17', '40', '决策机制', '1', '2016-02-03 14:26:56', '1');
INSERT INTO `zb_category_group_field_value` VALUES ('203', '17', '41', '基金经理', '1', '2016-02-03 14:26:56', '1');
INSERT INTO `zb_category_group_field_value` VALUES ('204', '17', '42', '开始管理本基金时间', '1', '2016-02-03 14:26:56', '1');
INSERT INTO `zb_category_group_field_value` VALUES ('205', '17', '43', '基金资历', '1', '2016-02-03 14:26:56', '1');
INSERT INTO `zb_category_group_field_value` VALUES ('206', '17', '44', '从业年限', '1', '2016-02-03 14:26:56', '1');
INSERT INTO `zb_category_group_field_value` VALUES ('207', '17', '45', '近一年投资业绩', '1', '2016-02-03 14:26:56', '1');
INSERT INTO `zb_category_group_field_value` VALUES ('208', '17', '46', '主要过往业绩', '1', '2016-02-03 14:26:56', '1');
INSERT INTO `zb_category_group_field_value` VALUES ('209', '17', '47', 'β系数', '1', '2016-02-03 14:26:56', '1');
INSERT INTO `zb_category_group_field_value` VALUES ('210', '17', '48', '区间最大亏损', '1', '2016-02-03 14:26:56', '1');
INSERT INTO `zb_category_group_field_value` VALUES ('211', '17', '49', '收益率标准差', '1', '2016-02-03 14:26:56', '1');
INSERT INTO `zb_category_group_field_value` VALUES ('212', '17', '50', '是否曾被监管', '1', '2016-02-03 14:26:56', '1');
INSERT INTO `zb_category_group_field_value` VALUES ('213', '17', '51', '产品是否曾清盘', '1', '2016-02-03 14:26:56', '1');
INSERT INTO `zb_category_group_field_value` VALUES ('214', '18', '28', '平均收益率(周)', '1', '2016-02-03 14:30:24', '1');
INSERT INTO `zb_category_group_field_value` VALUES ('215', '18', '29', '收益率排名', '1', '2016-02-03 14:30:24', '1');
INSERT INTO `zb_category_group_field_value` VALUES ('216', '18', '30', '夏普比率', '1', '2016-02-03 14:30:24', '1');
INSERT INTO `zb_category_group_field_value` VALUES ('217', '18', '31', '索丁诺比率', '1', '2016-02-03 14:30:24', '1');
INSERT INTO `zb_category_group_field_value` VALUES ('218', '18', '32', '管理人', '1', '2016-02-03 14:30:24', '1');
INSERT INTO `zb_category_group_field_value` VALUES ('219', '18', '33', '旗下产品数量', '1', '2016-02-03 14:30:24', '1');
INSERT INTO `zb_category_group_field_value` VALUES ('220', '18', '34', '管理资产规模', '1', '2016-02-03 14:30:24', '1');
INSERT INTO `zb_category_group_field_value` VALUES ('221', '18', '35', '投研团队规模', '1', '2016-02-03 14:30:24', '1');
INSERT INTO `zb_category_group_field_value` VALUES ('222', '18', '36', '曾管理产品绝对评价收益率', '1', '2016-02-03 14:30:24', '1');
INSERT INTO `zb_category_group_field_value` VALUES ('223', '18', '37', '曾管理产品相对评价收益率', '1', '2016-02-03 14:30:24', '1');
INSERT INTO `zb_category_group_field_value` VALUES ('224', '18', '38', '经营合规性', '1', '2016-02-03 14:30:24', '1');
INSERT INTO `zb_category_group_field_value` VALUES ('225', '18', '39', '团队稳定性', '1', '2016-02-03 14:30:24', '1');
INSERT INTO `zb_category_group_field_value` VALUES ('226', '18', '40', '决策机制', '1', '2016-02-03 14:30:24', '1');
INSERT INTO `zb_category_group_field_value` VALUES ('227', '18', '41', '基金经理', '1', '2016-02-03 14:30:24', '1');
INSERT INTO `zb_category_group_field_value` VALUES ('228', '18', '42', '开始管理本基金时间', '1', '2016-02-03 14:30:24', '1');
INSERT INTO `zb_category_group_field_value` VALUES ('229', '18', '43', '基金资历', '1', '2016-02-03 14:30:24', '1');
INSERT INTO `zb_category_group_field_value` VALUES ('230', '18', '44', '从业年限', '1', '2016-02-03 14:30:24', '1');
INSERT INTO `zb_category_group_field_value` VALUES ('231', '18', '45', '近一年投资业绩', '1', '2016-02-03 14:30:24', '1');
INSERT INTO `zb_category_group_field_value` VALUES ('232', '18', '46', '主要过往业绩', '1', '2016-02-03 14:30:24', '1');
INSERT INTO `zb_category_group_field_value` VALUES ('233', '18', '47', 'β系数', '1', '2016-02-03 14:30:24', '1');
INSERT INTO `zb_category_group_field_value` VALUES ('234', '18', '48', '区间最大亏损', '1', '2016-02-03 14:30:24', '1');
INSERT INTO `zb_category_group_field_value` VALUES ('235', '18', '49', '收益率标准差', '1', '2016-02-03 14:30:24', '1');
INSERT INTO `zb_category_group_field_value` VALUES ('236', '18', '50', '是否曾被监管', '1', '2016-02-03 14:30:24', '1');
INSERT INTO `zb_category_group_field_value` VALUES ('237', '18', '51', '产品是否曾清盘', '1', '2016-02-03 14:30:24', '1');
INSERT INTO `zb_category_group_field_value` VALUES ('238', '19', '28', '平均收益率(周)', '1', '2016-02-19 17:07:26', '1');
INSERT INTO `zb_category_group_field_value` VALUES ('239', '19', '29', '收益率排名', '1', '2016-02-19 17:07:26', '1');
INSERT INTO `zb_category_group_field_value` VALUES ('240', '19', '30', '夏普比率', '1', '2016-02-19 17:07:26', '1');
INSERT INTO `zb_category_group_field_value` VALUES ('241', '19', '31', '索丁诺比率', '1', '2016-02-19 17:07:26', '1');
INSERT INTO `zb_category_group_field_value` VALUES ('242', '19', '32', '管理人', '1', '2016-02-19 17:07:26', '1');
INSERT INTO `zb_category_group_field_value` VALUES ('243', '19', '33', '旗下产品数量', '1', '2016-02-19 17:07:26', '1');
INSERT INTO `zb_category_group_field_value` VALUES ('244', '19', '34', '管理资产规模', '1', '2016-02-19 17:07:26', '1');
INSERT INTO `zb_category_group_field_value` VALUES ('245', '19', '35', '投研团队规模', '1', '2016-02-19 17:07:26', '1');
INSERT INTO `zb_category_group_field_value` VALUES ('246', '19', '36', '曾管理产品绝对评价收益率', '1', '2016-02-19 17:07:26', '1');
INSERT INTO `zb_category_group_field_value` VALUES ('247', '19', '37', '曾管理产品相对评价收益率', '1', '2016-02-19 17:07:26', '1');
INSERT INTO `zb_category_group_field_value` VALUES ('248', '19', '38', '经营合规性', '1', '2016-02-19 17:07:26', '1');
INSERT INTO `zb_category_group_field_value` VALUES ('249', '19', '39', '团队稳定性', '1', '2016-02-19 17:07:26', '1');
INSERT INTO `zb_category_group_field_value` VALUES ('250', '19', '40', '决策机制', '1', '2016-02-19 17:07:26', '1');
INSERT INTO `zb_category_group_field_value` VALUES ('251', '19', '41', '基金经理', '1', '2016-02-19 17:07:26', '1');
INSERT INTO `zb_category_group_field_value` VALUES ('252', '19', '42', '开始管理本基金时间', '1', '2016-02-19 17:07:26', '1');
INSERT INTO `zb_category_group_field_value` VALUES ('253', '19', '43', '基金资历', '1', '2016-02-19 17:07:26', '1');
INSERT INTO `zb_category_group_field_value` VALUES ('254', '19', '44', '从业年限', '1', '2016-02-19 17:07:26', '1');
INSERT INTO `zb_category_group_field_value` VALUES ('255', '19', '45', '近一年投资业绩', '1', '2016-02-19 17:07:26', '1');
INSERT INTO `zb_category_group_field_value` VALUES ('256', '19', '46', '主要过往业绩', '1', '2016-02-19 17:07:26', '1');
INSERT INTO `zb_category_group_field_value` VALUES ('257', '19', '47', 'β系数', '1', '2016-02-19 17:07:26', '1');
INSERT INTO `zb_category_group_field_value` VALUES ('258', '19', '48', '区间最大亏损', '1', '2016-02-19 17:07:26', '1');
INSERT INTO `zb_category_group_field_value` VALUES ('259', '19', '49', '收益率标准差', '1', '2016-02-19 17:07:26', '1');
INSERT INTO `zb_category_group_field_value` VALUES ('260', '19', '50', '是否曾被监管', '1', '2016-02-19 17:07:26', '1');
INSERT INTO `zb_category_group_field_value` VALUES ('261', '19', '51', '产品是否曾清盘', '1', '2016-02-19 17:07:26', '1');
INSERT INTO `zb_category_group_field_value` VALUES ('262', '20', '28', '平均收益率(周)', '', '2016-02-05 16:25:59', '1');
INSERT INTO `zb_category_group_field_value` VALUES ('263', '20', '29', '收益率排名', '', '2016-02-05 16:25:59', '1');
INSERT INTO `zb_category_group_field_value` VALUES ('264', '20', '30', '夏普比率', '', '2016-02-05 16:25:59', '1');
INSERT INTO `zb_category_group_field_value` VALUES ('265', '20', '31', '索丁诺比率', '', '2016-02-05 16:25:59', '1');
INSERT INTO `zb_category_group_field_value` VALUES ('266', '20', '32', '管理人', '', '2016-02-05 16:25:59', '1');
INSERT INTO `zb_category_group_field_value` VALUES ('267', '20', '33', '旗下产品数量', '', '2016-02-05 16:25:59', '1');
INSERT INTO `zb_category_group_field_value` VALUES ('268', '20', '34', '管理资产规模', '', '2016-02-05 16:25:59', '1');
INSERT INTO `zb_category_group_field_value` VALUES ('269', '20', '35', '投研团队规模', '', '2016-02-05 16:25:59', '1');
INSERT INTO `zb_category_group_field_value` VALUES ('270', '20', '36', '曾管理产品绝对评价收益率', '', '2016-02-05 16:25:59', '1');
INSERT INTO `zb_category_group_field_value` VALUES ('271', '20', '37', '曾管理产品相对评价收益率', '', '2016-02-05 16:25:59', '1');
INSERT INTO `zb_category_group_field_value` VALUES ('272', '20', '38', '经营合规性', '', '2016-02-05 16:25:59', '1');
INSERT INTO `zb_category_group_field_value` VALUES ('273', '20', '39', '团队稳定性', '', '2016-02-05 16:25:59', '1');
INSERT INTO `zb_category_group_field_value` VALUES ('274', '20', '40', '决策机制', '', '2016-02-05 16:25:59', '1');
INSERT INTO `zb_category_group_field_value` VALUES ('275', '20', '41', '基金经理', '', '2016-02-05 16:25:59', '1');
INSERT INTO `zb_category_group_field_value` VALUES ('276', '20', '42', '开始管理本基金时间', '', '2016-02-05 16:25:59', '1');
INSERT INTO `zb_category_group_field_value` VALUES ('277', '20', '43', '基金资历', '', '2016-02-05 16:25:59', '1');
INSERT INTO `zb_category_group_field_value` VALUES ('278', '20', '44', '从业年限', '', '2016-02-05 16:25:59', '1');
INSERT INTO `zb_category_group_field_value` VALUES ('279', '20', '45', '近一年投资业绩', '', '2016-02-05 16:25:59', '1');
INSERT INTO `zb_category_group_field_value` VALUES ('280', '20', '46', '主要过往业绩', '', '2016-02-05 16:25:59', '1');
INSERT INTO `zb_category_group_field_value` VALUES ('281', '20', '47', 'β系数', '', '2016-02-05 16:25:59', '1');
INSERT INTO `zb_category_group_field_value` VALUES ('282', '20', '48', '区间最大亏损', '', '2016-02-05 16:25:59', '1');
INSERT INTO `zb_category_group_field_value` VALUES ('283', '20', '49', '收益率标准差', '', '2016-02-05 16:25:59', '1');
INSERT INTO `zb_category_group_field_value` VALUES ('284', '20', '50', '是否曾被监管', '', '2016-02-05 16:25:59', '1');
INSERT INTO `zb_category_group_field_value` VALUES ('285', '20', '51', '产品是否曾清盘', '', '2016-02-05 16:25:59', '1');
INSERT INTO `zb_category_group_field_value` VALUES ('286', '21', '28', '平均收益率(周)', '大水法萨地方', '2016-03-18 15:07:27', '1');
INSERT INTO `zb_category_group_field_value` VALUES ('287', '21', '29', '收益率排名', '', '2016-03-18 15:07:27', '1');
INSERT INTO `zb_category_group_field_value` VALUES ('288', '21', '30', '夏普比率', 'sdaf ', '2016-03-18 15:07:27', '1');
INSERT INTO `zb_category_group_field_value` VALUES ('289', '21', '31', '索丁诺比率', '萨地方', '2016-03-18 15:07:27', '1');
INSERT INTO `zb_category_group_field_value` VALUES ('290', '21', '32', '管理人', '', '2016-03-18 15:07:27', '1');
INSERT INTO `zb_category_group_field_value` VALUES ('291', '21', '33', '旗下产品数量', '', '2016-03-18 15:07:27', '1');
INSERT INTO `zb_category_group_field_value` VALUES ('292', '21', '34', '管理资产规模', '', '2016-03-18 15:07:27', '1');
INSERT INTO `zb_category_group_field_value` VALUES ('293', '21', '35', '投研团队规模', '', '2016-03-18 15:07:27', '1');
INSERT INTO `zb_category_group_field_value` VALUES ('294', '21', '36', '曾管理产品绝对评价收益率', '', '2016-03-18 15:07:27', '1');
INSERT INTO `zb_category_group_field_value` VALUES ('295', '21', '37', '曾管理产品相对评价收益率', '', '2016-03-18 15:07:27', '1');
INSERT INTO `zb_category_group_field_value` VALUES ('296', '21', '38', '经营合规性', '', '2016-03-18 15:07:27', '1');
INSERT INTO `zb_category_group_field_value` VALUES ('297', '21', '39', '团队稳定性', '', '2016-03-18 15:07:27', '1');
INSERT INTO `zb_category_group_field_value` VALUES ('298', '21', '40', '决策机制', '', '2016-03-18 15:07:27', '1');
INSERT INTO `zb_category_group_field_value` VALUES ('299', '21', '41', '基金经理', '', '2016-03-18 15:07:27', '1');
INSERT INTO `zb_category_group_field_value` VALUES ('300', '21', '42', '开始管理本基金时间', '', '2016-03-18 15:07:27', '1');
INSERT INTO `zb_category_group_field_value` VALUES ('301', '21', '43', '基金资历', '', '2016-03-18 15:07:27', '1');
INSERT INTO `zb_category_group_field_value` VALUES ('302', '21', '44', '从业年限', '', '2016-03-18 15:07:27', '1');
INSERT INTO `zb_category_group_field_value` VALUES ('303', '21', '45', '近一年投资业绩', '', '2016-03-18 15:07:27', '1');
INSERT INTO `zb_category_group_field_value` VALUES ('304', '21', '46', '主要过往业绩', '', '2016-03-18 15:07:27', '1');
INSERT INTO `zb_category_group_field_value` VALUES ('305', '21', '47', 'β系数', '', '2016-03-18 15:07:27', '1');
INSERT INTO `zb_category_group_field_value` VALUES ('306', '21', '48', '区间最大亏损', '', '2016-03-18 15:07:27', '1');
INSERT INTO `zb_category_group_field_value` VALUES ('307', '21', '49', '收益率标准差', '', '2016-03-18 15:07:27', '1');
INSERT INTO `zb_category_group_field_value` VALUES ('308', '21', '50', '是否曾被监管', '', '2016-03-18 15:07:27', '1');
INSERT INTO `zb_category_group_field_value` VALUES ('309', '21', '51', '产品是否曾清盘', '', '2016-03-18 15:07:27', '1');
INSERT INTO `zb_category_group_field_value` VALUES ('310', '22', '28', '平均收益率(周)', '34', '2016-02-25 13:57:39', '1');
INSERT INTO `zb_category_group_field_value` VALUES ('311', '22', '29', '收益率排名', '34', '2016-02-25 13:57:39', '1');
INSERT INTO `zb_category_group_field_value` VALUES ('312', '22', '30', '夏普比率', '343', '2016-02-25 13:57:39', '1');
INSERT INTO `zb_category_group_field_value` VALUES ('313', '22', '31', '索丁诺比率', '34', '2016-02-25 13:57:39', '1');
INSERT INTO `zb_category_group_field_value` VALUES ('314', '22', '32', '管理人', '34', '2016-02-25 13:57:39', '1');
INSERT INTO `zb_category_group_field_value` VALUES ('315', '22', '33', '旗下产品数量', '34', '2016-02-25 13:57:39', '1');
INSERT INTO `zb_category_group_field_value` VALUES ('316', '22', '34', '管理资产规模', '34', '2016-02-25 13:57:39', '1');
INSERT INTO `zb_category_group_field_value` VALUES ('317', '22', '35', '投研团队规模', '34', '2016-02-25 13:57:39', '1');
INSERT INTO `zb_category_group_field_value` VALUES ('318', '22', '36', '曾管理产品绝对评价收益率', '34', '2016-02-25 13:57:39', '1');
INSERT INTO `zb_category_group_field_value` VALUES ('319', '22', '37', '曾管理产品相对评价收益率', '34', '2016-02-25 13:57:39', '1');
INSERT INTO `zb_category_group_field_value` VALUES ('320', '22', '38', '经营合规性', '34', '2016-02-25 13:57:39', '1');
INSERT INTO `zb_category_group_field_value` VALUES ('321', '22', '39', '团队稳定性', '34', '2016-02-25 13:57:39', '1');
INSERT INTO `zb_category_group_field_value` VALUES ('322', '22', '40', '决策机制', '34', '2016-02-25 13:57:39', '1');
INSERT INTO `zb_category_group_field_value` VALUES ('323', '22', '41', '基金经理', '34', '2016-02-25 13:57:39', '1');
INSERT INTO `zb_category_group_field_value` VALUES ('324', '22', '42', '开始管理本基金时间', '34', '2016-02-25 13:57:39', '1');
INSERT INTO `zb_category_group_field_value` VALUES ('325', '22', '43', '基金资历', '34', '2016-02-25 13:57:39', '1');
INSERT INTO `zb_category_group_field_value` VALUES ('326', '22', '44', '从业年限', '34', '2016-02-25 13:57:39', '1');
INSERT INTO `zb_category_group_field_value` VALUES ('327', '22', '45', '近一年投资业绩', '34', '2016-02-25 13:57:39', '1');
INSERT INTO `zb_category_group_field_value` VALUES ('328', '22', '46', '主要过往业绩', '34', '2016-02-25 13:57:39', '1');
INSERT INTO `zb_category_group_field_value` VALUES ('329', '22', '47', 'β系数', '34', '2016-02-25 13:57:39', '1');
INSERT INTO `zb_category_group_field_value` VALUES ('330', '22', '48', '区间最大亏损', '34', '2016-02-25 13:57:39', '1');
INSERT INTO `zb_category_group_field_value` VALUES ('331', '22', '49', '收益率标准差', '34', '2016-02-25 13:57:39', '1');
INSERT INTO `zb_category_group_field_value` VALUES ('332', '22', '50', '是否曾被监管', '34', '2016-02-25 13:57:39', '1');
INSERT INTO `zb_category_group_field_value` VALUES ('333', '22', '51', '产品是否曾清盘', '34', '2016-02-25 13:57:39', '1');
INSERT INTO `zb_category_group_field_value` VALUES ('334', '23', '28', '平均收益率(周)', '范德萨', '2016-02-05 18:34:35', '1');
INSERT INTO `zb_category_group_field_value` VALUES ('335', '23', '29', '收益率排名', '啊的萨芬', '2016-02-05 18:34:35', '1');
INSERT INTO `zb_category_group_field_value` VALUES ('336', '23', '30', '夏普比率', '萨地方', '2016-02-05 18:34:35', '1');
INSERT INTO `zb_category_group_field_value` VALUES ('337', '23', '31', '索丁诺比率', '发大水', '2016-02-05 18:34:35', '1');
INSERT INTO `zb_category_group_field_value` VALUES ('338', '23', '32', '管理人', '阿道夫', '2016-02-05 18:34:35', '1');
INSERT INTO `zb_category_group_field_value` VALUES ('339', '23', '33', '旗下产品数量', '', '2016-02-05 18:34:35', '1');
INSERT INTO `zb_category_group_field_value` VALUES ('340', '23', '34', '管理资产规模', '', '2016-02-05 18:34:35', '1');
INSERT INTO `zb_category_group_field_value` VALUES ('341', '23', '35', '投研团队规模', '', '2016-02-05 18:34:35', '1');
INSERT INTO `zb_category_group_field_value` VALUES ('342', '23', '36', '曾管理产品绝对评价收益率', '大水法', '2016-02-05 18:34:35', '1');
INSERT INTO `zb_category_group_field_value` VALUES ('343', '23', '37', '曾管理产品相对评价收益率', '', '2016-02-05 18:34:35', '1');
INSERT INTO `zb_category_group_field_value` VALUES ('344', '23', '38', '经营合规性', '', '2016-02-05 18:34:35', '1');
INSERT INTO `zb_category_group_field_value` VALUES ('345', '23', '39', '团队稳定性', '', '2016-02-05 18:34:35', '1');
INSERT INTO `zb_category_group_field_value` VALUES ('346', '23', '40', '决策机制', '的萨芬', '2016-02-05 18:34:35', '1');
INSERT INTO `zb_category_group_field_value` VALUES ('347', '23', '41', '基金经理', '', '2016-02-05 18:34:35', '1');
INSERT INTO `zb_category_group_field_value` VALUES ('348', '23', '42', '开始管理本基金时间', '', '2016-02-05 18:34:35', '1');
INSERT INTO `zb_category_group_field_value` VALUES ('349', '23', '43', '基金资历', '', '2016-02-05 18:34:35', '1');
INSERT INTO `zb_category_group_field_value` VALUES ('350', '23', '44', '从业年限', '', '2016-02-05 18:34:35', '1');
INSERT INTO `zb_category_group_field_value` VALUES ('351', '23', '45', '近一年投资业绩', '', '2016-02-05 18:34:35', '1');
INSERT INTO `zb_category_group_field_value` VALUES ('352', '23', '46', '主要过往业绩', '', '2016-02-05 18:34:35', '1');
INSERT INTO `zb_category_group_field_value` VALUES ('353', '23', '47', 'β系数', '', '2016-02-05 18:34:35', '1');
INSERT INTO `zb_category_group_field_value` VALUES ('354', '23', '48', '区间最大亏损', '', '2016-02-05 18:34:35', '1');
INSERT INTO `zb_category_group_field_value` VALUES ('355', '23', '49', '收益率标准差', '', '2016-02-05 18:34:35', '1');
INSERT INTO `zb_category_group_field_value` VALUES ('356', '23', '50', '是否曾被监管', '', '2016-02-05 18:34:35', '1');
INSERT INTO `zb_category_group_field_value` VALUES ('357', '23', '51', '产品是否曾清盘', '', '2016-02-05 18:34:35', '1');
INSERT INTO `zb_category_group_field_value` VALUES ('358', '24', '28', '平均收益率(周)', '', '2016-02-19 15:29:02', '1');
INSERT INTO `zb_category_group_field_value` VALUES ('359', '24', '29', '收益率排名', '', '2016-02-19 15:29:02', '1');
INSERT INTO `zb_category_group_field_value` VALUES ('360', '24', '30', '夏普比率', '', '2016-02-19 15:29:02', '1');
INSERT INTO `zb_category_group_field_value` VALUES ('361', '24', '31', '索丁诺比率', '', '2016-02-19 15:29:02', '1');
INSERT INTO `zb_category_group_field_value` VALUES ('362', '24', '32', '管理人', '', '2016-02-19 15:29:02', '1');
INSERT INTO `zb_category_group_field_value` VALUES ('363', '24', '33', '旗下产品数量', '', '2016-02-19 15:29:02', '1');
INSERT INTO `zb_category_group_field_value` VALUES ('364', '24', '34', '管理资产规模', '', '2016-02-19 15:29:02', '1');
INSERT INTO `zb_category_group_field_value` VALUES ('365', '24', '35', '投研团队规模', '', '2016-02-19 15:29:02', '1');
INSERT INTO `zb_category_group_field_value` VALUES ('366', '24', '36', '曾管理产品绝对评价收益率', '', '2016-02-19 15:29:02', '1');
INSERT INTO `zb_category_group_field_value` VALUES ('367', '24', '37', '曾管理产品相对评价收益率', '', '2016-02-19 15:29:02', '1');
INSERT INTO `zb_category_group_field_value` VALUES ('368', '24', '38', '经营合规性', '', '2016-02-19 15:29:02', '1');
INSERT INTO `zb_category_group_field_value` VALUES ('369', '24', '39', '团队稳定性', '', '2016-02-19 15:29:02', '1');
INSERT INTO `zb_category_group_field_value` VALUES ('370', '24', '40', '决策机制', '', '2016-02-19 15:29:02', '1');
INSERT INTO `zb_category_group_field_value` VALUES ('371', '24', '41', '基金经理', '', '2016-02-19 15:29:02', '1');
INSERT INTO `zb_category_group_field_value` VALUES ('372', '24', '42', '开始管理本基金时间', '', '2016-02-19 15:29:02', '1');
INSERT INTO `zb_category_group_field_value` VALUES ('373', '24', '43', '基金资历', '', '2016-02-19 15:29:02', '1');
INSERT INTO `zb_category_group_field_value` VALUES ('374', '24', '44', '从业年限', '', '2016-02-19 15:29:02', '1');
INSERT INTO `zb_category_group_field_value` VALUES ('375', '24', '45', '近一年投资业绩', '', '2016-02-19 15:29:02', '1');
INSERT INTO `zb_category_group_field_value` VALUES ('376', '24', '46', '主要过往业绩', '', '2016-02-19 15:29:02', '1');
INSERT INTO `zb_category_group_field_value` VALUES ('377', '24', '47', 'β系数', '', '2016-02-19 15:29:02', '1');
INSERT INTO `zb_category_group_field_value` VALUES ('378', '24', '48', '区间最大亏损', '', '2016-02-19 15:29:02', '1');
INSERT INTO `zb_category_group_field_value` VALUES ('379', '24', '49', '收益率标准差', '', '2016-02-19 15:29:02', '1');
INSERT INTO `zb_category_group_field_value` VALUES ('380', '24', '50', '是否曾被监管', '', '2016-02-19 15:29:02', '1');
INSERT INTO `zb_category_group_field_value` VALUES ('381', '24', '51', '产品是否曾清盘', '', '2016-02-19 15:29:02', '1');
INSERT INTO `zb_category_group_field_value` VALUES ('382', '25', '28', '平均收益率(周)', '', '2016-02-19 17:16:52', '1');
INSERT INTO `zb_category_group_field_value` VALUES ('383', '25', '29', '收益率排名', '', '2016-02-19 17:16:52', '1');
INSERT INTO `zb_category_group_field_value` VALUES ('384', '25', '30', '夏普比率', '', '2016-02-19 17:16:52', '1');
INSERT INTO `zb_category_group_field_value` VALUES ('385', '25', '31', '索丁诺比率', '', '2016-02-19 17:16:52', '1');
INSERT INTO `zb_category_group_field_value` VALUES ('386', '25', '32', '管理人', '', '2016-02-19 17:16:52', '1');
INSERT INTO `zb_category_group_field_value` VALUES ('387', '25', '33', '旗下产品数量', '', '2016-02-19 17:16:52', '1');
INSERT INTO `zb_category_group_field_value` VALUES ('388', '25', '34', '管理资产规模', '', '2016-02-19 17:16:52', '1');
INSERT INTO `zb_category_group_field_value` VALUES ('389', '25', '35', '投研团队规模', '', '2016-02-19 17:16:52', '1');
INSERT INTO `zb_category_group_field_value` VALUES ('390', '25', '36', '曾管理产品绝对评价收益率', '', '2016-02-19 17:16:52', '1');
INSERT INTO `zb_category_group_field_value` VALUES ('391', '25', '37', '曾管理产品相对评价收益率', '', '2016-02-19 17:16:52', '1');
INSERT INTO `zb_category_group_field_value` VALUES ('392', '25', '38', '经营合规性', '', '2016-02-19 17:16:52', '1');
INSERT INTO `zb_category_group_field_value` VALUES ('393', '25', '39', '团队稳定性', '', '2016-02-19 17:16:52', '1');
INSERT INTO `zb_category_group_field_value` VALUES ('394', '25', '40', '决策机制', '', '2016-02-19 17:16:52', '1');
INSERT INTO `zb_category_group_field_value` VALUES ('395', '25', '41', '基金经理', '', '2016-02-19 17:16:52', '1');
INSERT INTO `zb_category_group_field_value` VALUES ('396', '25', '42', '开始管理本基金时间', '', '2016-02-19 17:16:52', '1');
INSERT INTO `zb_category_group_field_value` VALUES ('397', '25', '43', '基金资历', '', '2016-02-19 17:16:52', '1');
INSERT INTO `zb_category_group_field_value` VALUES ('398', '25', '44', '从业年限', '', '2016-02-19 17:16:52', '1');
INSERT INTO `zb_category_group_field_value` VALUES ('399', '25', '45', '近一年投资业绩', '', '2016-02-19 17:16:52', '1');
INSERT INTO `zb_category_group_field_value` VALUES ('400', '25', '46', '主要过往业绩', '', '2016-02-19 17:16:52', '1');
INSERT INTO `zb_category_group_field_value` VALUES ('401', '25', '47', 'β系数', '', '2016-02-19 17:16:52', '1');
INSERT INTO `zb_category_group_field_value` VALUES ('402', '25', '48', '区间最大亏损', '', '2016-02-19 17:16:52', '1');
INSERT INTO `zb_category_group_field_value` VALUES ('403', '25', '49', '收益率标准差', '', '2016-02-19 17:16:52', '1');
INSERT INTO `zb_category_group_field_value` VALUES ('404', '25', '50', '是否曾被监管', '', '2016-02-19 17:16:52', '1');
INSERT INTO `zb_category_group_field_value` VALUES ('405', '25', '51', '产品是否曾清盘', '', '2016-02-19 17:16:52', '1');
INSERT INTO `zb_category_group_field_value` VALUES ('406', '26', '28', '平均收益率(周)', '34', '2016-02-19 15:45:48', '1');
INSERT INTO `zb_category_group_field_value` VALUES ('407', '26', '29', '收益率排名', '34', '2016-02-19 15:45:48', '1');
INSERT INTO `zb_category_group_field_value` VALUES ('408', '26', '30', '夏普比率', '34', '2016-02-19 15:45:48', '1');
INSERT INTO `zb_category_group_field_value` VALUES ('409', '26', '31', '索丁诺比率', '34', '2016-02-19 15:45:48', '1');
INSERT INTO `zb_category_group_field_value` VALUES ('410', '26', '32', '管理人', '34', '2016-02-19 15:45:48', '1');
INSERT INTO `zb_category_group_field_value` VALUES ('411', '26', '33', '旗下产品数量', '34', '2016-02-19 15:45:48', '1');
INSERT INTO `zb_category_group_field_value` VALUES ('412', '26', '34', '管理资产规模', '34', '2016-02-19 15:45:48', '1');
INSERT INTO `zb_category_group_field_value` VALUES ('413', '26', '35', '投研团队规模', '34', '2016-02-19 15:45:48', '1');
INSERT INTO `zb_category_group_field_value` VALUES ('414', '26', '36', '曾管理产品绝对评价收益率', '34', '2016-02-19 15:45:48', '1');
INSERT INTO `zb_category_group_field_value` VALUES ('415', '26', '37', '曾管理产品相对评价收益率', '34', '2016-02-19 15:45:48', '1');
INSERT INTO `zb_category_group_field_value` VALUES ('416', '26', '38', '经营合规性', '34', '2016-02-19 15:45:48', '1');
INSERT INTO `zb_category_group_field_value` VALUES ('417', '26', '39', '团队稳定性', '34', '2016-02-19 15:45:48', '1');
INSERT INTO `zb_category_group_field_value` VALUES ('418', '26', '40', '决策机制', '34', '2016-02-19 15:45:48', '1');
INSERT INTO `zb_category_group_field_value` VALUES ('419', '26', '41', '基金经理', '43', '2016-02-19 15:45:48', '1');
INSERT INTO `zb_category_group_field_value` VALUES ('420', '26', '42', '开始管理本基金时间', '34', '2016-02-19 15:45:48', '1');
INSERT INTO `zb_category_group_field_value` VALUES ('421', '26', '43', '基金资历', '34', '2016-02-19 15:45:48', '1');
INSERT INTO `zb_category_group_field_value` VALUES ('422', '26', '44', '从业年限', '34', '2016-02-19 15:45:48', '1');
INSERT INTO `zb_category_group_field_value` VALUES ('423', '26', '45', '近一年投资业绩', '34', '2016-02-19 15:45:48', '1');
INSERT INTO `zb_category_group_field_value` VALUES ('424', '26', '46', '主要过往业绩', '34', '2016-02-19 15:45:48', '1');
INSERT INTO `zb_category_group_field_value` VALUES ('425', '26', '47', 'β系数', '34', '2016-02-19 15:45:48', '1');
INSERT INTO `zb_category_group_field_value` VALUES ('426', '26', '48', '区间最大亏损', '34', '2016-02-19 15:45:48', '1');
INSERT INTO `zb_category_group_field_value` VALUES ('427', '26', '49', '收益率标准差', '34', '2016-02-19 15:45:48', '1');
INSERT INTO `zb_category_group_field_value` VALUES ('428', '26', '50', '是否曾被监管', '34', '2016-02-19 15:45:48', '1');
INSERT INTO `zb_category_group_field_value` VALUES ('429', '26', '51', '产品是否曾清盘', '34', '2016-02-19 15:45:48', '1');
INSERT INTO `zb_category_group_field_value` VALUES ('430', '27', '28', '平均收益率(周)', '34', '2016-02-19 17:08:46', '1');
INSERT INTO `zb_category_group_field_value` VALUES ('431', '27', '29', '收益率排名', '34', '2016-02-19 17:08:46', '1');
INSERT INTO `zb_category_group_field_value` VALUES ('432', '27', '30', '夏普比率', '34', '2016-02-19 17:08:46', '1');
INSERT INTO `zb_category_group_field_value` VALUES ('433', '27', '31', '索丁诺比率', '3434', '2016-02-19 17:08:46', '1');
INSERT INTO `zb_category_group_field_value` VALUES ('434', '27', '32', '管理人', '34', '2016-02-19 17:08:46', '1');
INSERT INTO `zb_category_group_field_value` VALUES ('435', '27', '33', '旗下产品数量', '34', '2016-02-19 17:08:46', '1');
INSERT INTO `zb_category_group_field_value` VALUES ('436', '27', '34', '管理资产规模', '34', '2016-02-19 17:08:46', '1');
INSERT INTO `zb_category_group_field_value` VALUES ('437', '27', '35', '投研团队规模', '34', '2016-02-19 17:08:46', '1');
INSERT INTO `zb_category_group_field_value` VALUES ('438', '27', '36', '曾管理产品绝对评价收益率', '34', '2016-02-19 17:08:46', '1');
INSERT INTO `zb_category_group_field_value` VALUES ('439', '27', '37', '曾管理产品相对评价收益率', '34', '2016-02-19 17:08:46', '1');
INSERT INTO `zb_category_group_field_value` VALUES ('440', '27', '38', '经营合规性', '34', '2016-02-19 17:08:46', '1');
INSERT INTO `zb_category_group_field_value` VALUES ('441', '27', '39', '团队稳定性', '34', '2016-02-19 17:08:46', '1');
INSERT INTO `zb_category_group_field_value` VALUES ('442', '27', '40', '决策机制', '34', '2016-02-19 17:08:46', '1');
INSERT INTO `zb_category_group_field_value` VALUES ('443', '27', '41', '基金经理', '34', '2016-02-19 17:08:46', '1');
INSERT INTO `zb_category_group_field_value` VALUES ('444', '27', '42', '开始管理本基金时间', '34', '2016-02-19 17:08:46', '1');
INSERT INTO `zb_category_group_field_value` VALUES ('445', '27', '43', '基金资历', '34', '2016-02-19 17:08:46', '1');
INSERT INTO `zb_category_group_field_value` VALUES ('446', '27', '44', '从业年限', '34', '2016-02-19 17:08:46', '1');
INSERT INTO `zb_category_group_field_value` VALUES ('447', '27', '45', '近一年投资业绩', '34', '2016-02-19 17:08:46', '1');
INSERT INTO `zb_category_group_field_value` VALUES ('448', '27', '46', '主要过往业绩', '34', '2016-02-19 17:08:46', '1');
INSERT INTO `zb_category_group_field_value` VALUES ('449', '27', '47', 'β系数', '34', '2016-02-19 17:08:46', '1');
INSERT INTO `zb_category_group_field_value` VALUES ('450', '27', '48', '区间最大亏损', '34', '2016-02-19 17:08:46', '1');
INSERT INTO `zb_category_group_field_value` VALUES ('451', '27', '49', '收益率标准差', '34', '2016-02-19 17:08:46', '1');
INSERT INTO `zb_category_group_field_value` VALUES ('452', '27', '50', '是否曾被监管', '34', '2016-02-19 17:08:46', '1');
INSERT INTO `zb_category_group_field_value` VALUES ('453', '27', '51', '产品是否曾清盘', '34', '2016-02-19 17:08:46', '1');
INSERT INTO `zb_category_group_field_value` VALUES ('454', '28', '28', '平均收益率(周)', '34', '2016-02-22 15:03:01', '1');
INSERT INTO `zb_category_group_field_value` VALUES ('455', '28', '29', '收益率排名', '34', '2016-02-22 15:03:01', '1');
INSERT INTO `zb_category_group_field_value` VALUES ('456', '28', '30', '夏普比率', '34', '2016-02-22 15:03:01', '1');
INSERT INTO `zb_category_group_field_value` VALUES ('457', '28', '31', '索丁诺比率', '34', '2016-02-22 15:03:01', '1');
INSERT INTO `zb_category_group_field_value` VALUES ('458', '28', '32', '管理人', '34', '2016-02-22 15:03:01', '1');
INSERT INTO `zb_category_group_field_value` VALUES ('459', '28', '33', '旗下产品数量', '34', '2016-02-22 15:03:01', '1');
INSERT INTO `zb_category_group_field_value` VALUES ('460', '28', '34', '管理资产规模', '34', '2016-02-22 15:03:01', '1');
INSERT INTO `zb_category_group_field_value` VALUES ('461', '28', '35', '投研团队规模', '34', '2016-02-22 15:03:01', '1');
INSERT INTO `zb_category_group_field_value` VALUES ('462', '28', '36', '曾管理产品绝对评价收益率', '34', '2016-02-22 15:03:01', '1');
INSERT INTO `zb_category_group_field_value` VALUES ('463', '28', '37', '曾管理产品相对评价收益率', '34', '2016-02-22 15:03:01', '1');
INSERT INTO `zb_category_group_field_value` VALUES ('464', '28', '38', '经营合规性', '34', '2016-02-22 15:03:01', '1');
INSERT INTO `zb_category_group_field_value` VALUES ('465', '28', '39', '团队稳定性', '34', '2016-02-22 15:03:01', '1');
INSERT INTO `zb_category_group_field_value` VALUES ('466', '28', '40', '决策机制', '34', '2016-02-22 15:03:01', '1');
INSERT INTO `zb_category_group_field_value` VALUES ('467', '28', '41', '基金经理', '34', '2016-02-22 15:03:01', '1');
INSERT INTO `zb_category_group_field_value` VALUES ('468', '28', '42', '开始管理本基金时间', '34', '2016-02-22 15:03:01', '1');
INSERT INTO `zb_category_group_field_value` VALUES ('469', '28', '43', '基金资历', '34', '2016-02-22 15:03:01', '1');
INSERT INTO `zb_category_group_field_value` VALUES ('470', '28', '44', '从业年限', '34', '2016-02-22 15:03:01', '1');
INSERT INTO `zb_category_group_field_value` VALUES ('471', '28', '45', '近一年投资业绩', '34', '2016-02-22 15:03:01', '1');
INSERT INTO `zb_category_group_field_value` VALUES ('472', '28', '46', '主要过往业绩', '34', '2016-02-22 15:03:01', '1');
INSERT INTO `zb_category_group_field_value` VALUES ('473', '28', '47', 'β系数', '34', '2016-02-22 15:03:01', '1');
INSERT INTO `zb_category_group_field_value` VALUES ('474', '28', '48', '区间最大亏损', '34', '2016-02-22 15:03:01', '1');
INSERT INTO `zb_category_group_field_value` VALUES ('475', '28', '49', '收益率标准差', '34', '2016-02-22 15:03:01', '1');
INSERT INTO `zb_category_group_field_value` VALUES ('476', '28', '50', '是否曾被监管', '34', '2016-02-22 15:03:01', '1');
INSERT INTO `zb_category_group_field_value` VALUES ('477', '28', '51', '产品是否曾清盘', '34', '2016-02-22 15:03:01', '1');
INSERT INTO `zb_category_group_field_value` VALUES ('478', '29', '28', '平均收益率(周)', '12', '2016-02-22 15:05:38', '1');
INSERT INTO `zb_category_group_field_value` VALUES ('479', '29', '29', '收益率排名', '23', '2016-02-22 15:05:38', '1');
INSERT INTO `zb_category_group_field_value` VALUES ('480', '29', '30', '夏普比率', '12', '2016-02-22 15:05:38', '1');
INSERT INTO `zb_category_group_field_value` VALUES ('481', '29', '31', '索丁诺比率', '12', '2016-02-22 15:05:38', '1');
INSERT INTO `zb_category_group_field_value` VALUES ('482', '29', '32', '管理人', '23', '2016-02-22 15:05:38', '1');
INSERT INTO `zb_category_group_field_value` VALUES ('483', '29', '33', '旗下产品数量', '34', '2016-02-22 15:05:38', '1');
INSERT INTO `zb_category_group_field_value` VALUES ('484', '29', '34', '管理资产规模', '34', '2016-02-22 15:05:38', '1');
INSERT INTO `zb_category_group_field_value` VALUES ('485', '29', '35', '投研团队规模', '23', '2016-02-22 15:05:38', '1');
INSERT INTO `zb_category_group_field_value` VALUES ('486', '29', '36', '曾管理产品绝对评价收益率', '23', '2016-02-22 15:05:38', '1');
INSERT INTO `zb_category_group_field_value` VALUES ('487', '29', '37', '曾管理产品相对评价收益率', '34', '2016-02-22 15:05:38', '1');
INSERT INTO `zb_category_group_field_value` VALUES ('488', '29', '38', '经营合规性', '34', '2016-02-22 15:05:38', '1');
INSERT INTO `zb_category_group_field_value` VALUES ('489', '29', '39', '团队稳定性', '23', '2016-02-22 15:05:38', '1');
INSERT INTO `zb_category_group_field_value` VALUES ('490', '29', '40', '决策机制', '23', '2016-02-22 15:05:38', '1');
INSERT INTO `zb_category_group_field_value` VALUES ('491', '29', '41', '基金经理', '34', '2016-02-22 15:05:38', '1');
INSERT INTO `zb_category_group_field_value` VALUES ('492', '29', '42', '开始管理本基金时间', '34', '2016-02-22 15:05:38', '1');
INSERT INTO `zb_category_group_field_value` VALUES ('493', '29', '43', '基金资历', '34', '2016-02-22 15:05:38', '1');
INSERT INTO `zb_category_group_field_value` VALUES ('494', '29', '44', '从业年限', '34', '2016-02-22 15:05:38', '1');
INSERT INTO `zb_category_group_field_value` VALUES ('495', '29', '45', '近一年投资业绩', '34', '2016-02-22 15:05:38', '1');
INSERT INTO `zb_category_group_field_value` VALUES ('496', '29', '46', '主要过往业绩', '34', '2016-02-22 15:05:38', '1');
INSERT INTO `zb_category_group_field_value` VALUES ('497', '29', '47', 'β系数', '34', '2016-02-22 15:05:38', '1');
INSERT INTO `zb_category_group_field_value` VALUES ('498', '29', '48', '区间最大亏损', '34', '2016-02-22 15:05:38', '1');
INSERT INTO `zb_category_group_field_value` VALUES ('499', '29', '49', '收益率标准差', '34', '2016-02-22 15:05:38', '1');
INSERT INTO `zb_category_group_field_value` VALUES ('500', '29', '50', '是否曾被监管', '34', '2016-02-22 15:05:38', '1');
INSERT INTO `zb_category_group_field_value` VALUES ('501', '29', '51', '产品是否曾清盘', '34', '2016-02-22 15:05:38', '1');
INSERT INTO `zb_category_group_field_value` VALUES ('502', '30', '28', '平均收益率(周)', '12', '2016-02-22 15:06:36', '1');
INSERT INTO `zb_category_group_field_value` VALUES ('503', '30', '29', '收益率排名', '2323', '2016-02-22 15:06:36', '1');
INSERT INTO `zb_category_group_field_value` VALUES ('504', '30', '30', '夏普比率', '12323', '2016-02-22 15:06:36', '1');
INSERT INTO `zb_category_group_field_value` VALUES ('505', '30', '31', '索丁诺比率', '12', '2016-02-22 15:06:36', '1');
INSERT INTO `zb_category_group_field_value` VALUES ('506', '30', '32', '管理人', '212', '2016-02-22 15:06:36', '1');
INSERT INTO `zb_category_group_field_value` VALUES ('507', '30', '33', '旗下产品数量', '1232', '2016-02-22 15:06:36', '1');
INSERT INTO `zb_category_group_field_value` VALUES ('508', '30', '34', '管理资产规模', '231', '2016-02-22 15:06:36', '1');
INSERT INTO `zb_category_group_field_value` VALUES ('509', '30', '35', '投研团队规模', '2321', '2016-02-22 15:06:36', '1');
INSERT INTO `zb_category_group_field_value` VALUES ('510', '30', '36', '曾管理产品绝对评价收益率', '23232', '2016-02-22 15:06:36', '1');
INSERT INTO `zb_category_group_field_value` VALUES ('511', '30', '37', '曾管理产品相对评价收益率', '2321', '2016-02-22 15:06:36', '1');
INSERT INTO `zb_category_group_field_value` VALUES ('512', '30', '38', '经营合规性', '2323', '2016-02-22 15:06:36', '1');
INSERT INTO `zb_category_group_field_value` VALUES ('513', '30', '39', '团队稳定性', '23232', '2016-02-22 15:06:36', '1');
INSERT INTO `zb_category_group_field_value` VALUES ('514', '30', '40', '决策机制', '123', '2016-02-22 15:06:36', '1');
INSERT INTO `zb_category_group_field_value` VALUES ('515', '30', '41', '基金经理', '232', '2016-02-22 15:06:36', '1');
INSERT INTO `zb_category_group_field_value` VALUES ('516', '30', '42', '开始管理本基金时间', '2', '2016-02-22 15:06:36', '1');
INSERT INTO `zb_category_group_field_value` VALUES ('517', '30', '43', '基金资历', '232', '2016-02-22 15:06:36', '1');
INSERT INTO `zb_category_group_field_value` VALUES ('518', '30', '44', '从业年限', '12', '2016-02-22 15:06:36', '1');
INSERT INTO `zb_category_group_field_value` VALUES ('519', '30', '45', '近一年投资业绩', '232', '2016-02-22 15:06:36', '1');
INSERT INTO `zb_category_group_field_value` VALUES ('520', '30', '46', '主要过往业绩', '2322', '2016-02-22 15:06:36', '1');
INSERT INTO `zb_category_group_field_value` VALUES ('521', '30', '47', 'β系数', '232', '2016-02-22 15:06:36', '1');
INSERT INTO `zb_category_group_field_value` VALUES ('522', '30', '48', '区间最大亏损', '23', '2016-02-22 15:06:36', '1');
INSERT INTO `zb_category_group_field_value` VALUES ('523', '30', '49', '收益率标准差', '23', '2016-02-22 15:06:36', '1');
INSERT INTO `zb_category_group_field_value` VALUES ('524', '30', '50', '是否曾被监管', '23', '2016-02-22 15:06:36', '1');
INSERT INTO `zb_category_group_field_value` VALUES ('525', '30', '51', '产品是否曾清盘', '23', '2016-02-22 15:06:36', '1');
INSERT INTO `zb_category_group_field_value` VALUES ('526', '31', '28', '平均收益率(周)', '1212', '2016-02-22 15:10:05', '1');
INSERT INTO `zb_category_group_field_value` VALUES ('527', '31', '29', '收益率排名', '12', '2016-02-22 15:10:05', '1');
INSERT INTO `zb_category_group_field_value` VALUES ('528', '31', '30', '夏普比率', '1212', '2016-02-22 15:10:05', '1');
INSERT INTO `zb_category_group_field_value` VALUES ('529', '31', '31', '索丁诺比率', '12', '2016-02-22 15:10:05', '1');
INSERT INTO `zb_category_group_field_value` VALUES ('530', '31', '32', '管理人', '12', '2016-02-22 15:10:05', '1');
INSERT INTO `zb_category_group_field_value` VALUES ('531', '31', '33', '旗下产品数量', '12', '2016-02-22 15:10:05', '1');
INSERT INTO `zb_category_group_field_value` VALUES ('532', '31', '34', '管理资产规模', '12', '2016-02-22 15:10:05', '1');
INSERT INTO `zb_category_group_field_value` VALUES ('533', '31', '35', '投研团队规模', '12', '2016-02-22 15:10:05', '1');
INSERT INTO `zb_category_group_field_value` VALUES ('534', '31', '36', '曾管理产品绝对评价收益率', '12', '2016-02-22 15:10:05', '1');
INSERT INTO `zb_category_group_field_value` VALUES ('535', '31', '37', '曾管理产品相对评价收益率', '12', '2016-02-22 15:10:05', '1');
INSERT INTO `zb_category_group_field_value` VALUES ('536', '31', '38', '经营合规性', '12', '2016-02-22 15:10:05', '1');
INSERT INTO `zb_category_group_field_value` VALUES ('537', '31', '39', '团队稳定性', '12', '2016-02-22 15:10:05', '1');
INSERT INTO `zb_category_group_field_value` VALUES ('538', '31', '40', '决策机制', '12', '2016-02-22 15:10:05', '1');
INSERT INTO `zb_category_group_field_value` VALUES ('539', '31', '41', '基金经理', '12', '2016-02-22 15:10:05', '1');
INSERT INTO `zb_category_group_field_value` VALUES ('540', '31', '42', '开始管理本基金时间', '12', '2016-02-22 15:10:05', '1');
INSERT INTO `zb_category_group_field_value` VALUES ('541', '31', '43', '基金资历', '12', '2016-02-22 15:10:05', '1');
INSERT INTO `zb_category_group_field_value` VALUES ('542', '31', '44', '从业年限', '12', '2016-02-22 15:10:05', '1');
INSERT INTO `zb_category_group_field_value` VALUES ('543', '31', '45', '近一年投资业绩', '12', '2016-02-22 15:10:05', '1');
INSERT INTO `zb_category_group_field_value` VALUES ('544', '31', '46', '主要过往业绩', '12', '2016-02-22 15:10:05', '1');
INSERT INTO `zb_category_group_field_value` VALUES ('545', '31', '47', 'β系数', '12', '2016-02-22 15:10:05', '1');
INSERT INTO `zb_category_group_field_value` VALUES ('546', '31', '48', '区间最大亏损', '12', '2016-02-22 15:10:05', '1');
INSERT INTO `zb_category_group_field_value` VALUES ('547', '31', '49', '收益率标准差', '12', '2016-02-22 15:10:05', '1');
INSERT INTO `zb_category_group_field_value` VALUES ('548', '31', '50', '是否曾被监管', '12', '2016-02-22 15:10:05', '1');
INSERT INTO `zb_category_group_field_value` VALUES ('549', '31', '51', '产品是否曾清盘', '12', '2016-02-22 15:10:05', '1');
INSERT INTO `zb_category_group_field_value` VALUES ('550', '32', '28', '平均收益率(周)', '', '2016-02-22 16:52:55', '1');
INSERT INTO `zb_category_group_field_value` VALUES ('551', '32', '29', '收益率排名', '', '2016-02-22 16:52:55', '1');
INSERT INTO `zb_category_group_field_value` VALUES ('552', '32', '30', '夏普比率', '', '2016-02-22 16:52:55', '1');
INSERT INTO `zb_category_group_field_value` VALUES ('553', '32', '31', '索丁诺比率', '', '2016-02-22 16:52:55', '1');
INSERT INTO `zb_category_group_field_value` VALUES ('554', '32', '32', '管理人', '', '2016-02-22 16:52:55', '1');
INSERT INTO `zb_category_group_field_value` VALUES ('555', '32', '33', '旗下产品数量', '', '2016-02-22 16:52:55', '1');
INSERT INTO `zb_category_group_field_value` VALUES ('556', '32', '34', '管理资产规模', '', '2016-02-22 16:52:55', '1');
INSERT INTO `zb_category_group_field_value` VALUES ('557', '32', '35', '投研团队规模', '', '2016-02-22 16:52:55', '1');
INSERT INTO `zb_category_group_field_value` VALUES ('558', '32', '36', '曾管理产品绝对评价收益率', '', '2016-02-22 16:52:55', '1');
INSERT INTO `zb_category_group_field_value` VALUES ('559', '32', '37', '曾管理产品相对评价收益率', '', '2016-02-22 16:52:55', '1');
INSERT INTO `zb_category_group_field_value` VALUES ('560', '32', '38', '经营合规性', '', '2016-02-22 16:52:55', '1');
INSERT INTO `zb_category_group_field_value` VALUES ('561', '32', '39', '团队稳定性', '', '2016-02-22 16:52:55', '1');
INSERT INTO `zb_category_group_field_value` VALUES ('562', '32', '40', '决策机制', '', '2016-02-22 16:52:55', '1');
INSERT INTO `zb_category_group_field_value` VALUES ('563', '32', '41', '基金经理', '', '2016-02-22 16:52:55', '1');
INSERT INTO `zb_category_group_field_value` VALUES ('564', '32', '42', '开始管理本基金时间', '', '2016-02-22 16:52:55', '1');
INSERT INTO `zb_category_group_field_value` VALUES ('565', '32', '43', '基金资历', '', '2016-02-22 16:52:55', '1');
INSERT INTO `zb_category_group_field_value` VALUES ('566', '32', '44', '从业年限', '', '2016-02-22 16:52:55', '1');
INSERT INTO `zb_category_group_field_value` VALUES ('567', '32', '45', '近一年投资业绩', '', '2016-02-22 16:52:55', '1');
INSERT INTO `zb_category_group_field_value` VALUES ('568', '32', '46', '主要过往业绩', '', '2016-02-22 16:52:55', '1');
INSERT INTO `zb_category_group_field_value` VALUES ('569', '32', '47', 'β系数', '', '2016-02-22 16:52:55', '1');
INSERT INTO `zb_category_group_field_value` VALUES ('570', '32', '48', '区间最大亏损', '', '2016-02-22 16:52:55', '1');
INSERT INTO `zb_category_group_field_value` VALUES ('571', '32', '49', '收益率标准差', '', '2016-02-22 16:52:55', '1');
INSERT INTO `zb_category_group_field_value` VALUES ('572', '32', '50', '是否曾被监管', '', '2016-02-22 16:52:55', '1');
INSERT INTO `zb_category_group_field_value` VALUES ('573', '32', '51', '产品是否曾清盘', '', '2016-02-22 16:52:55', '1');
INSERT INTO `zb_category_group_field_value` VALUES ('574', '33', '7', '收益率', '', '2016-02-22 16:56:30', '1');
INSERT INTO `zb_category_group_field_value` VALUES ('575', '33', '8', '担保', '', '2016-02-22 16:56:30', '1');
INSERT INTO `zb_category_group_field_value` VALUES ('576', '33', '9', '抵押比例', '', '2016-02-22 16:56:30', '1');
INSERT INTO `zb_category_group_field_value` VALUES ('577', '33', '10', '连带责任', '', '2016-02-22 16:56:30', '1');
INSERT INTO `zb_category_group_field_value` VALUES ('578', '33', '11', '产品规模', '', '2016-02-22 16:56:30', '1');
INSERT INTO `zb_category_group_field_value` VALUES ('579', '33', '12', '产品期限', '', '2016-02-22 16:56:30', '1');
INSERT INTO `zb_category_group_field_value` VALUES ('580', '33', '13', '总资产', '', '2016-02-22 16:56:30', '1');
INSERT INTO `zb_category_group_field_value` VALUES ('581', '33', '14', '业内排名', '', '2016-02-22 16:56:30', '1');
INSERT INTO `zb_category_group_field_value` VALUES ('582', '33', '15', '资产负债率', '', '2016-02-22 16:56:30', '1');
INSERT INTO `zb_category_group_field_value` VALUES ('583', '33', '16', '流动比率', '', '2016-02-22 16:56:30', '1');
INSERT INTO `zb_category_group_field_value` VALUES ('584', '33', '17', '现金流情况', '', '2016-02-22 16:56:30', '1');
INSERT INTO `zb_category_group_field_value` VALUES ('585', '33', '18', '速动比率', '', '2016-02-22 16:56:30', '1');
INSERT INTO `zb_category_group_field_value` VALUES ('586', '33', '19', '近期项目销售情况', '', '2016-02-22 16:56:30', '1');
INSERT INTO `zb_category_group_field_value` VALUES ('587', '33', '20', '是否有不良记录和报道', '', '2016-02-22 16:56:30', '1');
INSERT INTO `zb_category_group_field_value` VALUES ('588', '33', '21', '项目位置', '', '2016-02-22 16:56:30', '1');
INSERT INTO `zb_category_group_field_value` VALUES ('589', '33', '22', '项目公司监管', '', '2016-02-22 16:56:30', '1');
INSERT INTO `zb_category_group_field_value` VALUES ('590', '33', '23', '财政支持', '', '2016-02-22 16:56:30', '1');
INSERT INTO `zb_category_group_field_value` VALUES ('591', '33', '24', '周边项目优势', '', '2016-02-22 16:56:30', '1');
INSERT INTO `zb_category_group_field_value` VALUES ('592', '33', '25', '政策风险', '', '2016-02-22 16:56:30', '1');
INSERT INTO `zb_category_group_field_value` VALUES ('593', '33', '26', '销售进度', '', '2016-02-22 16:56:30', '1');
INSERT INTO `zb_category_group_field_value` VALUES ('594', '33', '27', '还款项目规模/借款金额', '', '2016-02-22 16:56:30', '1');
INSERT INTO `zb_category_group_field_value` VALUES ('595', '34', '7', '收益率', '', '2016-02-22 16:58:58', '1');
INSERT INTO `zb_category_group_field_value` VALUES ('596', '34', '8', '担保', '', '2016-02-22 16:58:58', '1');
INSERT INTO `zb_category_group_field_value` VALUES ('597', '34', '9', '抵押比例', '', '2016-02-22 16:58:58', '1');
INSERT INTO `zb_category_group_field_value` VALUES ('598', '34', '10', '连带责任', '', '2016-02-22 16:58:58', '1');
INSERT INTO `zb_category_group_field_value` VALUES ('599', '34', '11', '产品规模', '', '2016-02-22 16:58:58', '1');
INSERT INTO `zb_category_group_field_value` VALUES ('600', '34', '12', '产品期限', '', '2016-02-22 16:58:58', '1');
INSERT INTO `zb_category_group_field_value` VALUES ('601', '34', '13', '总资产', '', '2016-02-22 16:58:58', '1');
INSERT INTO `zb_category_group_field_value` VALUES ('602', '34', '14', '业内排名', '', '2016-02-22 16:58:58', '1');
INSERT INTO `zb_category_group_field_value` VALUES ('603', '34', '15', '资产负债率', '', '2016-02-22 16:58:58', '1');
INSERT INTO `zb_category_group_field_value` VALUES ('604', '34', '16', '流动比率', '', '2016-02-22 16:58:58', '1');
INSERT INTO `zb_category_group_field_value` VALUES ('605', '34', '17', '现金流情况', '', '2016-02-22 16:58:58', '1');
INSERT INTO `zb_category_group_field_value` VALUES ('606', '34', '18', '速动比率', '', '2016-02-22 16:58:58', '1');
INSERT INTO `zb_category_group_field_value` VALUES ('607', '34', '19', '近期项目销售情况', '', '2016-02-22 16:58:58', '1');
INSERT INTO `zb_category_group_field_value` VALUES ('608', '34', '20', '是否有不良记录和报道', '', '2016-02-22 16:58:58', '1');
INSERT INTO `zb_category_group_field_value` VALUES ('609', '34', '21', '项目位置', '', '2016-02-22 16:58:58', '1');
INSERT INTO `zb_category_group_field_value` VALUES ('610', '34', '22', '项目公司监管', '', '2016-02-22 16:58:58', '1');
INSERT INTO `zb_category_group_field_value` VALUES ('611', '34', '23', '财政支持', '', '2016-02-22 16:58:58', '1');
INSERT INTO `zb_category_group_field_value` VALUES ('612', '34', '24', '周边项目优势', '', '2016-02-22 16:58:58', '1');
INSERT INTO `zb_category_group_field_value` VALUES ('613', '34', '25', '政策风险', '', '2016-02-22 16:58:58', '1');
INSERT INTO `zb_category_group_field_value` VALUES ('614', '34', '26', '销售进度', '', '2016-02-22 16:58:58', '1');
INSERT INTO `zb_category_group_field_value` VALUES ('615', '34', '27', '还款项目规模/借款金额', '', '2016-02-22 16:58:58', '1');
INSERT INTO `zb_category_group_field_value` VALUES ('616', '35', '7', '收益率', '', '2016-02-22 17:00:55', '1');
INSERT INTO `zb_category_group_field_value` VALUES ('617', '35', '8', '担保', '', '2016-02-22 17:00:55', '1');
INSERT INTO `zb_category_group_field_value` VALUES ('618', '35', '9', '抵押比例', '', '2016-02-22 17:00:55', '1');
INSERT INTO `zb_category_group_field_value` VALUES ('619', '35', '10', '连带责任', '', '2016-02-22 17:00:55', '1');
INSERT INTO `zb_category_group_field_value` VALUES ('620', '35', '11', '产品规模', '', '2016-02-22 17:00:55', '1');
INSERT INTO `zb_category_group_field_value` VALUES ('621', '35', '12', '产品期限', '', '2016-02-22 17:00:55', '1');
INSERT INTO `zb_category_group_field_value` VALUES ('622', '35', '13', '总资产', '', '2016-02-22 17:00:55', '1');
INSERT INTO `zb_category_group_field_value` VALUES ('623', '35', '14', '业内排名', '', '2016-02-22 17:00:55', '1');
INSERT INTO `zb_category_group_field_value` VALUES ('624', '35', '15', '资产负债率', '', '2016-02-22 17:00:55', '1');
INSERT INTO `zb_category_group_field_value` VALUES ('625', '35', '16', '流动比率', '', '2016-02-22 17:00:55', '1');
INSERT INTO `zb_category_group_field_value` VALUES ('626', '35', '17', '现金流情况', '', '2016-02-22 17:00:55', '1');
INSERT INTO `zb_category_group_field_value` VALUES ('627', '35', '18', '速动比率', '', '2016-02-22 17:00:55', '1');
INSERT INTO `zb_category_group_field_value` VALUES ('628', '35', '19', '近期项目销售情况', '', '2016-02-22 17:00:55', '1');
INSERT INTO `zb_category_group_field_value` VALUES ('629', '35', '20', '是否有不良记录和报道', '', '2016-02-22 17:00:55', '1');
INSERT INTO `zb_category_group_field_value` VALUES ('630', '35', '21', '项目位置', '', '2016-02-22 17:00:56', '1');
INSERT INTO `zb_category_group_field_value` VALUES ('631', '35', '22', '项目公司监管', '', '2016-02-22 17:00:55', '1');
INSERT INTO `zb_category_group_field_value` VALUES ('632', '35', '23', '财政支持', '', '2016-02-22 17:00:55', '1');
INSERT INTO `zb_category_group_field_value` VALUES ('633', '35', '24', '周边项目优势', '', '2016-02-22 17:00:56', '1');
INSERT INTO `zb_category_group_field_value` VALUES ('634', '35', '25', '政策风险', '', '2016-02-22 17:00:55', '1');
INSERT INTO `zb_category_group_field_value` VALUES ('635', '35', '26', '销售进度', '', '2016-02-22 17:00:56', '1');
INSERT INTO `zb_category_group_field_value` VALUES ('636', '35', '27', '还款项目规模/借款金额', '', '2016-02-22 17:00:56', '1');
INSERT INTO `zb_category_group_field_value` VALUES ('637', '36', '7', '收益率', '', '2016-02-22 17:02:06', '1');
INSERT INTO `zb_category_group_field_value` VALUES ('638', '36', '8', '担保', '', '2016-02-22 17:02:06', '1');
INSERT INTO `zb_category_group_field_value` VALUES ('639', '36', '9', '抵押比例', '', '2016-02-22 17:02:06', '1');
INSERT INTO `zb_category_group_field_value` VALUES ('640', '36', '10', '连带责任', '', '2016-02-22 17:02:06', '1');
INSERT INTO `zb_category_group_field_value` VALUES ('641', '36', '11', '产品规模', '', '2016-02-22 17:02:06', '1');
INSERT INTO `zb_category_group_field_value` VALUES ('642', '36', '12', '产品期限', '', '2016-02-22 17:02:06', '1');
INSERT INTO `zb_category_group_field_value` VALUES ('643', '36', '13', '总资产', '', '2016-02-22 17:02:06', '1');
INSERT INTO `zb_category_group_field_value` VALUES ('644', '36', '14', '业内排名', '', '2016-02-22 17:02:06', '1');
INSERT INTO `zb_category_group_field_value` VALUES ('645', '36', '15', '资产负债率', '', '2016-02-22 17:02:06', '1');
INSERT INTO `zb_category_group_field_value` VALUES ('646', '36', '16', '流动比率', '', '2016-02-22 17:02:06', '1');
INSERT INTO `zb_category_group_field_value` VALUES ('647', '36', '17', '现金流情况', '', '2016-02-22 17:02:06', '1');
INSERT INTO `zb_category_group_field_value` VALUES ('648', '36', '18', '速动比率', '', '2016-02-22 17:02:06', '1');
INSERT INTO `zb_category_group_field_value` VALUES ('649', '36', '19', '近期项目销售情况', '', '2016-02-22 17:02:06', '1');
INSERT INTO `zb_category_group_field_value` VALUES ('650', '36', '20', '是否有不良记录和报道', '', '2016-02-22 17:02:06', '1');
INSERT INTO `zb_category_group_field_value` VALUES ('651', '36', '21', '项目位置', '', '2016-02-22 17:02:06', '1');
INSERT INTO `zb_category_group_field_value` VALUES ('652', '36', '22', '项目公司监管', '', '2016-02-22 17:02:06', '1');
INSERT INTO `zb_category_group_field_value` VALUES ('653', '36', '23', '财政支持', '', '2016-02-22 17:02:06', '1');
INSERT INTO `zb_category_group_field_value` VALUES ('654', '36', '24', '周边项目优势', '', '2016-02-22 17:02:06', '1');
INSERT INTO `zb_category_group_field_value` VALUES ('655', '36', '25', '政策风险', '', '2016-02-22 17:02:06', '1');
INSERT INTO `zb_category_group_field_value` VALUES ('656', '36', '26', '销售进度', '', '2016-02-22 17:02:06', '1');
INSERT INTO `zb_category_group_field_value` VALUES ('657', '36', '27', '还款项目规模/借款金额', '', '2016-02-22 17:02:06', '1');
INSERT INTO `zb_category_group_field_value` VALUES ('658', '37', '28', '平均收益率(周)', '', '2016-02-22 17:15:36', '1');
INSERT INTO `zb_category_group_field_value` VALUES ('659', '37', '29', '收益率排名', '', '2016-02-22 17:15:36', '1');
INSERT INTO `zb_category_group_field_value` VALUES ('660', '37', '30', '夏普比率', '', '2016-02-22 17:15:36', '1');
INSERT INTO `zb_category_group_field_value` VALUES ('661', '37', '31', '索丁诺比率', '', '2016-02-22 17:15:36', '1');
INSERT INTO `zb_category_group_field_value` VALUES ('662', '37', '32', '管理人', '', '2016-02-22 17:15:36', '1');
INSERT INTO `zb_category_group_field_value` VALUES ('663', '37', '33', '旗下产品数量', '', '2016-02-22 17:15:36', '1');
INSERT INTO `zb_category_group_field_value` VALUES ('664', '37', '34', '管理资产规模', '', '2016-02-22 17:15:36', '1');
INSERT INTO `zb_category_group_field_value` VALUES ('665', '37', '35', '投研团队规模', '', '2016-02-22 17:15:36', '1');
INSERT INTO `zb_category_group_field_value` VALUES ('666', '37', '36', '曾管理产品绝对评价收益率', '', '2016-02-22 17:15:36', '1');
INSERT INTO `zb_category_group_field_value` VALUES ('667', '37', '37', '曾管理产品相对评价收益率', '', '2016-02-22 17:15:36', '1');
INSERT INTO `zb_category_group_field_value` VALUES ('668', '37', '38', '经营合规性', '', '2016-02-22 17:15:36', '1');
INSERT INTO `zb_category_group_field_value` VALUES ('669', '37', '39', '团队稳定性', '', '2016-02-22 17:15:36', '1');
INSERT INTO `zb_category_group_field_value` VALUES ('670', '37', '40', '决策机制', '', '2016-02-22 17:15:36', '1');
INSERT INTO `zb_category_group_field_value` VALUES ('671', '37', '41', '基金经理', '', '2016-02-22 17:15:36', '1');
INSERT INTO `zb_category_group_field_value` VALUES ('672', '37', '42', '开始管理本基金时间', '', '2016-02-22 17:15:36', '1');
INSERT INTO `zb_category_group_field_value` VALUES ('673', '37', '43', '基金资历', '', '2016-02-22 17:15:36', '1');
INSERT INTO `zb_category_group_field_value` VALUES ('674', '37', '44', '从业年限', '', '2016-02-22 17:15:36', '1');
INSERT INTO `zb_category_group_field_value` VALUES ('675', '37', '45', '近一年投资业绩', '', '2016-02-22 17:15:36', '1');
INSERT INTO `zb_category_group_field_value` VALUES ('676', '37', '46', '主要过往业绩', '', '2016-02-22 17:15:36', '1');
INSERT INTO `zb_category_group_field_value` VALUES ('677', '37', '47', 'β系数', '', '2016-02-22 17:15:36', '1');
INSERT INTO `zb_category_group_field_value` VALUES ('678', '37', '48', '区间最大亏损', '', '2016-02-22 17:15:36', '1');
INSERT INTO `zb_category_group_field_value` VALUES ('679', '37', '49', '收益率标准差', '', '2016-02-22 17:15:36', '1');
INSERT INTO `zb_category_group_field_value` VALUES ('680', '37', '50', '是否曾被监管', '', '2016-02-22 17:15:36', '1');
INSERT INTO `zb_category_group_field_value` VALUES ('681', '37', '51', '产品是否曾清盘', '', '2016-02-22 17:15:36', '1');
INSERT INTO `zb_category_group_field_value` VALUES ('682', '38', '28', '平均收益率(周)', '', '2016-03-28 16:59:46', '1');
INSERT INTO `zb_category_group_field_value` VALUES ('683', '38', '29', '收益率排名', '', '2016-03-28 16:59:46', '1');
INSERT INTO `zb_category_group_field_value` VALUES ('684', '38', '30', '夏普比率', '', '2016-03-28 16:59:46', '1');
INSERT INTO `zb_category_group_field_value` VALUES ('685', '38', '31', '索丁诺比率', '', '2016-03-28 16:59:46', '1');
INSERT INTO `zb_category_group_field_value` VALUES ('686', '38', '32', '管理人', '', '2016-03-28 16:59:46', '1');
INSERT INTO `zb_category_group_field_value` VALUES ('687', '38', '33', '旗下产品数量', '', '2016-03-28 16:59:46', '1');
INSERT INTO `zb_category_group_field_value` VALUES ('688', '38', '34', '管理资产规模', '', '2016-03-28 16:59:46', '1');
INSERT INTO `zb_category_group_field_value` VALUES ('689', '38', '35', '投研团队规模', '', '2016-03-28 16:59:46', '1');
INSERT INTO `zb_category_group_field_value` VALUES ('690', '38', '36', '曾管理产品绝对评价收益率', '', '2016-03-28 16:59:46', '1');
INSERT INTO `zb_category_group_field_value` VALUES ('691', '38', '37', '曾管理产品相对评价收益率', '', '2016-03-28 16:59:46', '1');
INSERT INTO `zb_category_group_field_value` VALUES ('692', '38', '38', '经营合规性', '', '2016-03-28 16:59:46', '1');
INSERT INTO `zb_category_group_field_value` VALUES ('693', '38', '39', '团队稳定性', '', '2016-03-28 16:59:46', '1');
INSERT INTO `zb_category_group_field_value` VALUES ('694', '38', '40', '决策机制', '', '2016-03-28 16:59:46', '1');
INSERT INTO `zb_category_group_field_value` VALUES ('695', '38', '41', '基金经理', '', '2016-03-28 16:59:46', '1');
INSERT INTO `zb_category_group_field_value` VALUES ('696', '38', '42', '开始管理本基金时间', '', '2016-03-28 16:59:46', '1');
INSERT INTO `zb_category_group_field_value` VALUES ('697', '38', '43', '基金资历', '', '2016-03-28 16:59:46', '1');
INSERT INTO `zb_category_group_field_value` VALUES ('698', '38', '44', '从业年限', '', '2016-03-28 16:59:46', '1');
INSERT INTO `zb_category_group_field_value` VALUES ('699', '38', '45', '近一年投资业绩', '', '2016-03-28 16:59:46', '1');
INSERT INTO `zb_category_group_field_value` VALUES ('700', '38', '46', '主要过往业绩', '', '2016-03-28 16:59:46', '1');
INSERT INTO `zb_category_group_field_value` VALUES ('701', '38', '47', 'β系数', '', '2016-03-28 16:59:46', '1');
INSERT INTO `zb_category_group_field_value` VALUES ('702', '38', '48', '区间最大亏损', '', '2016-03-28 16:59:46', '1');
INSERT INTO `zb_category_group_field_value` VALUES ('703', '38', '49', '收益率标准差', '', '2016-03-28 16:59:46', '1');
INSERT INTO `zb_category_group_field_value` VALUES ('704', '38', '50', '是否曾被监管', '', '2016-03-28 16:59:46', '1');
INSERT INTO `zb_category_group_field_value` VALUES ('705', '38', '51', '产品是否曾清盘', '', '2016-03-28 16:59:46', '1');
INSERT INTO `zb_category_group_field_value` VALUES ('706', '39', '7', '收益率', '1', '2016-03-25 14:44:04', '1');
INSERT INTO `zb_category_group_field_value` VALUES ('707', '39', '8', '担保', '11', '2016-03-25 14:44:04', '1');
INSERT INTO `zb_category_group_field_value` VALUES ('708', '39', '9', '抵押比例', '1', '2016-03-25 14:44:04', '1');
INSERT INTO `zb_category_group_field_value` VALUES ('709', '39', '10', '连带责任', '1', '2016-03-25 14:44:04', '1');
INSERT INTO `zb_category_group_field_value` VALUES ('710', '39', '11', '产品规模', '1', '2016-03-25 14:44:04', '1');
INSERT INTO `zb_category_group_field_value` VALUES ('711', '39', '12', '产品期限', '11', '2016-03-25 14:44:04', '1');
INSERT INTO `zb_category_group_field_value` VALUES ('712', '39', '13', '总资产', '1', '2016-03-25 14:44:04', '1');
INSERT INTO `zb_category_group_field_value` VALUES ('713', '39', '14', '业内排名', '1', '2016-03-25 14:44:04', '1');
INSERT INTO `zb_category_group_field_value` VALUES ('714', '39', '15', '资产负债率', '1', '2016-03-25 14:44:04', '1');
INSERT INTO `zb_category_group_field_value` VALUES ('715', '39', '16', '流动比率', '11', '2016-03-25 14:44:04', '1');
INSERT INTO `zb_category_group_field_value` VALUES ('716', '39', '17', '现金流情况', '1', '2016-03-25 14:44:04', '1');
INSERT INTO `zb_category_group_field_value` VALUES ('717', '39', '18', '速动比率', '1', '2016-03-25 14:44:04', '1');
INSERT INTO `zb_category_group_field_value` VALUES ('718', '39', '19', '近期项目销售情况', '1', '2016-03-25 14:44:04', '1');
INSERT INTO `zb_category_group_field_value` VALUES ('719', '39', '20', '是否有不良记录和报道', '1', '2016-03-25 14:44:04', '1');
INSERT INTO `zb_category_group_field_value` VALUES ('720', '39', '21', '项目位置', '1', '2016-03-25 14:44:04', '1');
INSERT INTO `zb_category_group_field_value` VALUES ('721', '39', '22', '项目公司监管', '1', '2016-03-25 14:44:04', '1');
INSERT INTO `zb_category_group_field_value` VALUES ('722', '39', '23', '财政支持', '1', '2016-03-25 14:44:04', '1');
INSERT INTO `zb_category_group_field_value` VALUES ('723', '39', '24', '周边项目优势', '1', '2016-03-25 14:44:04', '1');
INSERT INTO `zb_category_group_field_value` VALUES ('724', '39', '25', '政策风险', '1', '2016-03-25 14:44:04', '1');
INSERT INTO `zb_category_group_field_value` VALUES ('725', '39', '26', '销售进度', '1', '2016-03-25 14:44:04', '1');
INSERT INTO `zb_category_group_field_value` VALUES ('726', '39', '27', '还款项目规模/借款金额', '1', '2016-03-25 14:44:04', '1');
INSERT INTO `zb_category_group_field_value` VALUES ('727', '40', '7', '收益率', '', '2016-02-23 16:18:31', '1');
INSERT INTO `zb_category_group_field_value` VALUES ('728', '40', '8', '担保', '', '2016-02-23 16:18:31', '1');
INSERT INTO `zb_category_group_field_value` VALUES ('729', '40', '9', '抵押比例', '', '2016-02-23 16:18:31', '1');
INSERT INTO `zb_category_group_field_value` VALUES ('730', '40', '10', '连带责任', '', '2016-02-23 16:18:31', '1');
INSERT INTO `zb_category_group_field_value` VALUES ('731', '40', '11', '产品规模', '', '2016-02-23 16:18:31', '1');
INSERT INTO `zb_category_group_field_value` VALUES ('732', '40', '12', '产品期限', '', '2016-02-23 16:18:31', '1');
INSERT INTO `zb_category_group_field_value` VALUES ('733', '40', '13', '总资产', '', '2016-02-23 16:18:31', '1');
INSERT INTO `zb_category_group_field_value` VALUES ('734', '40', '14', '业内排名', '', '2016-02-23 16:18:31', '1');
INSERT INTO `zb_category_group_field_value` VALUES ('735', '40', '15', '资产负债率', '', '2016-02-23 16:18:31', '1');
INSERT INTO `zb_category_group_field_value` VALUES ('736', '40', '16', '流动比率', '', '2016-02-23 16:18:31', '1');
INSERT INTO `zb_category_group_field_value` VALUES ('737', '40', '17', '现金流情况', '', '2016-02-23 16:18:31', '1');
INSERT INTO `zb_category_group_field_value` VALUES ('738', '40', '18', '速动比率', '', '2016-02-23 16:18:31', '1');
INSERT INTO `zb_category_group_field_value` VALUES ('739', '40', '19', '近期项目销售情况', '', '2016-02-23 16:18:31', '1');
INSERT INTO `zb_category_group_field_value` VALUES ('740', '40', '20', '是否有不良记录和报道', '', '2016-02-23 16:18:31', '1');
INSERT INTO `zb_category_group_field_value` VALUES ('741', '40', '21', '项目位置', '', '2016-02-23 16:18:31', '1');
INSERT INTO `zb_category_group_field_value` VALUES ('742', '40', '22', '项目公司监管', '', '2016-02-23 16:18:31', '1');
INSERT INTO `zb_category_group_field_value` VALUES ('743', '40', '23', '财政支持', '', '2016-02-23 16:18:31', '1');
INSERT INTO `zb_category_group_field_value` VALUES ('744', '40', '24', '周边项目优势', '', '2016-02-23 16:18:31', '1');
INSERT INTO `zb_category_group_field_value` VALUES ('745', '40', '25', '政策风险', '', '2016-02-23 16:18:31', '1');
INSERT INTO `zb_category_group_field_value` VALUES ('746', '40', '26', '销售进度', '', '2016-02-23 16:18:31', '1');
INSERT INTO `zb_category_group_field_value` VALUES ('747', '40', '27', '还款项目规模/借款金额', '', '2016-02-23 16:18:31', '1');
INSERT INTO `zb_category_group_field_value` VALUES ('748', '41', '7', '收益率', '2323', '2016-02-23 16:33:14', '1');
INSERT INTO `zb_category_group_field_value` VALUES ('749', '41', '8', '担保', '123', '2016-02-23 16:33:14', '1');
INSERT INTO `zb_category_group_field_value` VALUES ('750', '41', '9', '抵押比例', '2321', '2016-02-23 16:33:14', '1');
INSERT INTO `zb_category_group_field_value` VALUES ('751', '41', '10', '连带责任', '2323', '2016-02-23 16:33:14', '1');
INSERT INTO `zb_category_group_field_value` VALUES ('752', '41', '11', '产品规模', '2323', '2016-02-23 16:33:14', '1');
INSERT INTO `zb_category_group_field_value` VALUES ('753', '41', '12', '产品期限', '212', '2016-02-23 16:33:14', '1');
INSERT INTO `zb_category_group_field_value` VALUES ('754', '41', '13', '总资产', '232', '2016-02-23 16:33:14', '1');
INSERT INTO `zb_category_group_field_value` VALUES ('755', '41', '14', '业内排名', '232', '2016-02-23 16:33:14', '1');
INSERT INTO `zb_category_group_field_value` VALUES ('756', '41', '15', '资产负债率', '232', '2016-02-23 16:33:14', '1');
INSERT INTO `zb_category_group_field_value` VALUES ('757', '41', '16', '流动比率', '23', '2016-02-23 16:33:14', '1');
INSERT INTO `zb_category_group_field_value` VALUES ('758', '41', '17', '现金流情况', '232', '2016-02-23 16:33:14', '1');
INSERT INTO `zb_category_group_field_value` VALUES ('759', '41', '18', '速动比率', '23', '2016-02-23 16:33:14', '1');
INSERT INTO `zb_category_group_field_value` VALUES ('760', '41', '19', '近期项目销售情况', '23', '2016-02-23 16:33:14', '1');
INSERT INTO `zb_category_group_field_value` VALUES ('761', '41', '20', '是否有不良记录和报道', '23', '2016-02-23 16:33:14', '1');
INSERT INTO `zb_category_group_field_value` VALUES ('762', '41', '21', '项目位置', '2', '2016-02-23 16:33:14', '1');
INSERT INTO `zb_category_group_field_value` VALUES ('763', '41', '22', '项目公司监管', '2', '2016-02-23 16:33:14', '1');
INSERT INTO `zb_category_group_field_value` VALUES ('764', '41', '23', '财政支持', '22', '2016-02-23 16:33:14', '1');
INSERT INTO `zb_category_group_field_value` VALUES ('765', '41', '24', '周边项目优势', '2', '2016-02-23 16:33:14', '1');
INSERT INTO `zb_category_group_field_value` VALUES ('766', '41', '25', '政策风险', '2', '2016-02-23 16:33:14', '1');
INSERT INTO `zb_category_group_field_value` VALUES ('767', '41', '26', '销售进度', '2', '2016-02-23 16:33:14', '1');
INSERT INTO `zb_category_group_field_value` VALUES ('768', '41', '27', '还款项目规模/借款金额', '2', '2016-02-23 16:33:14', '1');
INSERT INTO `zb_category_group_field_value` VALUES ('769', '42', '28', '平均收益率(周)', '', '2016-03-23 15:50:16', '1');
INSERT INTO `zb_category_group_field_value` VALUES ('770', '42', '29', '收益率排名', '', '2016-03-23 15:50:16', '1');
INSERT INTO `zb_category_group_field_value` VALUES ('771', '42', '30', '夏普比率', '', '2016-03-23 15:50:16', '1');
INSERT INTO `zb_category_group_field_value` VALUES ('772', '42', '31', '索丁诺比率', '', '2016-03-23 15:50:16', '1');
INSERT INTO `zb_category_group_field_value` VALUES ('773', '42', '32', '管理人', '', '2016-03-23 15:50:16', '1');
INSERT INTO `zb_category_group_field_value` VALUES ('774', '42', '33', '旗下产品数量', '', '2016-03-23 15:50:16', '1');
INSERT INTO `zb_category_group_field_value` VALUES ('775', '42', '34', '管理资产规模', '', '2016-03-23 15:50:16', '1');
INSERT INTO `zb_category_group_field_value` VALUES ('776', '42', '35', '投研团队规模', '', '2016-03-23 15:50:16', '1');
INSERT INTO `zb_category_group_field_value` VALUES ('777', '42', '36', '曾管理产品绝对评价收益率', '', '2016-03-23 15:50:16', '1');
INSERT INTO `zb_category_group_field_value` VALUES ('778', '42', '37', '曾管理产品相对评价收益率', '', '2016-03-23 15:50:16', '1');
INSERT INTO `zb_category_group_field_value` VALUES ('779', '42', '38', '经营合规性', '', '2016-03-23 15:50:16', '1');
INSERT INTO `zb_category_group_field_value` VALUES ('780', '42', '39', '团队稳定性', '', '2016-03-23 15:50:16', '1');
INSERT INTO `zb_category_group_field_value` VALUES ('781', '42', '40', '决策机制', '', '2016-03-23 15:50:16', '1');
INSERT INTO `zb_category_group_field_value` VALUES ('782', '42', '41', '基金经理', '', '2016-03-23 15:50:16', '1');
INSERT INTO `zb_category_group_field_value` VALUES ('783', '42', '42', '开始管理本基金时间', '', '2016-03-23 15:50:16', '1');
INSERT INTO `zb_category_group_field_value` VALUES ('784', '42', '43', '基金资历', '', '2016-03-23 15:50:16', '1');
INSERT INTO `zb_category_group_field_value` VALUES ('785', '42', '44', '从业年限', '', '2016-03-23 15:50:16', '1');
INSERT INTO `zb_category_group_field_value` VALUES ('786', '42', '45', '近一年投资业绩', '', '2016-03-23 15:50:16', '1');
INSERT INTO `zb_category_group_field_value` VALUES ('787', '42', '46', '主要过往业绩', '', '2016-03-23 15:50:16', '1');
INSERT INTO `zb_category_group_field_value` VALUES ('788', '42', '47', 'β系数', '', '2016-03-23 15:50:16', '1');
INSERT INTO `zb_category_group_field_value` VALUES ('789', '42', '48', '区间最大亏损', '', '2016-03-23 15:50:16', '1');
INSERT INTO `zb_category_group_field_value` VALUES ('790', '42', '49', '收益率标准差', '', '2016-03-23 15:50:16', '1');
INSERT INTO `zb_category_group_field_value` VALUES ('791', '42', '50', '是否曾被监管', '', '2016-03-23 15:50:16', '1');
INSERT INTO `zb_category_group_field_value` VALUES ('792', '42', '51', '产品是否曾清盘', '', '2016-03-23 15:50:16', '1');
INSERT INTO `zb_category_group_field_value` VALUES ('793', '43', '28', '平均收益率(周)', '3', '2016-03-28 14:04:31', '1');
INSERT INTO `zb_category_group_field_value` VALUES ('794', '43', '29', '收益率排名', '2', '2016-03-28 14:04:31', '1');
INSERT INTO `zb_category_group_field_value` VALUES ('795', '43', '30', '夏普比率', '1', '2016-03-28 14:04:31', '1');
INSERT INTO `zb_category_group_field_value` VALUES ('796', '43', '31', '索丁诺比率', '4', '2016-03-28 14:04:31', '1');
INSERT INTO `zb_category_group_field_value` VALUES ('797', '43', '32', '管理人', '9', '2016-03-28 14:04:31', '1');
INSERT INTO `zb_category_group_field_value` VALUES ('798', '43', '33', '旗下产品数量', '2', '2016-03-28 14:04:31', '1');
INSERT INTO `zb_category_group_field_value` VALUES ('799', '43', '34', '管理资产规模', '4', '2016-03-28 14:04:31', '1');
INSERT INTO `zb_category_group_field_value` VALUES ('800', '43', '35', '投研团队规模', '5', '2016-03-28 14:04:31', '1');
INSERT INTO `zb_category_group_field_value` VALUES ('801', '43', '36', '曾管理产品绝对评价收益率', '8', '2016-03-28 14:04:31', '1');
INSERT INTO `zb_category_group_field_value` VALUES ('802', '43', '37', '曾管理产品相对评价收益率', '1', '2016-03-28 14:04:31', '1');
INSERT INTO `zb_category_group_field_value` VALUES ('803', '43', '38', '经营合规性', '3', '2016-03-28 14:04:31', '1');
INSERT INTO `zb_category_group_field_value` VALUES ('804', '43', '39', '团队稳定性', '6', '2016-03-28 14:04:31', '1');
INSERT INTO `zb_category_group_field_value` VALUES ('805', '43', '40', '决策机制', '7', '2016-03-28 14:04:31', '1');
INSERT INTO `zb_category_group_field_value` VALUES ('806', '43', '41', '基金经理', '4', '2016-03-28 14:04:31', '1');
INSERT INTO `zb_category_group_field_value` VALUES ('807', '43', '42', '开始管理本基金时间', '1', '2016-03-28 14:04:31', '1');
INSERT INTO `zb_category_group_field_value` VALUES ('808', '43', '43', '基金资历', '6', '2016-03-28 14:04:31', '1');
INSERT INTO `zb_category_group_field_value` VALUES ('809', '43', '44', '从业年限', '5', '2016-03-28 14:04:31', '1');
INSERT INTO `zb_category_group_field_value` VALUES ('810', '43', '45', '近一年投资业绩', '3', '2016-03-28 14:04:31', '1');
INSERT INTO `zb_category_group_field_value` VALUES ('811', '43', '46', '主要过往业绩', '2', '2016-03-28 14:04:31', '1');
INSERT INTO `zb_category_group_field_value` VALUES ('812', '43', '47', 'β系数', '1', '2016-03-28 14:04:31', '1');
INSERT INTO `zb_category_group_field_value` VALUES ('813', '43', '48', '区间最大亏损', '9', '2016-03-28 14:04:31', '1');
INSERT INTO `zb_category_group_field_value` VALUES ('814', '43', '49', '收益率标准差', '8', '2016-03-28 14:04:31', '1');
INSERT INTO `zb_category_group_field_value` VALUES ('815', '43', '50', '是否曾被监管', '7', '2016-03-28 14:04:31', '1');
INSERT INTO `zb_category_group_field_value` VALUES ('816', '43', '51', '产品是否曾清盘', '0', '2016-03-28 14:04:31', '1');
INSERT INTO `zb_category_group_field_value` VALUES ('817', '44', '28', '平均收益率(周)', '', '2016-03-25 11:28:24', '1');
INSERT INTO `zb_category_group_field_value` VALUES ('818', '44', '29', '收益率排名', '', '2016-03-25 11:28:24', '1');
INSERT INTO `zb_category_group_field_value` VALUES ('819', '44', '30', '夏普比率', '', '2016-03-25 11:28:24', '1');
INSERT INTO `zb_category_group_field_value` VALUES ('820', '44', '31', '索丁诺比率', '', '2016-03-25 11:28:24', '1');
INSERT INTO `zb_category_group_field_value` VALUES ('821', '44', '32', '管理人', '', '2016-03-25 11:28:24', '1');
INSERT INTO `zb_category_group_field_value` VALUES ('822', '44', '33', '旗下产品数量', '', '2016-03-25 11:28:24', '1');
INSERT INTO `zb_category_group_field_value` VALUES ('823', '44', '34', '管理资产规模', '', '2016-03-25 11:28:24', '1');
INSERT INTO `zb_category_group_field_value` VALUES ('824', '44', '35', '投研团队规模', '', '2016-03-25 11:28:24', '1');
INSERT INTO `zb_category_group_field_value` VALUES ('825', '44', '36', '曾管理产品绝对评价收益率', '', '2016-03-25 11:28:24', '1');
INSERT INTO `zb_category_group_field_value` VALUES ('826', '44', '37', '曾管理产品相对评价收益率', '', '2016-03-25 11:28:24', '1');
INSERT INTO `zb_category_group_field_value` VALUES ('827', '44', '38', '经营合规性', '', '2016-03-25 11:28:24', '1');
INSERT INTO `zb_category_group_field_value` VALUES ('828', '44', '39', '团队稳定性', '', '2016-03-25 11:28:24', '1');
INSERT INTO `zb_category_group_field_value` VALUES ('829', '44', '40', '决策机制', '', '2016-03-25 11:28:24', '1');
INSERT INTO `zb_category_group_field_value` VALUES ('830', '44', '41', '基金经理', '', '2016-03-25 11:28:24', '1');
INSERT INTO `zb_category_group_field_value` VALUES ('831', '44', '42', '开始管理本基金时间', '', '2016-03-25 11:28:24', '1');
INSERT INTO `zb_category_group_field_value` VALUES ('832', '44', '43', '基金资历', '', '2016-03-25 11:28:24', '1');
INSERT INTO `zb_category_group_field_value` VALUES ('833', '44', '44', '从业年限', '', '2016-03-25 11:28:24', '1');
INSERT INTO `zb_category_group_field_value` VALUES ('834', '44', '45', '近一年投资业绩', '', '2016-03-25 11:28:24', '1');
INSERT INTO `zb_category_group_field_value` VALUES ('835', '44', '46', '主要过往业绩', '', '2016-03-25 11:28:24', '1');
INSERT INTO `zb_category_group_field_value` VALUES ('836', '44', '47', 'β系数', '', '2016-03-25 11:28:24', '1');
INSERT INTO `zb_category_group_field_value` VALUES ('837', '44', '48', '区间最大亏损', '', '2016-03-25 11:28:24', '1');
INSERT INTO `zb_category_group_field_value` VALUES ('838', '44', '49', '收益率标准差', '', '2016-03-25 11:28:24', '1');
INSERT INTO `zb_category_group_field_value` VALUES ('839', '44', '50', '是否曾被监管', '', '2016-03-25 11:28:24', '1');
INSERT INTO `zb_category_group_field_value` VALUES ('840', '44', '51', '产品是否曾清盘', '', '2016-03-25 11:28:24', '1');
INSERT INTO `zb_category_group_field_value` VALUES ('841', '45', '28', '平均收益率(周)', '', '2016-03-25 14:43:15', '1');
INSERT INTO `zb_category_group_field_value` VALUES ('842', '45', '29', '收益率排名', '', '2016-03-25 14:43:15', '1');
INSERT INTO `zb_category_group_field_value` VALUES ('843', '45', '30', '夏普比率', '', '2016-03-25 14:43:15', '1');
INSERT INTO `zb_category_group_field_value` VALUES ('844', '45', '31', '索丁诺比率', '', '2016-03-25 14:43:15', '1');
INSERT INTO `zb_category_group_field_value` VALUES ('845', '45', '32', '管理人', '', '2016-03-25 14:43:15', '1');
INSERT INTO `zb_category_group_field_value` VALUES ('846', '45', '33', '旗下产品数量', '', '2016-03-25 14:43:15', '1');
INSERT INTO `zb_category_group_field_value` VALUES ('847', '45', '34', '管理资产规模', '', '2016-03-25 14:43:15', '1');
INSERT INTO `zb_category_group_field_value` VALUES ('848', '45', '35', '投研团队规模', '', '2016-03-25 14:43:15', '1');
INSERT INTO `zb_category_group_field_value` VALUES ('849', '45', '36', '曾管理产品绝对评价收益率', '', '2016-03-25 14:43:15', '1');
INSERT INTO `zb_category_group_field_value` VALUES ('850', '45', '37', '曾管理产品相对评价收益率', '', '2016-03-25 14:43:15', '1');
INSERT INTO `zb_category_group_field_value` VALUES ('851', '45', '38', '经营合规性', '', '2016-03-25 14:43:15', '1');
INSERT INTO `zb_category_group_field_value` VALUES ('852', '45', '39', '团队稳定性', '', '2016-03-25 14:43:15', '1');
INSERT INTO `zb_category_group_field_value` VALUES ('853', '45', '40', '决策机制', '', '2016-03-25 14:43:15', '1');
INSERT INTO `zb_category_group_field_value` VALUES ('854', '45', '41', '基金经理', '', '2016-03-25 14:43:15', '1');
INSERT INTO `zb_category_group_field_value` VALUES ('855', '45', '42', '开始管理本基金时间', '', '2016-03-25 14:43:15', '1');
INSERT INTO `zb_category_group_field_value` VALUES ('856', '45', '43', '基金资历', '', '2016-03-25 14:43:15', '1');
INSERT INTO `zb_category_group_field_value` VALUES ('857', '45', '44', '从业年限', '', '2016-03-25 14:43:15', '1');
INSERT INTO `zb_category_group_field_value` VALUES ('858', '45', '45', '近一年投资业绩', '', '2016-03-25 14:43:15', '1');
INSERT INTO `zb_category_group_field_value` VALUES ('859', '45', '46', '主要过往业绩', '', '2016-03-25 14:43:15', '1');
INSERT INTO `zb_category_group_field_value` VALUES ('860', '45', '47', 'β系数', '', '2016-03-25 14:43:15', '1');
INSERT INTO `zb_category_group_field_value` VALUES ('861', '45', '48', '区间最大亏损', '', '2016-03-25 14:43:15', '1');
INSERT INTO `zb_category_group_field_value` VALUES ('862', '45', '49', '收益率标准差', '', '2016-03-25 14:43:15', '1');
INSERT INTO `zb_category_group_field_value` VALUES ('863', '45', '50', '是否曾被监管', '', '2016-03-25 14:43:15', '1');
INSERT INTO `zb_category_group_field_value` VALUES ('864', '45', '51', '产品是否曾清盘', '', '2016-03-25 14:43:15', '1');
INSERT INTO `zb_category_group_field_value` VALUES ('865', '46', '28', '平均收益率(周)', '6', '2016-03-25 15:12:38', '1');
INSERT INTO `zb_category_group_field_value` VALUES ('866', '46', '29', '收益率排名', '9', '2016-03-25 15:12:38', '1');
INSERT INTO `zb_category_group_field_value` VALUES ('867', '46', '30', '夏普比率', '8', '2016-03-25 15:12:38', '1');
INSERT INTO `zb_category_group_field_value` VALUES ('868', '46', '31', '索丁诺比率', '7', '2016-03-25 15:12:38', '1');
INSERT INTO `zb_category_group_field_value` VALUES ('869', '46', '32', '管理人', '3', '2016-03-25 15:12:38', '1');
INSERT INTO `zb_category_group_field_value` VALUES ('870', '46', '33', '旗下产品数量', '9', '2016-03-25 15:12:38', '1');
INSERT INTO `zb_category_group_field_value` VALUES ('871', '46', '34', '管理资产规模', '2', '2016-03-25 15:12:38', '1');
INSERT INTO `zb_category_group_field_value` VALUES ('872', '46', '35', '投研团队规模', '8', '2016-03-25 15:12:38', '1');
INSERT INTO `zb_category_group_field_value` VALUES ('873', '46', '36', '曾管理产品绝对评价收益率', '6', '2016-03-25 15:12:38', '1');
INSERT INTO `zb_category_group_field_value` VALUES ('874', '46', '37', '曾管理产品相对评价收益率', '4', '2016-03-25 15:12:38', '1');
INSERT INTO `zb_category_group_field_value` VALUES ('875', '46', '38', '经营合规性', '1', '2016-03-25 15:12:38', '1');
INSERT INTO `zb_category_group_field_value` VALUES ('876', '46', '39', '团队稳定性', '7', '2016-03-25 15:12:38', '1');
INSERT INTO `zb_category_group_field_value` VALUES ('877', '46', '40', '决策机制', '5', '2016-03-25 15:12:38', '1');
INSERT INTO `zb_category_group_field_value` VALUES ('878', '46', '41', '基金经理', '8', '2016-03-25 15:12:39', '1');
INSERT INTO `zb_category_group_field_value` VALUES ('879', '46', '42', '开始管理本基金时间', '5', '2016-03-25 15:12:38', '1');
INSERT INTO `zb_category_group_field_value` VALUES ('880', '46', '43', '基金资历', '4', '2016-03-25 15:12:38', '1');
INSERT INTO `zb_category_group_field_value` VALUES ('881', '46', '44', '从业年限', '3', '2016-03-25 15:12:38', '1');
INSERT INTO `zb_category_group_field_value` VALUES ('882', '46', '45', '近一年投资业绩', '7', '2016-03-25 15:12:38', '1');
INSERT INTO `zb_category_group_field_value` VALUES ('883', '46', '46', '主要过往业绩', '6', '2016-03-25 15:12:38', '1');
INSERT INTO `zb_category_group_field_value` VALUES ('884', '46', '47', 'β系数', '5', '2016-03-25 15:12:39', '1');
INSERT INTO `zb_category_group_field_value` VALUES ('885', '46', '48', '区间最大亏损', '6', '2016-03-25 15:12:39', '1');
INSERT INTO `zb_category_group_field_value` VALUES ('886', '46', '49', '收益率标准差', '9', '2016-03-25 15:12:39', '1');
INSERT INTO `zb_category_group_field_value` VALUES ('887', '46', '50', '是否曾被监管', '3', '2016-03-25 15:12:39', '1');
INSERT INTO `zb_category_group_field_value` VALUES ('888', '46', '51', '产品是否曾清盘', '4', '2016-03-25 15:12:39', '1');
INSERT INTO `zb_category_group_field_value` VALUES ('889', '47', '28', '平均收益率(周)', '', '2016-03-25 17:00:01', '1');
INSERT INTO `zb_category_group_field_value` VALUES ('890', '47', '29', '收益率排名', '', '2016-03-25 17:00:01', '1');
INSERT INTO `zb_category_group_field_value` VALUES ('891', '47', '30', '夏普比率', '', '2016-03-25 17:00:01', '1');
INSERT INTO `zb_category_group_field_value` VALUES ('892', '47', '31', '索丁诺比率', '', '2016-03-25 17:00:01', '1');
INSERT INTO `zb_category_group_field_value` VALUES ('893', '47', '32', '管理人', '', '2016-03-25 17:00:01', '1');
INSERT INTO `zb_category_group_field_value` VALUES ('894', '47', '33', '旗下产品数量', '', '2016-03-25 17:00:01', '1');
INSERT INTO `zb_category_group_field_value` VALUES ('895', '47', '34', '管理资产规模', '', '2016-03-25 17:00:01', '1');
INSERT INTO `zb_category_group_field_value` VALUES ('896', '47', '35', '投研团队规模', '', '2016-03-25 17:00:01', '1');
INSERT INTO `zb_category_group_field_value` VALUES ('897', '47', '36', '曾管理产品绝对评价收益率', '', '2016-03-25 17:00:01', '1');
INSERT INTO `zb_category_group_field_value` VALUES ('898', '47', '37', '曾管理产品相对评价收益率', '', '2016-03-25 17:00:01', '1');
INSERT INTO `zb_category_group_field_value` VALUES ('899', '47', '38', '经营合规性', '', '2016-03-25 17:00:01', '1');
INSERT INTO `zb_category_group_field_value` VALUES ('900', '47', '39', '团队稳定性', '', '2016-03-25 17:00:01', '1');
INSERT INTO `zb_category_group_field_value` VALUES ('901', '47', '40', '决策机制', '', '2016-03-25 17:00:01', '1');
INSERT INTO `zb_category_group_field_value` VALUES ('902', '47', '41', '基金经理', '', '2016-03-25 17:00:01', '1');
INSERT INTO `zb_category_group_field_value` VALUES ('903', '47', '42', '开始管理本基金时间', '', '2016-03-25 17:00:01', '1');
INSERT INTO `zb_category_group_field_value` VALUES ('904', '47', '43', '基金资历', '', '2016-03-25 17:00:01', '1');
INSERT INTO `zb_category_group_field_value` VALUES ('905', '47', '44', '从业年限', '', '2016-03-25 17:00:01', '1');
INSERT INTO `zb_category_group_field_value` VALUES ('906', '47', '45', '近一年投资业绩', '', '2016-03-25 17:00:01', '1');
INSERT INTO `zb_category_group_field_value` VALUES ('907', '47', '46', '主要过往业绩', '', '2016-03-25 17:00:01', '1');
INSERT INTO `zb_category_group_field_value` VALUES ('908', '47', '47', 'β系数', '', '2016-03-25 17:00:01', '1');
INSERT INTO `zb_category_group_field_value` VALUES ('909', '47', '48', '区间最大亏损', '', '2016-03-25 17:00:01', '1');
INSERT INTO `zb_category_group_field_value` VALUES ('910', '47', '49', '收益率标准差', '', '2016-03-25 17:00:01', '1');
INSERT INTO `zb_category_group_field_value` VALUES ('911', '47', '50', '是否曾被监管', '', '2016-03-25 17:00:01', '1');
INSERT INTO `zb_category_group_field_value` VALUES ('912', '47', '51', '产品是否曾清盘', '', '2016-03-25 17:00:01', '1');
INSERT INTO `zb_category_group_field_value` VALUES ('913', '48', '28', '平均收益率(周)', '', '2016-03-25 17:03:46', '1');
INSERT INTO `zb_category_group_field_value` VALUES ('914', '48', '29', '收益率排名', '', '2016-03-25 17:03:46', '1');
INSERT INTO `zb_category_group_field_value` VALUES ('915', '48', '30', '夏普比率', '', '2016-03-25 17:03:46', '1');
INSERT INTO `zb_category_group_field_value` VALUES ('916', '48', '31', '索丁诺比率', '', '2016-03-25 17:03:46', '1');
INSERT INTO `zb_category_group_field_value` VALUES ('917', '48', '32', '管理人', '', '2016-03-25 17:03:46', '1');
INSERT INTO `zb_category_group_field_value` VALUES ('918', '48', '33', '旗下产品数量', '', '2016-03-25 17:03:46', '1');
INSERT INTO `zb_category_group_field_value` VALUES ('919', '48', '34', '管理资产规模', '', '2016-03-25 17:03:46', '1');
INSERT INTO `zb_category_group_field_value` VALUES ('920', '48', '35', '投研团队规模', '', '2016-03-25 17:03:46', '1');
INSERT INTO `zb_category_group_field_value` VALUES ('921', '48', '36', '曾管理产品绝对评价收益率', '', '2016-03-25 17:03:46', '1');
INSERT INTO `zb_category_group_field_value` VALUES ('922', '48', '37', '曾管理产品相对评价收益率', '', '2016-03-25 17:03:46', '1');
INSERT INTO `zb_category_group_field_value` VALUES ('923', '48', '38', '经营合规性', '', '2016-03-25 17:03:46', '1');
INSERT INTO `zb_category_group_field_value` VALUES ('924', '48', '39', '团队稳定性', '', '2016-03-25 17:03:46', '1');
INSERT INTO `zb_category_group_field_value` VALUES ('925', '48', '40', '决策机制', '', '2016-03-25 17:03:46', '1');
INSERT INTO `zb_category_group_field_value` VALUES ('926', '48', '41', '基金经理', '', '2016-03-25 17:03:46', '1');
INSERT INTO `zb_category_group_field_value` VALUES ('927', '48', '42', '开始管理本基金时间', '', '2016-03-25 17:03:46', '1');
INSERT INTO `zb_category_group_field_value` VALUES ('928', '48', '43', '基金资历', '', '2016-03-25 17:03:46', '1');
INSERT INTO `zb_category_group_field_value` VALUES ('929', '48', '44', '从业年限', '', '2016-03-25 17:03:46', '1');
INSERT INTO `zb_category_group_field_value` VALUES ('930', '48', '45', '近一年投资业绩', '', '2016-03-25 17:03:46', '1');
INSERT INTO `zb_category_group_field_value` VALUES ('931', '48', '46', '主要过往业绩', '', '2016-03-25 17:03:46', '1');
INSERT INTO `zb_category_group_field_value` VALUES ('932', '48', '47', 'β系数', '', '2016-03-25 17:03:46', '1');
INSERT INTO `zb_category_group_field_value` VALUES ('933', '48', '48', '区间最大亏损', '', '2016-03-25 17:03:46', '1');
INSERT INTO `zb_category_group_field_value` VALUES ('934', '48', '49', '收益率标准差', '', '2016-03-25 17:03:46', '1');
INSERT INTO `zb_category_group_field_value` VALUES ('935', '48', '50', '是否曾被监管', '', '2016-03-25 17:03:46', '1');
INSERT INTO `zb_category_group_field_value` VALUES ('936', '48', '51', '产品是否曾清盘', '', '2016-03-25 17:03:46', '1');
INSERT INTO `zb_category_group_field_value` VALUES ('937', '49', '28', '平均收益率(周)', '', '2016-03-25 17:04:45', '1');
INSERT INTO `zb_category_group_field_value` VALUES ('938', '49', '29', '收益率排名', '', '2016-03-25 17:04:45', '1');
INSERT INTO `zb_category_group_field_value` VALUES ('939', '49', '30', '夏普比率', '', '2016-03-25 17:04:45', '1');
INSERT INTO `zb_category_group_field_value` VALUES ('940', '49', '31', '索丁诺比率', '', '2016-03-25 17:04:45', '1');
INSERT INTO `zb_category_group_field_value` VALUES ('941', '49', '32', '管理人', '', '2016-03-25 17:04:45', '1');
INSERT INTO `zb_category_group_field_value` VALUES ('942', '49', '33', '旗下产品数量', '', '2016-03-25 17:04:45', '1');
INSERT INTO `zb_category_group_field_value` VALUES ('943', '49', '34', '管理资产规模', '', '2016-03-25 17:04:45', '1');
INSERT INTO `zb_category_group_field_value` VALUES ('944', '49', '35', '投研团队规模', '', '2016-03-25 17:04:45', '1');
INSERT INTO `zb_category_group_field_value` VALUES ('945', '49', '36', '曾管理产品绝对评价收益率', '', '2016-03-25 17:04:45', '1');
INSERT INTO `zb_category_group_field_value` VALUES ('946', '49', '37', '曾管理产品相对评价收益率', '', '2016-03-25 17:04:45', '1');
INSERT INTO `zb_category_group_field_value` VALUES ('947', '49', '38', '经营合规性', '', '2016-03-25 17:04:45', '1');
INSERT INTO `zb_category_group_field_value` VALUES ('948', '49', '39', '团队稳定性', '', '2016-03-25 17:04:45', '1');
INSERT INTO `zb_category_group_field_value` VALUES ('949', '49', '40', '决策机制', '', '2016-03-25 17:04:45', '1');
INSERT INTO `zb_category_group_field_value` VALUES ('950', '49', '41', '基金经理', '', '2016-03-25 17:04:45', '1');
INSERT INTO `zb_category_group_field_value` VALUES ('951', '49', '42', '开始管理本基金时间', '', '2016-03-25 17:04:45', '1');
INSERT INTO `zb_category_group_field_value` VALUES ('952', '49', '43', '基金资历', '', '2016-03-25 17:04:45', '1');
INSERT INTO `zb_category_group_field_value` VALUES ('953', '49', '44', '从业年限', '', '2016-03-25 17:04:45', '1');
INSERT INTO `zb_category_group_field_value` VALUES ('954', '49', '45', '近一年投资业绩', '', '2016-03-25 17:04:45', '1');
INSERT INTO `zb_category_group_field_value` VALUES ('955', '49', '46', '主要过往业绩', '', '2016-03-25 17:04:45', '1');
INSERT INTO `zb_category_group_field_value` VALUES ('956', '49', '47', 'β系数', '', '2016-03-25 17:04:45', '1');
INSERT INTO `zb_category_group_field_value` VALUES ('957', '49', '48', '区间最大亏损', '', '2016-03-25 17:04:45', '1');
INSERT INTO `zb_category_group_field_value` VALUES ('958', '49', '49', '收益率标准差', '', '2016-03-25 17:04:45', '1');
INSERT INTO `zb_category_group_field_value` VALUES ('959', '49', '50', '是否曾被监管', '', '2016-03-25 17:04:45', '1');
INSERT INTO `zb_category_group_field_value` VALUES ('960', '49', '51', '产品是否曾清盘', '', '2016-03-25 17:04:45', '1');
INSERT INTO `zb_category_group_field_value` VALUES ('961', '50', '28', '平均收益率(周)', '', '2016-03-25 17:05:12', '1');
INSERT INTO `zb_category_group_field_value` VALUES ('962', '50', '29', '收益率排名', '', '2016-03-25 17:05:12', '1');
INSERT INTO `zb_category_group_field_value` VALUES ('963', '50', '30', '夏普比率', '', '2016-03-25 17:05:12', '1');
INSERT INTO `zb_category_group_field_value` VALUES ('964', '50', '31', '索丁诺比率', '', '2016-03-25 17:05:12', '1');
INSERT INTO `zb_category_group_field_value` VALUES ('965', '50', '32', '管理人', '', '2016-03-25 17:05:12', '1');
INSERT INTO `zb_category_group_field_value` VALUES ('966', '50', '33', '旗下产品数量', '', '2016-03-25 17:05:12', '1');
INSERT INTO `zb_category_group_field_value` VALUES ('967', '50', '34', '管理资产规模', '', '2016-03-25 17:05:12', '1');
INSERT INTO `zb_category_group_field_value` VALUES ('968', '50', '35', '投研团队规模', '', '2016-03-25 17:05:12', '1');
INSERT INTO `zb_category_group_field_value` VALUES ('969', '50', '36', '曾管理产品绝对评价收益率', '', '2016-03-25 17:05:12', '1');
INSERT INTO `zb_category_group_field_value` VALUES ('970', '50', '37', '曾管理产品相对评价收益率', '', '2016-03-25 17:05:12', '1');
INSERT INTO `zb_category_group_field_value` VALUES ('971', '50', '38', '经营合规性', '', '2016-03-25 17:05:12', '1');
INSERT INTO `zb_category_group_field_value` VALUES ('972', '50', '39', '团队稳定性', '', '2016-03-25 17:05:12', '1');
INSERT INTO `zb_category_group_field_value` VALUES ('973', '50', '40', '决策机制', '', '2016-03-25 17:05:12', '1');
INSERT INTO `zb_category_group_field_value` VALUES ('974', '50', '41', '基金经理', '', '2016-03-25 17:05:12', '1');
INSERT INTO `zb_category_group_field_value` VALUES ('975', '50', '42', '开始管理本基金时间', '', '2016-03-25 17:05:12', '1');
INSERT INTO `zb_category_group_field_value` VALUES ('976', '50', '43', '基金资历', '', '2016-03-25 17:05:12', '1');
INSERT INTO `zb_category_group_field_value` VALUES ('977', '50', '44', '从业年限', '', '2016-03-25 17:05:12', '1');
INSERT INTO `zb_category_group_field_value` VALUES ('978', '50', '45', '近一年投资业绩', '', '2016-03-25 17:05:12', '1');
INSERT INTO `zb_category_group_field_value` VALUES ('979', '50', '46', '主要过往业绩', '', '2016-03-25 17:05:12', '1');
INSERT INTO `zb_category_group_field_value` VALUES ('980', '50', '47', 'β系数', '', '2016-03-25 17:05:12', '1');
INSERT INTO `zb_category_group_field_value` VALUES ('981', '50', '48', '区间最大亏损', '', '2016-03-25 17:05:12', '1');
INSERT INTO `zb_category_group_field_value` VALUES ('982', '50', '49', '收益率标准差', '', '2016-03-25 17:05:12', '1');
INSERT INTO `zb_category_group_field_value` VALUES ('983', '50', '50', '是否曾被监管', '', '2016-03-25 17:05:12', '1');
INSERT INTO `zb_category_group_field_value` VALUES ('984', '50', '51', '产品是否曾清盘', '', '2016-03-25 17:05:12', '1');
INSERT INTO `zb_category_group_field_value` VALUES ('985', '51', '28', '平均收益率(周)', '', '2016-03-25 17:06:12', '1');
INSERT INTO `zb_category_group_field_value` VALUES ('986', '51', '29', '收益率排名', '', '2016-03-25 17:06:12', '1');
INSERT INTO `zb_category_group_field_value` VALUES ('987', '51', '30', '夏普比率', '', '2016-03-25 17:06:12', '1');
INSERT INTO `zb_category_group_field_value` VALUES ('988', '51', '31', '索丁诺比率', '', '2016-03-25 17:06:12', '1');
INSERT INTO `zb_category_group_field_value` VALUES ('989', '51', '32', '管理人', '', '2016-03-25 17:06:12', '1');
INSERT INTO `zb_category_group_field_value` VALUES ('990', '51', '33', '旗下产品数量', '', '2016-03-25 17:06:12', '1');
INSERT INTO `zb_category_group_field_value` VALUES ('991', '51', '34', '管理资产规模', '', '2016-03-25 17:06:12', '1');
INSERT INTO `zb_category_group_field_value` VALUES ('992', '51', '35', '投研团队规模', '', '2016-03-25 17:06:12', '1');
INSERT INTO `zb_category_group_field_value` VALUES ('993', '51', '36', '曾管理产品绝对评价收益率', '', '2016-03-25 17:06:12', '1');
INSERT INTO `zb_category_group_field_value` VALUES ('994', '51', '37', '曾管理产品相对评价收益率', '', '2016-03-25 17:06:12', '1');
INSERT INTO `zb_category_group_field_value` VALUES ('995', '51', '38', '经营合规性', '', '2016-03-25 17:06:12', '1');
INSERT INTO `zb_category_group_field_value` VALUES ('996', '51', '39', '团队稳定性', '', '2016-03-25 17:06:12', '1');
INSERT INTO `zb_category_group_field_value` VALUES ('997', '51', '40', '决策机制', '', '2016-03-25 17:06:12', '1');
INSERT INTO `zb_category_group_field_value` VALUES ('998', '51', '41', '基金经理', '', '2016-03-25 17:06:12', '1');
INSERT INTO `zb_category_group_field_value` VALUES ('999', '51', '42', '开始管理本基金时间', '', '2016-03-25 17:06:12', '1');
INSERT INTO `zb_category_group_field_value` VALUES ('1000', '51', '43', '基金资历', '', '2016-03-25 17:06:12', '1');
INSERT INTO `zb_category_group_field_value` VALUES ('1001', '51', '44', '从业年限', '', '2016-03-25 17:06:12', '1');
INSERT INTO `zb_category_group_field_value` VALUES ('1002', '51', '45', '近一年投资业绩', '', '2016-03-25 17:06:12', '1');
INSERT INTO `zb_category_group_field_value` VALUES ('1003', '51', '46', '主要过往业绩', '', '2016-03-25 17:06:12', '1');
INSERT INTO `zb_category_group_field_value` VALUES ('1004', '51', '47', 'β系数', '', '2016-03-25 17:06:12', '1');
INSERT INTO `zb_category_group_field_value` VALUES ('1005', '51', '48', '区间最大亏损', '', '2016-03-25 17:06:12', '1');
INSERT INTO `zb_category_group_field_value` VALUES ('1006', '51', '49', '收益率标准差', '', '2016-03-25 17:06:12', '1');
INSERT INTO `zb_category_group_field_value` VALUES ('1007', '51', '50', '是否曾被监管', '', '2016-03-25 17:06:12', '1');
INSERT INTO `zb_category_group_field_value` VALUES ('1008', '51', '51', '产品是否曾清盘', '', '2016-03-25 17:06:12', '1');
INSERT INTO `zb_category_group_field_value` VALUES ('1009', '52', '28', '平均收益率(周)', '', '2016-03-25 17:12:17', '1');
INSERT INTO `zb_category_group_field_value` VALUES ('1010', '52', '29', '收益率排名', '', '2016-03-25 17:12:17', '1');
INSERT INTO `zb_category_group_field_value` VALUES ('1011', '52', '30', '夏普比率', '', '2016-03-25 17:12:17', '1');
INSERT INTO `zb_category_group_field_value` VALUES ('1012', '52', '31', '索丁诺比率', '', '2016-03-25 17:12:17', '1');
INSERT INTO `zb_category_group_field_value` VALUES ('1013', '52', '32', '管理人', '', '2016-03-25 17:12:17', '1');
INSERT INTO `zb_category_group_field_value` VALUES ('1014', '52', '33', '旗下产品数量', '', '2016-03-25 17:12:17', '1');
INSERT INTO `zb_category_group_field_value` VALUES ('1015', '52', '34', '管理资产规模', '', '2016-03-25 17:12:17', '1');
INSERT INTO `zb_category_group_field_value` VALUES ('1016', '52', '35', '投研团队规模', '', '2016-03-25 17:12:17', '1');
INSERT INTO `zb_category_group_field_value` VALUES ('1017', '52', '36', '曾管理产品绝对评价收益率', '', '2016-03-25 17:12:17', '1');
INSERT INTO `zb_category_group_field_value` VALUES ('1018', '52', '37', '曾管理产品相对评价收益率', '', '2016-03-25 17:12:17', '1');
INSERT INTO `zb_category_group_field_value` VALUES ('1019', '52', '38', '经营合规性', '', '2016-03-25 17:12:17', '1');
INSERT INTO `zb_category_group_field_value` VALUES ('1020', '52', '39', '团队稳定性', '', '2016-03-25 17:12:17', '1');
INSERT INTO `zb_category_group_field_value` VALUES ('1021', '52', '40', '决策机制', '', '2016-03-25 17:12:17', '1');
INSERT INTO `zb_category_group_field_value` VALUES ('1022', '52', '41', '基金经理', '', '2016-03-25 17:12:17', '1');
INSERT INTO `zb_category_group_field_value` VALUES ('1023', '52', '42', '开始管理本基金时间', '', '2016-03-25 17:12:17', '1');
INSERT INTO `zb_category_group_field_value` VALUES ('1024', '52', '43', '基金资历', '', '2016-03-25 17:12:17', '1');
INSERT INTO `zb_category_group_field_value` VALUES ('1025', '52', '44', '从业年限', '', '2016-03-25 17:12:17', '1');
INSERT INTO `zb_category_group_field_value` VALUES ('1026', '52', '45', '近一年投资业绩', '', '2016-03-25 17:12:17', '1');
INSERT INTO `zb_category_group_field_value` VALUES ('1027', '52', '46', '主要过往业绩', '', '2016-03-25 17:12:17', '1');
INSERT INTO `zb_category_group_field_value` VALUES ('1028', '52', '47', 'β系数', '', '2016-03-25 17:12:17', '1');
INSERT INTO `zb_category_group_field_value` VALUES ('1029', '52', '48', '区间最大亏损', '', '2016-03-25 17:12:17', '1');
INSERT INTO `zb_category_group_field_value` VALUES ('1030', '52', '49', '收益率标准差', '', '2016-03-25 17:12:17', '1');
INSERT INTO `zb_category_group_field_value` VALUES ('1031', '52', '50', '是否曾被监管', '', '2016-03-25 17:12:17', '1');
INSERT INTO `zb_category_group_field_value` VALUES ('1032', '52', '51', '产品是否曾清盘', '', '2016-03-25 17:12:17', '1');
INSERT INTO `zb_category_group_field_value` VALUES ('1033', '53', '28', '平均收益率(周)', '', '2016-03-25 17:18:32', '1');
INSERT INTO `zb_category_group_field_value` VALUES ('1034', '53', '29', '收益率排名', '', '2016-03-25 17:18:32', '1');
INSERT INTO `zb_category_group_field_value` VALUES ('1035', '53', '30', '夏普比率', '', '2016-03-25 17:18:32', '1');
INSERT INTO `zb_category_group_field_value` VALUES ('1036', '53', '31', '索丁诺比率', '', '2016-03-25 17:18:32', '1');
INSERT INTO `zb_category_group_field_value` VALUES ('1037', '53', '32', '管理人', '', '2016-03-25 17:18:32', '1');
INSERT INTO `zb_category_group_field_value` VALUES ('1038', '53', '33', '旗下产品数量', '', '2016-03-25 17:18:32', '1');
INSERT INTO `zb_category_group_field_value` VALUES ('1039', '53', '34', '管理资产规模', '', '2016-03-25 17:18:32', '1');
INSERT INTO `zb_category_group_field_value` VALUES ('1040', '53', '35', '投研团队规模', '', '2016-03-25 17:18:32', '1');
INSERT INTO `zb_category_group_field_value` VALUES ('1041', '53', '36', '曾管理产品绝对评价收益率', '', '2016-03-25 17:18:32', '1');
INSERT INTO `zb_category_group_field_value` VALUES ('1042', '53', '37', '曾管理产品相对评价收益率', '', '2016-03-25 17:18:32', '1');
INSERT INTO `zb_category_group_field_value` VALUES ('1043', '53', '38', '经营合规性', '', '2016-03-25 17:18:32', '1');
INSERT INTO `zb_category_group_field_value` VALUES ('1044', '53', '39', '团队稳定性', '', '2016-03-25 17:18:32', '1');
INSERT INTO `zb_category_group_field_value` VALUES ('1045', '53', '40', '决策机制', '', '2016-03-25 17:18:32', '1');
INSERT INTO `zb_category_group_field_value` VALUES ('1046', '53', '41', '基金经理', '', '2016-03-25 17:18:32', '1');
INSERT INTO `zb_category_group_field_value` VALUES ('1047', '53', '42', '开始管理本基金时间', '', '2016-03-25 17:18:32', '1');
INSERT INTO `zb_category_group_field_value` VALUES ('1048', '53', '43', '基金资历', '', '2016-03-25 17:18:32', '1');
INSERT INTO `zb_category_group_field_value` VALUES ('1049', '53', '44', '从业年限', '', '2016-03-25 17:18:32', '1');
INSERT INTO `zb_category_group_field_value` VALUES ('1050', '53', '45', '近一年投资业绩', '', '2016-03-25 17:18:32', '1');
INSERT INTO `zb_category_group_field_value` VALUES ('1051', '53', '46', '主要过往业绩', '', '2016-03-25 17:18:32', '1');
INSERT INTO `zb_category_group_field_value` VALUES ('1052', '53', '47', 'β系数', '', '2016-03-25 17:18:32', '1');
INSERT INTO `zb_category_group_field_value` VALUES ('1053', '53', '48', '区间最大亏损', '', '2016-03-25 17:18:32', '1');
INSERT INTO `zb_category_group_field_value` VALUES ('1054', '53', '49', '收益率标准差', '', '2016-03-25 17:18:32', '1');
INSERT INTO `zb_category_group_field_value` VALUES ('1055', '53', '50', '是否曾被监管', '', '2016-03-25 17:18:32', '1');
INSERT INTO `zb_category_group_field_value` VALUES ('1056', '53', '51', '产品是否曾清盘', '', '2016-03-25 17:18:32', '1');
INSERT INTO `zb_category_group_field_value` VALUES ('1057', '54', '28', '平均收益率(周)', '', '2016-03-25 17:34:24', '1');
INSERT INTO `zb_category_group_field_value` VALUES ('1058', '54', '29', '收益率排名', '', '2016-03-25 17:34:24', '1');
INSERT INTO `zb_category_group_field_value` VALUES ('1059', '54', '30', '夏普比率', '', '2016-03-25 17:34:24', '1');
INSERT INTO `zb_category_group_field_value` VALUES ('1060', '54', '31', '索丁诺比率', '', '2016-03-25 17:34:24', '1');
INSERT INTO `zb_category_group_field_value` VALUES ('1061', '54', '32', '管理人', '', '2016-03-25 17:34:24', '1');
INSERT INTO `zb_category_group_field_value` VALUES ('1062', '54', '33', '旗下产品数量', '', '2016-03-25 17:34:24', '1');
INSERT INTO `zb_category_group_field_value` VALUES ('1063', '54', '34', '管理资产规模', '', '2016-03-25 17:34:24', '1');
INSERT INTO `zb_category_group_field_value` VALUES ('1064', '54', '35', '投研团队规模', '', '2016-03-25 17:34:24', '1');
INSERT INTO `zb_category_group_field_value` VALUES ('1065', '54', '36', '曾管理产品绝对评价收益率', '', '2016-03-25 17:34:24', '1');
INSERT INTO `zb_category_group_field_value` VALUES ('1066', '54', '37', '曾管理产品相对评价收益率', '', '2016-03-25 17:34:24', '1');
INSERT INTO `zb_category_group_field_value` VALUES ('1067', '54', '38', '经营合规性', '', '2016-03-25 17:34:24', '1');
INSERT INTO `zb_category_group_field_value` VALUES ('1068', '54', '39', '团队稳定性', '', '2016-03-25 17:34:24', '1');
INSERT INTO `zb_category_group_field_value` VALUES ('1069', '54', '40', '决策机制', '', '2016-03-25 17:34:24', '1');
INSERT INTO `zb_category_group_field_value` VALUES ('1070', '54', '41', '基金经理', '', '2016-03-25 17:34:24', '1');
INSERT INTO `zb_category_group_field_value` VALUES ('1071', '54', '42', '开始管理本基金时间', '', '2016-03-25 17:34:24', '1');
INSERT INTO `zb_category_group_field_value` VALUES ('1072', '54', '43', '基金资历', '', '2016-03-25 17:34:24', '1');
INSERT INTO `zb_category_group_field_value` VALUES ('1073', '54', '44', '从业年限', '', '2016-03-25 17:34:24', '1');
INSERT INTO `zb_category_group_field_value` VALUES ('1074', '54', '45', '近一年投资业绩', '', '2016-03-25 17:34:24', '1');
INSERT INTO `zb_category_group_field_value` VALUES ('1075', '54', '46', '主要过往业绩', '', '2016-03-25 17:34:24', '1');
INSERT INTO `zb_category_group_field_value` VALUES ('1076', '54', '47', 'β系数', '', '2016-03-25 17:34:24', '1');
INSERT INTO `zb_category_group_field_value` VALUES ('1077', '54', '48', '区间最大亏损', '', '2016-03-25 17:34:24', '1');
INSERT INTO `zb_category_group_field_value` VALUES ('1078', '54', '49', '收益率标准差', '', '2016-03-25 17:34:24', '1');
INSERT INTO `zb_category_group_field_value` VALUES ('1079', '54', '50', '是否曾被监管', '', '2016-03-25 17:34:24', '1');
INSERT INTO `zb_category_group_field_value` VALUES ('1080', '54', '51', '产品是否曾清盘', '', '2016-03-25 17:34:24', '1');
INSERT INTO `zb_category_group_field_value` VALUES ('1081', '55', '28', '平均收益率(周)', '12', '2016-03-25 17:44:32', '1');
INSERT INTO `zb_category_group_field_value` VALUES ('1082', '55', '29', '收益率排名', '12', '2016-03-25 17:44:32', '1');
INSERT INTO `zb_category_group_field_value` VALUES ('1083', '55', '30', '夏普比率', '12', '2016-03-25 17:44:32', '1');
INSERT INTO `zb_category_group_field_value` VALUES ('1084', '55', '31', '索丁诺比率', '12', '2016-03-25 17:44:32', '1');
INSERT INTO `zb_category_group_field_value` VALUES ('1085', '55', '32', '管理人', '12', '2016-03-25 17:44:32', '1');
INSERT INTO `zb_category_group_field_value` VALUES ('1086', '55', '33', '旗下产品数量', '12', '2016-03-25 17:44:32', '1');
INSERT INTO `zb_category_group_field_value` VALUES ('1087', '55', '34', '管理资产规模', '12', '2016-03-25 17:44:32', '1');
INSERT INTO `zb_category_group_field_value` VALUES ('1088', '55', '35', '投研团队规模', '12', '2016-03-25 17:44:32', '1');
INSERT INTO `zb_category_group_field_value` VALUES ('1089', '55', '36', '曾管理产品绝对评价收益率', '12', '2016-03-25 17:44:32', '1');
INSERT INTO `zb_category_group_field_value` VALUES ('1090', '55', '37', '曾管理产品相对评价收益率', '12', '2016-03-25 17:44:32', '1');
INSERT INTO `zb_category_group_field_value` VALUES ('1091', '55', '38', '经营合规性', '12', '2016-03-25 17:44:32', '1');
INSERT INTO `zb_category_group_field_value` VALUES ('1092', '55', '39', '团队稳定性', '12', '2016-03-25 17:44:32', '1');
INSERT INTO `zb_category_group_field_value` VALUES ('1093', '55', '40', '决策机制', '12', '2016-03-25 17:44:32', '1');
INSERT INTO `zb_category_group_field_value` VALUES ('1094', '55', '41', '基金经理', '12', '2016-03-25 17:44:32', '1');
INSERT INTO `zb_category_group_field_value` VALUES ('1095', '55', '42', '开始管理本基金时间', '12', '2016-03-25 17:44:32', '1');
INSERT INTO `zb_category_group_field_value` VALUES ('1096', '55', '43', '基金资历', '12', '2016-03-25 17:44:32', '1');
INSERT INTO `zb_category_group_field_value` VALUES ('1097', '55', '44', '从业年限', '12', '2016-03-25 17:44:32', '1');
INSERT INTO `zb_category_group_field_value` VALUES ('1098', '55', '45', '近一年投资业绩', '12', '2016-03-25 17:44:32', '1');
INSERT INTO `zb_category_group_field_value` VALUES ('1099', '55', '46', '主要过往业绩', '12', '2016-03-25 17:44:32', '1');
INSERT INTO `zb_category_group_field_value` VALUES ('1100', '55', '47', 'β系数', '12', '2016-03-25 17:44:32', '1');
INSERT INTO `zb_category_group_field_value` VALUES ('1101', '55', '48', '区间最大亏损', '1', '2016-03-25 17:44:32', '1');
INSERT INTO `zb_category_group_field_value` VALUES ('1102', '55', '49', '收益率标准差', '12', '2016-03-25 17:44:32', '1');
INSERT INTO `zb_category_group_field_value` VALUES ('1103', '55', '50', '是否曾被监管', '12', '2016-03-25 17:44:32', '1');
INSERT INTO `zb_category_group_field_value` VALUES ('1104', '55', '51', '产品是否曾清盘', '12', '2016-03-25 17:44:32', '1');
INSERT INTO `zb_category_group_field_value` VALUES ('1105', '56', '28', '平均收益率(周)', '5%', '2016-03-28 10:54:56', '1');
INSERT INTO `zb_category_group_field_value` VALUES ('1106', '56', '29', '收益率排名', '3', '2016-03-28 10:54:56', '1');
INSERT INTO `zb_category_group_field_value` VALUES ('1107', '56', '30', '夏普比率', '4%', '2016-03-28 10:54:56', '1');
INSERT INTO `zb_category_group_field_value` VALUES ('1108', '56', '31', '索丁诺比率', '4%', '2016-03-28 10:54:56', '1');
INSERT INTO `zb_category_group_field_value` VALUES ('1109', '56', '32', '管理人', '徐翔', '2016-03-28 10:54:56', '1');
INSERT INTO `zb_category_group_field_value` VALUES ('1110', '56', '33', '旗下产品数量', '10', '2016-03-28 10:54:56', '1');
INSERT INTO `zb_category_group_field_value` VALUES ('1111', '56', '34', '管理资产规模', '10亿', '2016-03-28 10:54:56', '1');
INSERT INTO `zb_category_group_field_value` VALUES ('1112', '56', '35', '投研团队规模', '50-100', '2016-03-28 10:54:56', '1');
INSERT INTO `zb_category_group_field_value` VALUES ('1113', '56', '36', '曾管理产品绝对评价收益率', '15%', '2016-03-28 10:54:56', '1');
INSERT INTO `zb_category_group_field_value` VALUES ('1114', '56', '37', '曾管理产品相对评价收益率', '50%', '2016-03-28 10:54:56', '1');
INSERT INTO `zb_category_group_field_value` VALUES ('1115', '56', '38', '经营合规性', '合规经营', '2016-03-28 10:54:56', '1');
INSERT INTO `zb_category_group_field_value` VALUES ('1116', '56', '39', '团队稳定性', '专业私募团队', '2016-03-28 10:54:56', '1');
INSERT INTO `zb_category_group_field_value` VALUES ('1117', '56', '40', '决策机制', '策略型', '2016-03-28 10:54:56', '1');
INSERT INTO `zb_category_group_field_value` VALUES ('1118', '56', '41', '基金经理', '徐翔', '2016-03-28 10:54:56', '1');
INSERT INTO `zb_category_group_field_value` VALUES ('1119', '56', '42', '开始管理本基金时间', '20100101', '2016-03-28 10:54:56', '1');
INSERT INTO `zb_category_group_field_value` VALUES ('1120', '56', '43', '基金资历', '博士', '2016-03-28 10:54:56', '1');
INSERT INTO `zb_category_group_field_value` VALUES ('1121', '56', '44', '从业年限', '15年', '2016-03-28 10:54:56', '1');
INSERT INTO `zb_category_group_field_value` VALUES ('1122', '56', '45', '近一年投资业绩', '200%累积收益率', '2016-03-28 10:54:56', '1');
INSERT INTO `zb_category_group_field_value` VALUES ('1123', '56', '46', '主要过往业绩', '200%累积收益率', '2016-03-28 10:54:56', '1');
INSERT INTO `zb_category_group_field_value` VALUES ('1124', '56', '47', 'β系数', '12', '2016-03-28 10:54:56', '1');
INSERT INTO `zb_category_group_field_value` VALUES ('1125', '56', '48', '区间最大亏损', '2', '2016-03-28 10:54:56', '1');
INSERT INTO `zb_category_group_field_value` VALUES ('1126', '56', '49', '收益率标准差', '5', '2016-03-28 10:54:56', '1');
INSERT INTO `zb_category_group_field_value` VALUES ('1127', '56', '50', '是否曾被监管', '公墓监管标准', '2016-03-28 10:54:56', '1');
INSERT INTO `zb_category_group_field_value` VALUES ('1128', '56', '51', '产品是否曾清盘', '否', '2016-03-28 10:54:56', '1');
INSERT INTO `zb_category_group_field_value` VALUES ('1129', '57', '28', '平均收益率(周)', '', '2016-03-28 14:15:28', '1');
INSERT INTO `zb_category_group_field_value` VALUES ('1130', '57', '29', '收益率排名', '', '2016-03-28 14:15:28', '1');
INSERT INTO `zb_category_group_field_value` VALUES ('1131', '57', '30', '夏普比率', '', '2016-03-28 14:15:28', '1');
INSERT INTO `zb_category_group_field_value` VALUES ('1132', '57', '31', '索丁诺比率', '', '2016-03-28 14:15:28', '1');
INSERT INTO `zb_category_group_field_value` VALUES ('1133', '57', '32', '管理人', '', '2016-03-28 14:15:28', '1');
INSERT INTO `zb_category_group_field_value` VALUES ('1134', '57', '33', '旗下产品数量', '', '2016-03-28 14:15:28', '1');
INSERT INTO `zb_category_group_field_value` VALUES ('1135', '57', '34', '管理资产规模', '', '2016-03-28 14:15:28', '1');
INSERT INTO `zb_category_group_field_value` VALUES ('1136', '57', '35', '投研团队规模', '', '2016-03-28 14:15:28', '1');
INSERT INTO `zb_category_group_field_value` VALUES ('1137', '57', '36', '曾管理产品绝对评价收益率', '', '2016-03-28 14:15:28', '1');
INSERT INTO `zb_category_group_field_value` VALUES ('1138', '57', '37', '曾管理产品相对评价收益率', '', '2016-03-28 14:15:28', '1');
INSERT INTO `zb_category_group_field_value` VALUES ('1139', '57', '38', '经营合规性', '', '2016-03-28 14:15:28', '1');
INSERT INTO `zb_category_group_field_value` VALUES ('1140', '57', '39', '团队稳定性', '', '2016-03-28 14:15:28', '1');
INSERT INTO `zb_category_group_field_value` VALUES ('1141', '57', '40', '决策机制', '', '2016-03-28 14:15:28', '1');
INSERT INTO `zb_category_group_field_value` VALUES ('1142', '57', '41', '基金经理', '', '2016-03-28 14:15:28', '1');
INSERT INTO `zb_category_group_field_value` VALUES ('1143', '57', '42', '开始管理本基金时间', '', '2016-03-28 14:15:28', '1');
INSERT INTO `zb_category_group_field_value` VALUES ('1144', '57', '43', '基金资历', '', '2016-03-28 14:15:28', '1');
INSERT INTO `zb_category_group_field_value` VALUES ('1145', '57', '44', '从业年限', '', '2016-03-28 14:15:28', '1');
INSERT INTO `zb_category_group_field_value` VALUES ('1146', '57', '45', '近一年投资业绩', '', '2016-03-28 14:15:28', '1');
INSERT INTO `zb_category_group_field_value` VALUES ('1147', '57', '46', '主要过往业绩', '', '2016-03-28 14:15:28', '1');
INSERT INTO `zb_category_group_field_value` VALUES ('1148', '57', '47', 'β系数', '', '2016-03-28 14:15:28', '1');
INSERT INTO `zb_category_group_field_value` VALUES ('1149', '57', '48', '区间最大亏损', '', '2016-03-28 14:15:28', '1');
INSERT INTO `zb_category_group_field_value` VALUES ('1150', '57', '49', '收益率标准差', '', '2016-03-28 14:15:28', '1');
INSERT INTO `zb_category_group_field_value` VALUES ('1151', '57', '50', '是否曾被监管', '', '2016-03-28 14:15:28', '1');
INSERT INTO `zb_category_group_field_value` VALUES ('1152', '57', '51', '产品是否曾清盘', '', '2016-03-28 14:15:28', '1');
INSERT INTO `zb_category_group_field_value` VALUES ('1153', '58', '28', '平均收益率(周)', '3', '2016-03-28 14:51:44', '1');
INSERT INTO `zb_category_group_field_value` VALUES ('1154', '58', '29', '收益率排名', '1', '2016-03-28 14:51:44', '1');
INSERT INTO `zb_category_group_field_value` VALUES ('1155', '58', '30', '夏普比率', '1', '2016-03-28 14:51:44', '1');
INSERT INTO `zb_category_group_field_value` VALUES ('1156', '58', '31', '索丁诺比率', '1', '2016-03-28 14:51:44', '1');
INSERT INTO `zb_category_group_field_value` VALUES ('1157', '58', '32', '管理人', '2', '2016-03-28 14:51:44', '1');
INSERT INTO `zb_category_group_field_value` VALUES ('1158', '58', '33', '旗下产品数量', '1', '2016-03-28 14:51:44', '1');
INSERT INTO `zb_category_group_field_value` VALUES ('1159', '58', '34', '管理资产规模', '5', '2016-03-28 14:51:44', '1');
INSERT INTO `zb_category_group_field_value` VALUES ('1160', '58', '35', '投研团队规模', '23', '2016-03-28 14:51:44', '1');
INSERT INTO `zb_category_group_field_value` VALUES ('1161', '58', '36', '曾管理产品绝对评价收益率', '3', '2016-03-28 14:51:44', '1');
INSERT INTO `zb_category_group_field_value` VALUES ('1162', '58', '37', '曾管理产品相对评价收益率', '1', '2016-03-28 14:51:44', '1');
INSERT INTO `zb_category_group_field_value` VALUES ('1163', '58', '38', '经营合规性', '4', '2016-03-28 14:51:44', '1');
INSERT INTO `zb_category_group_field_value` VALUES ('1164', '58', '39', '团队稳定性', '4', '2016-03-28 14:51:44', '1');
INSERT INTO `zb_category_group_field_value` VALUES ('1165', '58', '40', '决策机制', '3', '2016-03-28 14:51:44', '1');
INSERT INTO `zb_category_group_field_value` VALUES ('1166', '58', '41', '基金经理', '2', '2016-03-28 14:51:44', '1');
INSERT INTO `zb_category_group_field_value` VALUES ('1167', '58', '42', '开始管理本基金时间', '5', '2016-03-28 14:51:44', '1');
INSERT INTO `zb_category_group_field_value` VALUES ('1168', '58', '43', '基金资历', '4', '2016-03-28 14:51:44', '1');
INSERT INTO `zb_category_group_field_value` VALUES ('1169', '58', '44', '从业年限', '3', '2016-03-28 14:51:44', '1');
INSERT INTO `zb_category_group_field_value` VALUES ('1170', '58', '45', '近一年投资业绩', '1', '2016-03-28 14:51:44', '1');
INSERT INTO `zb_category_group_field_value` VALUES ('1171', '58', '46', '主要过往业绩', '6', '2016-03-28 14:51:44', '1');
INSERT INTO `zb_category_group_field_value` VALUES ('1172', '58', '47', 'β系数', '5', '2016-03-28 14:51:44', '1');
INSERT INTO `zb_category_group_field_value` VALUES ('1173', '58', '48', '区间最大亏损', '8', '2016-03-28 14:51:44', '1');
INSERT INTO `zb_category_group_field_value` VALUES ('1174', '58', '49', '收益率标准差', '7', '2016-03-28 14:51:44', '1');
INSERT INTO `zb_category_group_field_value` VALUES ('1175', '58', '50', '是否曾被监管', '1', '2016-03-28 14:51:44', '1');
INSERT INTO `zb_category_group_field_value` VALUES ('1176', '58', '51', '产品是否曾清盘', '9', '2016-03-28 14:51:44', '1');
INSERT INTO `zb_category_group_field_value` VALUES ('1177', '59', '28', '平均收益率(周)', '', '2016-03-28 14:27:21', '1');
INSERT INTO `zb_category_group_field_value` VALUES ('1178', '59', '29', '收益率排名', '', '2016-03-28 14:27:21', '1');
INSERT INTO `zb_category_group_field_value` VALUES ('1179', '59', '30', '夏普比率', '', '2016-03-28 14:27:21', '1');
INSERT INTO `zb_category_group_field_value` VALUES ('1180', '59', '31', '索丁诺比率', '', '2016-03-28 14:27:21', '1');
INSERT INTO `zb_category_group_field_value` VALUES ('1181', '59', '32', '管理人', '', '2016-03-28 14:27:21', '1');
INSERT INTO `zb_category_group_field_value` VALUES ('1182', '59', '33', '旗下产品数量', '', '2016-03-28 14:27:21', '1');
INSERT INTO `zb_category_group_field_value` VALUES ('1183', '59', '34', '管理资产规模', '', '2016-03-28 14:27:21', '1');
INSERT INTO `zb_category_group_field_value` VALUES ('1184', '59', '35', '投研团队规模', '', '2016-03-28 14:27:21', '1');
INSERT INTO `zb_category_group_field_value` VALUES ('1185', '59', '36', '曾管理产品绝对评价收益率', '', '2016-03-28 14:27:21', '1');
INSERT INTO `zb_category_group_field_value` VALUES ('1186', '59', '37', '曾管理产品相对评价收益率', '', '2016-03-28 14:27:21', '1');
INSERT INTO `zb_category_group_field_value` VALUES ('1187', '59', '38', '经营合规性', '', '2016-03-28 14:27:21', '1');
INSERT INTO `zb_category_group_field_value` VALUES ('1188', '59', '39', '团队稳定性', '', '2016-03-28 14:27:21', '1');
INSERT INTO `zb_category_group_field_value` VALUES ('1189', '59', '40', '决策机制', '', '2016-03-28 14:27:21', '1');
INSERT INTO `zb_category_group_field_value` VALUES ('1190', '59', '41', '基金经理', '', '2016-03-28 14:27:21', '1');
INSERT INTO `zb_category_group_field_value` VALUES ('1191', '59', '42', '开始管理本基金时间', '', '2016-03-28 14:27:21', '1');
INSERT INTO `zb_category_group_field_value` VALUES ('1192', '59', '43', '基金资历', '', '2016-03-28 14:27:21', '1');
INSERT INTO `zb_category_group_field_value` VALUES ('1193', '59', '44', '从业年限', '', '2016-03-28 14:27:21', '1');
INSERT INTO `zb_category_group_field_value` VALUES ('1194', '59', '45', '近一年投资业绩', '', '2016-03-28 14:27:21', '1');
INSERT INTO `zb_category_group_field_value` VALUES ('1195', '59', '46', '主要过往业绩', '', '2016-03-28 14:27:21', '1');
INSERT INTO `zb_category_group_field_value` VALUES ('1196', '59', '47', 'β系数', '', '2016-03-28 14:27:21', '1');
INSERT INTO `zb_category_group_field_value` VALUES ('1197', '59', '48', '区间最大亏损', '', '2016-03-28 14:27:21', '1');
INSERT INTO `zb_category_group_field_value` VALUES ('1198', '59', '49', '收益率标准差', '', '2016-03-28 14:27:21', '1');
INSERT INTO `zb_category_group_field_value` VALUES ('1199', '59', '50', '是否曾被监管', '', '2016-03-28 14:27:21', '1');
INSERT INTO `zb_category_group_field_value` VALUES ('1200', '59', '51', '产品是否曾清盘', '', '2016-03-28 14:27:21', '1');
INSERT INTO `zb_category_group_field_value` VALUES ('1201', '60', '28', '平均收益率(周)', '11', '2016-03-29 09:42:43', '1');
INSERT INTO `zb_category_group_field_value` VALUES ('1202', '60', '29', '收益率排名', '11', '2016-03-29 09:42:43', '1');
INSERT INTO `zb_category_group_field_value` VALUES ('1203', '60', '30', '夏普比率', '11', '2016-03-29 09:42:43', '1');
INSERT INTO `zb_category_group_field_value` VALUES ('1204', '60', '31', '索丁诺比率', '11', '2016-03-29 09:42:43', '1');
INSERT INTO `zb_category_group_field_value` VALUES ('1205', '60', '32', '管理人', '11', '2016-03-29 09:42:43', '1');
INSERT INTO `zb_category_group_field_value` VALUES ('1206', '60', '33', '旗下产品数量', '11', '2016-03-29 09:42:43', '1');
INSERT INTO `zb_category_group_field_value` VALUES ('1207', '60', '34', '管理资产规模', '1', '2016-03-29 09:42:43', '1');
INSERT INTO `zb_category_group_field_value` VALUES ('1208', '60', '35', '投研团队规模', '1', '2016-03-29 09:42:43', '1');
INSERT INTO `zb_category_group_field_value` VALUES ('1209', '60', '36', '曾管理产品绝对评价收益率', '1', '2016-03-29 09:42:43', '1');
INSERT INTO `zb_category_group_field_value` VALUES ('1210', '60', '37', '曾管理产品相对评价收益率', '11', '2016-03-29 09:42:43', '1');
INSERT INTO `zb_category_group_field_value` VALUES ('1211', '60', '38', '经营合规性', '1', '2016-03-29 09:42:43', '1');
INSERT INTO `zb_category_group_field_value` VALUES ('1212', '60', '39', '团队稳定性', '1', '2016-03-29 09:42:43', '1');
INSERT INTO `zb_category_group_field_value` VALUES ('1213', '60', '40', '决策机制', '11', '2016-03-29 09:42:43', '1');
INSERT INTO `zb_category_group_field_value` VALUES ('1214', '60', '41', '基金经理', '1', '2016-03-29 09:42:43', '1');
INSERT INTO `zb_category_group_field_value` VALUES ('1215', '60', '42', '开始管理本基金时间', '1', '2016-03-29 09:42:43', '1');
INSERT INTO `zb_category_group_field_value` VALUES ('1216', '60', '43', '基金资历', '1', '2016-03-29 09:42:43', '1');
INSERT INTO `zb_category_group_field_value` VALUES ('1217', '60', '44', '从业年限', '1', '2016-03-29 09:42:43', '1');
INSERT INTO `zb_category_group_field_value` VALUES ('1218', '60', '45', '近一年投资业绩', '1', '2016-03-29 09:42:43', '1');
INSERT INTO `zb_category_group_field_value` VALUES ('1219', '60', '46', '主要过往业绩', '1', '2016-03-29 09:42:43', '1');
INSERT INTO `zb_category_group_field_value` VALUES ('1220', '60', '47', 'β系数', '1', '2016-03-29 09:42:43', '1');
INSERT INTO `zb_category_group_field_value` VALUES ('1221', '60', '48', '区间最大亏损', '1', '2016-03-29 09:42:43', '1');
INSERT INTO `zb_category_group_field_value` VALUES ('1222', '60', '49', '收益率标准差', '1', '2016-03-29 09:42:43', '1');
INSERT INTO `zb_category_group_field_value` VALUES ('1223', '60', '50', '是否曾被监管', '1', '2016-03-29 09:42:43', '1');
INSERT INTO `zb_category_group_field_value` VALUES ('1224', '60', '51', '产品是否曾清盘', '1', '2016-03-29 09:42:43', '1');
INSERT INTO `zb_category_group_field_value` VALUES ('1225', '61', '28', '平均收益率(周)', '3', '2016-03-28 17:00:01', '1');
INSERT INTO `zb_category_group_field_value` VALUES ('1226', '61', '29', '收益率排名', '2', '2016-03-28 17:00:01', '1');
INSERT INTO `zb_category_group_field_value` VALUES ('1227', '61', '30', '夏普比率', '3.5', '2016-03-28 17:00:01', '1');
INSERT INTO `zb_category_group_field_value` VALUES ('1228', '61', '31', '索丁诺比率', '2', '2016-03-28 17:00:01', '1');
INSERT INTO `zb_category_group_field_value` VALUES ('1229', '61', '32', '管理人', '徐翔', '2016-03-28 17:00:01', '1');
INSERT INTO `zb_category_group_field_value` VALUES ('1230', '61', '33', '旗下产品数量', '10', '2016-03-28 17:00:01', '1');
INSERT INTO `zb_category_group_field_value` VALUES ('1231', '61', '34', '管理资产规模', '20亿', '2016-03-28 17:00:01', '1');
INSERT INTO `zb_category_group_field_value` VALUES ('1232', '61', '35', '投研团队规模', '50-100', '2016-03-28 17:00:01', '1');
INSERT INTO `zb_category_group_field_value` VALUES ('1233', '61', '36', '曾管理产品绝对评价收益率', '15%', '2016-03-28 17:00:01', '1');
INSERT INTO `zb_category_group_field_value` VALUES ('1234', '61', '37', '曾管理产品相对评价收益率', '25%', '2016-03-28 17:00:01', '1');
INSERT INTO `zb_category_group_field_value` VALUES ('1235', '61', '38', '经营合规性', '专业资金监管', '2016-03-28 17:00:01', '1');
INSERT INTO `zb_category_group_field_value` VALUES ('1236', '61', '39', '团队稳定性', '专业投资团队', '2016-03-28 17:00:01', '1');
INSERT INTO `zb_category_group_field_value` VALUES ('1237', '61', '40', '决策机制', '策略型', '2016-03-28 17:00:01', '1');
INSERT INTO `zb_category_group_field_value` VALUES ('1238', '61', '41', '基金经理', '徐翔', '2016-03-28 17:00:01', '1');
INSERT INTO `zb_category_group_field_value` VALUES ('1239', '61', '42', '开始管理本基金时间', '2005', '2016-03-28 17:00:01', '1');
INSERT INTO `zb_category_group_field_value` VALUES ('1240', '61', '43', '基金资历', '博士', '2016-03-28 17:00:01', '1');
INSERT INTO `zb_category_group_field_value` VALUES ('1241', '61', '44', '从业年限', '20', '2016-03-28 17:00:01', '1');
INSERT INTO `zb_category_group_field_value` VALUES ('1242', '61', '45', '近一年投资业绩', '累积收益率157%', '2016-03-28 17:00:01', '1');
INSERT INTO `zb_category_group_field_value` VALUES ('1243', '61', '46', '主要过往业绩', '累积收益率157%', '2016-03-28 17:00:01', '1');
INSERT INTO `zb_category_group_field_value` VALUES ('1244', '61', '47', 'β系数', '2', '2016-03-28 17:00:01', '1');
INSERT INTO `zb_category_group_field_value` VALUES ('1245', '61', '48', '区间最大亏损', '20', '2016-03-28 17:00:01', '1');
INSERT INTO `zb_category_group_field_value` VALUES ('1246', '61', '49', '收益率标准差', '2', '2016-03-28 17:00:01', '1');
INSERT INTO `zb_category_group_field_value` VALUES ('1247', '61', '50', '是否曾被监管', '是', '2016-03-28 17:00:01', '1');
INSERT INTO `zb_category_group_field_value` VALUES ('1248', '61', '51', '产品是否曾清盘', '否', '2016-03-28 17:00:01', '1');
INSERT INTO `zb_category_group_field_value` VALUES ('1249', '62', '28', '平均收益率(周)', '1', '2016-03-28 16:09:16', '1');
INSERT INTO `zb_category_group_field_value` VALUES ('1250', '62', '29', '收益率排名', '2', '2016-03-28 16:09:16', '1');
INSERT INTO `zb_category_group_field_value` VALUES ('1251', '62', '30', '夏普比率', '1', '2016-03-28 16:09:16', '1');
INSERT INTO `zb_category_group_field_value` VALUES ('1252', '62', '31', '索丁诺比率', '1', '2016-03-28 16:09:16', '1');
INSERT INTO `zb_category_group_field_value` VALUES ('1253', '62', '32', '管理人', '4', '2016-03-28 16:09:16', '1');
INSERT INTO `zb_category_group_field_value` VALUES ('1254', '62', '33', '旗下产品数量', '7', '2016-03-28 16:09:16', '1');
INSERT INTO `zb_category_group_field_value` VALUES ('1255', '62', '34', '管理资产规模', '7', '2016-03-28 16:09:16', '1');
INSERT INTO `zb_category_group_field_value` VALUES ('1256', '62', '35', '投研团队规模', '4', '2016-03-28 16:09:16', '1');
INSERT INTO `zb_category_group_field_value` VALUES ('1257', '62', '36', '曾管理产品绝对评价收益率', '3', '2016-03-28 16:09:16', '1');
INSERT INTO `zb_category_group_field_value` VALUES ('1258', '62', '37', '曾管理产品相对评价收益率', '3', '2016-03-28 16:09:16', '1');
INSERT INTO `zb_category_group_field_value` VALUES ('1259', '62', '38', '经营合规性', '6', '2016-03-28 16:09:16', '1');
INSERT INTO `zb_category_group_field_value` VALUES ('1260', '62', '39', '团队稳定性', '5', '2016-03-28 16:09:16', '1');
INSERT INTO `zb_category_group_field_value` VALUES ('1261', '62', '40', '决策机制', '2', '2016-03-28 16:09:16', '1');
INSERT INTO `zb_category_group_field_value` VALUES ('1262', '62', '41', '基金经理', '8', '2016-03-28 16:09:16', '1');
INSERT INTO `zb_category_group_field_value` VALUES ('1263', '62', '42', '开始管理本基金时间', '34', '2016-03-28 16:09:16', '1');
INSERT INTO `zb_category_group_field_value` VALUES ('1264', '62', '43', '基金资历', '2', '2016-03-28 16:09:16', '1');
INSERT INTO `zb_category_group_field_value` VALUES ('1265', '62', '44', '从业年限', '1', '2016-03-28 16:09:16', '1');
INSERT INTO `zb_category_group_field_value` VALUES ('1266', '62', '45', '近一年投资业绩', '9', '2016-03-28 16:09:16', '1');
INSERT INTO `zb_category_group_field_value` VALUES ('1267', '62', '46', '主要过往业绩', '3', '2016-03-28 16:09:16', '1');
INSERT INTO `zb_category_group_field_value` VALUES ('1268', '62', '47', 'β系数', '5', '2016-03-28 16:09:16', '1');
INSERT INTO `zb_category_group_field_value` VALUES ('1269', '62', '48', '区间最大亏损', '5', '2016-03-28 16:09:16', '1');
INSERT INTO `zb_category_group_field_value` VALUES ('1270', '62', '49', '收益率标准差', '45', '2016-03-28 16:09:16', '1');
INSERT INTO `zb_category_group_field_value` VALUES ('1271', '62', '50', '是否曾被监管', '6', '2016-03-28 16:09:16', '1');
INSERT INTO `zb_category_group_field_value` VALUES ('1272', '62', '51', '产品是否曾清盘', '5', '2016-03-28 16:09:16', '1');
INSERT INTO `zb_category_group_field_value` VALUES ('1273', '63', '28', '平均收益率(周)', '', '2016-03-28 16:22:15', '1');
INSERT INTO `zb_category_group_field_value` VALUES ('1274', '63', '29', '收益率排名', '', '2016-03-28 16:22:15', '1');
INSERT INTO `zb_category_group_field_value` VALUES ('1275', '63', '30', '夏普比率', '', '2016-03-28 16:22:15', '1');
INSERT INTO `zb_category_group_field_value` VALUES ('1276', '63', '31', '索丁诺比率', '', '2016-03-28 16:22:15', '1');
INSERT INTO `zb_category_group_field_value` VALUES ('1277', '63', '32', '管理人', '', '2016-03-28 16:22:15', '1');
INSERT INTO `zb_category_group_field_value` VALUES ('1278', '63', '33', '旗下产品数量', '', '2016-03-28 16:22:15', '1');
INSERT INTO `zb_category_group_field_value` VALUES ('1279', '63', '34', '管理资产规模', '', '2016-03-28 16:22:15', '1');
INSERT INTO `zb_category_group_field_value` VALUES ('1280', '63', '35', '投研团队规模', '', '2016-03-28 16:22:15', '1');
INSERT INTO `zb_category_group_field_value` VALUES ('1281', '63', '36', '曾管理产品绝对评价收益率', '', '2016-03-28 16:22:15', '1');
INSERT INTO `zb_category_group_field_value` VALUES ('1282', '63', '37', '曾管理产品相对评价收益率', '', '2016-03-28 16:22:15', '1');
INSERT INTO `zb_category_group_field_value` VALUES ('1283', '63', '38', '经营合规性', '', '2016-03-28 16:22:15', '1');
INSERT INTO `zb_category_group_field_value` VALUES ('1284', '63', '39', '团队稳定性', '', '2016-03-28 16:22:15', '1');
INSERT INTO `zb_category_group_field_value` VALUES ('1285', '63', '40', '决策机制', '', '2016-03-28 16:22:15', '1');
INSERT INTO `zb_category_group_field_value` VALUES ('1286', '63', '41', '基金经理', '', '2016-03-28 16:22:15', '1');
INSERT INTO `zb_category_group_field_value` VALUES ('1287', '63', '42', '开始管理本基金时间', '', '2016-03-28 16:22:15', '1');
INSERT INTO `zb_category_group_field_value` VALUES ('1288', '63', '43', '基金资历', '', '2016-03-28 16:22:15', '1');
INSERT INTO `zb_category_group_field_value` VALUES ('1289', '63', '44', '从业年限', '', '2016-03-28 16:22:15', '1');
INSERT INTO `zb_category_group_field_value` VALUES ('1290', '63', '45', '近一年投资业绩', '', '2016-03-28 16:22:15', '1');
INSERT INTO `zb_category_group_field_value` VALUES ('1291', '63', '46', '主要过往业绩', '', '2016-03-28 16:22:15', '1');
INSERT INTO `zb_category_group_field_value` VALUES ('1292', '63', '47', 'β系数', '', '2016-03-28 16:22:15', '1');
INSERT INTO `zb_category_group_field_value` VALUES ('1293', '63', '48', '区间最大亏损', '', '2016-03-28 16:22:15', '1');
INSERT INTO `zb_category_group_field_value` VALUES ('1294', '63', '49', '收益率标准差', '', '2016-03-28 16:22:15', '1');
INSERT INTO `zb_category_group_field_value` VALUES ('1295', '63', '50', '是否曾被监管', '', '2016-03-28 16:22:15', '1');
INSERT INTO `zb_category_group_field_value` VALUES ('1296', '63', '51', '产品是否曾清盘', '', '2016-03-28 16:22:15', '1');
INSERT INTO `zb_category_group_field_value` VALUES ('1297', '64', '28', '平均收益率(周)', '23', '2016-03-28 17:05:31', '1');
INSERT INTO `zb_category_group_field_value` VALUES ('1298', '64', '29', '收益率排名', '23', '2016-03-28 17:05:31', '1');
INSERT INTO `zb_category_group_field_value` VALUES ('1299', '64', '30', '夏普比率', '23', '2016-03-28 17:05:31', '1');
INSERT INTO `zb_category_group_field_value` VALUES ('1300', '64', '31', '索丁诺比率', '23', '2016-03-28 17:05:31', '1');
INSERT INTO `zb_category_group_field_value` VALUES ('1301', '64', '32', '管理人', '23', '2016-03-28 17:05:31', '1');
INSERT INTO `zb_category_group_field_value` VALUES ('1302', '64', '33', '旗下产品数量', '23', '2016-03-28 17:05:31', '1');
INSERT INTO `zb_category_group_field_value` VALUES ('1303', '64', '34', '管理资产规模', '23', '2016-03-28 17:05:31', '1');
INSERT INTO `zb_category_group_field_value` VALUES ('1304', '64', '35', '投研团队规模', '23', '2016-03-28 17:05:31', '1');
INSERT INTO `zb_category_group_field_value` VALUES ('1305', '64', '36', '曾管理产品绝对评价收益率', '23', '2016-03-28 17:05:31', '1');
INSERT INTO `zb_category_group_field_value` VALUES ('1306', '64', '37', '曾管理产品相对评价收益率', '23', '2016-03-28 17:05:31', '1');
INSERT INTO `zb_category_group_field_value` VALUES ('1307', '64', '38', '经营合规性', '23', '2016-03-28 17:05:31', '1');
INSERT INTO `zb_category_group_field_value` VALUES ('1308', '64', '39', '团队稳定性', '23', '2016-03-28 17:05:31', '1');
INSERT INTO `zb_category_group_field_value` VALUES ('1309', '64', '40', '决策机制', '23', '2016-03-28 17:05:31', '1');
INSERT INTO `zb_category_group_field_value` VALUES ('1310', '64', '41', '基金经理', '23', '2016-03-28 17:05:31', '1');
INSERT INTO `zb_category_group_field_value` VALUES ('1311', '64', '42', '开始管理本基金时间', '23', '2016-03-28 17:05:31', '1');
INSERT INTO `zb_category_group_field_value` VALUES ('1312', '64', '43', '基金资历', '23', '2016-03-28 17:05:31', '1');
INSERT INTO `zb_category_group_field_value` VALUES ('1313', '64', '44', '从业年限', '23', '2016-03-28 17:05:31', '1');
INSERT INTO `zb_category_group_field_value` VALUES ('1314', '64', '45', '近一年投资业绩', '23', '2016-03-28 17:05:31', '1');
INSERT INTO `zb_category_group_field_value` VALUES ('1315', '64', '46', '主要过往业绩', '23', '2016-03-28 17:05:31', '1');
INSERT INTO `zb_category_group_field_value` VALUES ('1316', '64', '47', 'β系数', '23', '2016-03-28 17:05:31', '1');
INSERT INTO `zb_category_group_field_value` VALUES ('1317', '64', '48', '区间最大亏损', '23', '2016-03-28 17:05:31', '1');
INSERT INTO `zb_category_group_field_value` VALUES ('1318', '64', '49', '收益率标准差', '23', '2016-03-28 17:05:31', '1');
INSERT INTO `zb_category_group_field_value` VALUES ('1319', '64', '50', '是否曾被监管', '23', '2016-03-28 17:05:31', '1');
INSERT INTO `zb_category_group_field_value` VALUES ('1320', '64', '51', '产品是否曾清盘', '23', '2016-03-28 17:05:31', '1');
INSERT INTO `zb_category_group_field_value` VALUES ('1321', '65', '28', '平均收益率(周)', '', '2016-03-28 17:22:53', '1');
INSERT INTO `zb_category_group_field_value` VALUES ('1322', '65', '29', '收益率排名', '', '2016-03-28 17:22:53', '1');
INSERT INTO `zb_category_group_field_value` VALUES ('1323', '65', '30', '夏普比率', '', '2016-03-28 17:22:53', '1');
INSERT INTO `zb_category_group_field_value` VALUES ('1324', '65', '31', '索丁诺比率', '', '2016-03-28 17:22:53', '1');
INSERT INTO `zb_category_group_field_value` VALUES ('1325', '65', '32', '管理人', '', '2016-03-28 17:22:53', '1');
INSERT INTO `zb_category_group_field_value` VALUES ('1326', '65', '33', '旗下产品数量', '', '2016-03-28 17:22:53', '1');
INSERT INTO `zb_category_group_field_value` VALUES ('1327', '65', '34', '管理资产规模', '', '2016-03-28 17:22:53', '1');
INSERT INTO `zb_category_group_field_value` VALUES ('1328', '65', '35', '投研团队规模', '', '2016-03-28 17:22:53', '1');
INSERT INTO `zb_category_group_field_value` VALUES ('1329', '65', '36', '曾管理产品绝对评价收益率', '', '2016-03-28 17:22:53', '1');
INSERT INTO `zb_category_group_field_value` VALUES ('1330', '65', '37', '曾管理产品相对评价收益率', '', '2016-03-28 17:22:53', '1');
INSERT INTO `zb_category_group_field_value` VALUES ('1331', '65', '38', '经营合规性', '', '2016-03-28 17:22:53', '1');
INSERT INTO `zb_category_group_field_value` VALUES ('1332', '65', '39', '团队稳定性', '', '2016-03-28 17:22:53', '1');
INSERT INTO `zb_category_group_field_value` VALUES ('1333', '65', '40', '决策机制', '', '2016-03-28 17:22:53', '1');
INSERT INTO `zb_category_group_field_value` VALUES ('1334', '65', '41', '基金经理', '', '2016-03-28 17:22:53', '1');
INSERT INTO `zb_category_group_field_value` VALUES ('1335', '65', '42', '开始管理本基金时间', '', '2016-03-28 17:22:53', '1');
INSERT INTO `zb_category_group_field_value` VALUES ('1336', '65', '43', '基金资历', '', '2016-03-28 17:22:53', '1');
INSERT INTO `zb_category_group_field_value` VALUES ('1337', '65', '44', '从业年限', '', '2016-03-28 17:22:53', '1');
INSERT INTO `zb_category_group_field_value` VALUES ('1338', '65', '45', '近一年投资业绩', '', '2016-03-28 17:22:53', '1');
INSERT INTO `zb_category_group_field_value` VALUES ('1339', '65', '46', '主要过往业绩', '', '2016-03-28 17:22:53', '1');
INSERT INTO `zb_category_group_field_value` VALUES ('1340', '65', '47', 'β系数', '', '2016-03-28 17:22:53', '1');
INSERT INTO `zb_category_group_field_value` VALUES ('1341', '65', '48', '区间最大亏损', '', '2016-03-28 17:22:53', '1');
INSERT INTO `zb_category_group_field_value` VALUES ('1342', '65', '49', '收益率标准差', '', '2016-03-28 17:22:53', '1');
INSERT INTO `zb_category_group_field_value` VALUES ('1343', '65', '50', '是否曾被监管', '', '2016-03-28 17:22:53', '1');
INSERT INTO `zb_category_group_field_value` VALUES ('1344', '65', '51', '产品是否曾清盘', '', '2016-03-28 17:22:53', '1');
INSERT INTO `zb_category_group_field_value` VALUES ('1345', '66', '28', '平均收益率(周)', '3', '2016-03-29 11:14:58', '1');
INSERT INTO `zb_category_group_field_value` VALUES ('1346', '66', '29', '收益率排名', '2', '2016-03-29 11:14:58', '1');
INSERT INTO `zb_category_group_field_value` VALUES ('1347', '66', '30', '夏普比率', '1', '2016-03-29 11:14:58', '1');
INSERT INTO `zb_category_group_field_value` VALUES ('1348', '66', '31', '索丁诺比率', '4', '2016-03-29 11:14:58', '1');
INSERT INTO `zb_category_group_field_value` VALUES ('1349', '66', '32', '管理人', '11', '2016-03-29 11:14:58', '1');
INSERT INTO `zb_category_group_field_value` VALUES ('1350', '66', '33', '旗下产品数量', '8', '2016-03-29 11:14:58', '1');
INSERT INTO `zb_category_group_field_value` VALUES ('1351', '66', '34', '管理资产规模', '6', '2016-03-29 11:14:58', '1');
INSERT INTO `zb_category_group_field_value` VALUES ('1352', '66', '35', '投研团队规模', '13', '2016-03-29 11:14:58', '1');
INSERT INTO `zb_category_group_field_value` VALUES ('1353', '66', '36', '曾管理产品绝对评价收益率', '10', '2016-03-29 11:14:58', '1');
INSERT INTO `zb_category_group_field_value` VALUES ('1354', '66', '37', '曾管理产品相对评价收益率', '7', '2016-03-29 11:14:58', '1');
INSERT INTO `zb_category_group_field_value` VALUES ('1355', '66', '38', '经营合规性', '5', '2016-03-29 11:14:58', '1');
INSERT INTO `zb_category_group_field_value` VALUES ('1356', '66', '39', '团队稳定性', '12', '2016-03-29 11:14:58', '1');
INSERT INTO `zb_category_group_field_value` VALUES ('1357', '66', '40', '决策机制', '9', '2016-03-29 11:14:58', '1');
INSERT INTO `zb_category_group_field_value` VALUES ('1358', '66', '41', '基金经理', '16', '2016-03-29 11:14:58', '1');
INSERT INTO `zb_category_group_field_value` VALUES ('1359', '66', '42', '开始管理本基金时间', '19', '2016-03-29 11:14:58', '1');
INSERT INTO `zb_category_group_field_value` VALUES ('1360', '66', '43', '基金资历', '18', '2016-03-29 11:14:58', '1');
INSERT INTO `zb_category_group_field_value` VALUES ('1361', '66', '44', '从业年限', '17', '2016-03-29 11:14:58', '1');
INSERT INTO `zb_category_group_field_value` VALUES ('1362', '66', '45', '近一年投资业绩', '15', '2016-03-29 11:14:58', '1');
INSERT INTO `zb_category_group_field_value` VALUES ('1363', '66', '46', '主要过往业绩', '14', '2016-03-29 11:14:58', '1');
INSERT INTO `zb_category_group_field_value` VALUES ('1364', '66', '47', 'β系数', '24', '2016-03-29 11:14:58', '1');
INSERT INTO `zb_category_group_field_value` VALUES ('1365', '66', '48', '区间最大亏损', '22', '2016-03-29 11:14:58', '1');
INSERT INTO `zb_category_group_field_value` VALUES ('1366', '66', '49', '收益率标准差', '21', '2016-03-29 11:14:58', '1');
INSERT INTO `zb_category_group_field_value` VALUES ('1367', '66', '50', '是否曾被监管', '20', '2016-03-29 11:14:58', '1');
INSERT INTO `zb_category_group_field_value` VALUES ('1368', '66', '51', '产品是否曾清盘', '23', '2016-03-29 11:14:58', '1');
INSERT INTO `zb_category_group_field_value` VALUES ('1369', '67', '28', '平均收益率(周)', '10', '2016-03-30 13:48:42', '1');
INSERT INTO `zb_category_group_field_value` VALUES ('1370', '67', '29', '收益率排名', '3', '2016-03-30 13:48:42', '1');
INSERT INTO `zb_category_group_field_value` VALUES ('1371', '67', '30', '夏普比率', '5', '2016-03-30 13:48:42', '1');
INSERT INTO `zb_category_group_field_value` VALUES ('1372', '67', '31', '索丁诺比率', '2', '2016-03-30 13:48:42', '1');
INSERT INTO `zb_category_group_field_value` VALUES ('1373', '67', '32', '管理人', '张强', '2016-03-30 13:48:42', '1');
INSERT INTO `zb_category_group_field_value` VALUES ('1374', '67', '33', '旗下产品数量', '10', '2016-03-30 13:48:42', '1');
INSERT INTO `zb_category_group_field_value` VALUES ('1375', '67', '34', '管理资产规模', '20', '2016-03-30 13:48:42', '1');
INSERT INTO `zb_category_group_field_value` VALUES ('1376', '67', '35', '投研团队规模', '50--100', '2016-03-30 13:48:42', '1');
INSERT INTO `zb_category_group_field_value` VALUES ('1377', '67', '36', '曾管理产品绝对评价收益率', '12', '2016-03-30 13:48:42', '1');
INSERT INTO `zb_category_group_field_value` VALUES ('1378', '67', '37', '曾管理产品相对评价收益率', '5', '2016-03-30 13:48:42', '1');
INSERT INTO `zb_category_group_field_value` VALUES ('1379', '67', '38', '经营合规性', '资质实力雄厚，正规资金托管', '2016-03-30 13:48:42', '1');
INSERT INTO `zb_category_group_field_value` VALUES ('1380', '67', '39', '团队稳定性', '专业投资团队', '2016-03-30 13:48:42', '1');
INSERT INTO `zb_category_group_field_value` VALUES ('1381', '67', '40', '决策机制', '决策决策', '2016-03-30 13:48:42', '1');
INSERT INTO `zb_category_group_field_value` VALUES ('1382', '67', '41', '基金经理', '张强', '2016-03-30 13:48:42', '1');
INSERT INTO `zb_category_group_field_value` VALUES ('1383', '67', '42', '开始管理本基金时间', '2005', '2016-03-30 13:48:43', '1');
INSERT INTO `zb_category_group_field_value` VALUES ('1384', '67', '43', '基金资历', '博士', '2016-03-30 13:48:42', '1');
INSERT INTO `zb_category_group_field_value` VALUES ('1385', '67', '44', '从业年限', '10', '2016-03-30 13:48:42', '1');
INSERT INTO `zb_category_group_field_value` VALUES ('1386', '67', '45', '近一年投资业绩', '累积收益率150%', '2016-03-30 13:48:42', '1');
INSERT INTO `zb_category_group_field_value` VALUES ('1387', '67', '46', '主要过往业绩', '累积收益率200%', '2016-03-30 13:48:42', '1');
INSERT INTO `zb_category_group_field_value` VALUES ('1388', '67', '47', 'β系数', '2', '2016-03-30 13:48:43', '1');
INSERT INTO `zb_category_group_field_value` VALUES ('1389', '67', '48', '区间最大亏损', '12', '2016-03-30 13:48:43', '1');
INSERT INTO `zb_category_group_field_value` VALUES ('1390', '67', '49', '收益率标准差', '5', '2016-03-30 13:48:43', '1');
INSERT INTO `zb_category_group_field_value` VALUES ('1391', '67', '50', '是否曾被监管', '正规监管', '2016-03-30 13:48:43', '1');
INSERT INTO `zb_category_group_field_value` VALUES ('1392', '67', '51', '产品是否曾清盘', '否', '2016-03-30 13:48:43', '1');
INSERT INTO `zb_category_group_field_value` VALUES ('1393', '68', '7', '收益率', '8.97%', '2016-03-31 09:58:32', '1');
INSERT INTO `zb_category_group_field_value` VALUES ('1394', '68', '8', '担保', '担保正规担保公司专业贷款担保公司', '2016-03-31 09:58:32', '1');
INSERT INTO `zb_category_group_field_value` VALUES ('1395', '68', '9', '抵押比例', '4:6', '2016-03-31 09:58:32', '1');
INSERT INTO `zb_category_group_field_value` VALUES ('1396', '68', '10', '连带责任', ',所谓的连带责任就是无论你公司遭受任何损失、处罚,你公司和他单位一起来承担。就是说现在的风险你们也承担了50%。', '2016-03-31 09:58:32', '1');
INSERT INTO `zb_category_group_field_value` VALUES ('1397', '68', '11', '产品规模', '20000000元', '2016-03-31 09:58:32', '1');
INSERT INTO `zb_category_group_field_value` VALUES ('1398', '68', '12', '产品期限', '90天', '2016-03-31 09:58:32', '1');
INSERT INTO `zb_category_group_field_value` VALUES ('1399', '68', '13', '总资产', '900000000元', '2016-03-31 09:58:32', '1');
INSERT INTO `zb_category_group_field_value` VALUES ('1400', '68', '14', '业内排名', '第二名', '2016-03-31 09:58:32', '1');
INSERT INTO `zb_category_group_field_value` VALUES ('1401', '68', '15', '资产负债率', '7.76%', '2016-03-31 09:58:32', '1');
INSERT INTO `zb_category_group_field_value` VALUES ('1402', '68', '16', '流动比率', '9:1', '2016-03-31 09:58:32', '1');
INSERT INTO `zb_category_group_field_value` VALUES ('1403', '68', '17', '现金流情况', '300000000元', '2016-03-31 09:58:32', '1');
INSERT INTO `zb_category_group_field_value` VALUES ('1404', '68', '18', '速动比率', '4.35%', '2016-03-31 09:58:32', '1');
INSERT INTO `zb_category_group_field_value` VALUES ('1405', '68', '19', '近期项目销售情况', '已售30000000', '2016-03-31 09:58:32', '1');
INSERT INTO `zb_category_group_field_value` VALUES ('1406', '68', '20', '是否有不良记录和报道', '无', '2016-03-31 09:58:32', '1');
INSERT INTO `zb_category_group_field_value` VALUES ('1407', '68', '21', '项目位置', '上海', '2016-03-31 09:58:32', '1');
INSERT INTO `zb_category_group_field_value` VALUES ('1408', '68', '22', '项目公司监管', '监管公司公司项目调研报告_金融/投资_经管营销_专业资料。融资物流仓单质押XXXX 有限公司情况调研报告 一、企业概况 二、财务状况分析', '2016-03-31 09:58:32', '1');
INSERT INTO `zb_category_group_field_value` VALUES ('1409', '68', '23', '财政支持', '财政支持稳增长的政策措施实施情况及成效今年以来,受经济增长放缓、物价水平回落,以及结构性减税等因素影响,财政收入增速持续较低。', '2016-03-31 09:58:32', '1');
INSERT INTO `zb_category_group_field_value` VALUES ('1410', '68', '24', '周边项目优势', '地产丰富', '2016-03-31 09:58:32', '1');
INSERT INTO `zb_category_group_field_value` VALUES ('1411', '68', '25', '政策风险', '证券市场的政策发生重大变化或是有重要的举措、法规出台，引起证券市场的波动，从而给投资者带来的风险。', '2016-03-31 09:58:32', '1');
INSERT INTO `zb_category_group_field_value` VALUES ('1412', '68', '26', '销售进度', '200000000', '2016-03-31 09:58:32', '1');
INSERT INTO `zb_category_group_field_value` VALUES ('1413', '68', '27', '还款项目规模/借款金额', '400000000', '2016-03-31 09:58:32', '1');
INSERT INTO `zb_category_group_field_value` VALUES ('1414', '69', '28', '平均收益率(周)', '8.12%', '2016-03-31 10:45:50', '1');
INSERT INTO `zb_category_group_field_value` VALUES ('1415', '69', '29', '收益率排名', '第三名', '2016-03-31 10:45:50', '1');
INSERT INTO `zb_category_group_field_value` VALUES ('1416', '69', '30', '夏普比率', '9.12%', '2016-03-31 10:45:50', '1');
INSERT INTO `zb_category_group_field_value` VALUES ('1417', '69', '31', '索丁诺比率', '4.23%', '2016-03-31 10:45:50', '1');
INSERT INTO `zb_category_group_field_value` VALUES ('1418', '69', '32', '管理人', '桑增侠', '2016-03-31 10:45:50', '1');
INSERT INTO `zb_category_group_field_value` VALUES ('1419', '69', '33', '旗下产品数量', '13个产品', '2016-03-31 10:45:50', '1');
INSERT INTO `zb_category_group_field_value` VALUES ('1420', '69', '34', '管理资产规模', '20000000元', '2016-03-31 10:45:50', '1');
INSERT INTO `zb_category_group_field_value` VALUES ('1421', '69', '35', '投研团队规模', '150人', '2016-03-31 10:45:50', '1');
INSERT INTO `zb_category_group_field_value` VALUES ('1422', '69', '36', '曾管理产品绝对评价收益率', '0.34%', '2016-03-31 10:45:50', '1');
INSERT INTO `zb_category_group_field_value` VALUES ('1423', '69', '37', '曾管理产品相对评价收益率', '3.34%', '2016-03-31 10:45:50', '1');
INSERT INTO `zb_category_group_field_value` VALUES ('1424', '69', '38', '经营合规性', '合法合规', '2016-03-31 10:45:50', '1');
INSERT INTO `zb_category_group_field_value` VALUES ('1425', '69', '39', '团队稳定性', '团队规模大且稳定团结', '2016-03-31 10:45:50', '1');
INSERT INTO `zb_category_group_field_value` VALUES ('1426', '69', '40', '决策机制', '完善利益相关人或其代表参与决策机制。利益相关方参与决策,是民主决策的重要体现,是公共政策出台的应有程序。', '2016-03-31 10:45:50', '1');
INSERT INTO `zb_category_group_field_value` VALUES ('1427', '69', '41', '基金经理', '马星明', '2016-03-31 10:45:50', '1');
INSERT INTO `zb_category_group_field_value` VALUES ('1428', '69', '42', '开始管理本基金时间', '2011年', '2016-03-31 10:45:50', '1');
INSERT INTO `zb_category_group_field_value` VALUES ('1429', '69', '43', '基金资历', '掌控多个基金项目', '2016-03-31 10:45:50', '1');
INSERT INTO `zb_category_group_field_value` VALUES ('1430', '69', '44', '从业年限', '6年', '2016-03-31 10:45:50', '1');
INSERT INTO `zb_category_group_field_value` VALUES ('1431', '69', '45', '近一年投资业绩', '一季报业绩增长约3倍,股票底部形态,慢牛走势,是稳健投资者的选择。其基本情况如下:002~:互联金融+新能源+太阳能等概念。', '2016-03-31 10:45:50', '1');
INSERT INTO `zb_category_group_field_value` VALUES ('1432', '69', '46', '主要过往业绩', '主要负责施工技术、进度及质量控制、施工放线等工作,在项目经理和同事的配合下', '2016-03-31 10:45:50', '1');
INSERT INTO `zb_category_group_field_value` VALUES ('1433', '69', '47', 'β系数', '1.11', '2016-03-31 10:45:50', '1');
INSERT INTO `zb_category_group_field_value` VALUES ('1434', '69', '48', '区间最大亏损', '200000', '2016-03-31 10:45:50', '1');
INSERT INTO `zb_category_group_field_value` VALUES ('1435', '69', '49', '收益率标准差', '1.25%', '2016-03-31 10:45:50', '1');
INSERT INTO `zb_category_group_field_value` VALUES ('1436', '69', '50', '是否曾被监管', '否', '2016-03-31 10:45:50', '1');
INSERT INTO `zb_category_group_field_value` VALUES ('1437', '69', '51', '产品是否曾清盘', '否', '2016-03-31 10:45:50', '1');
INSERT INTO `zb_category_group_field_value` VALUES ('1438', '70', '28', '平均收益率(周)', '80', '2016-03-31 10:55:43', '1');
INSERT INTO `zb_category_group_field_value` VALUES ('1439', '70', '29', '收益率排名', '55', '2016-03-31 10:55:43', '1');
INSERT INTO `zb_category_group_field_value` VALUES ('1440', '70', '30', '夏普比率', '2', '2016-03-31 10:55:43', '1');
INSERT INTO `zb_category_group_field_value` VALUES ('1441', '70', '31', '索丁诺比率', '3', '2016-03-31 10:55:43', '1');
INSERT INTO `zb_category_group_field_value` VALUES ('1442', '70', '32', '管理人', '赵刚', '2016-03-31 10:55:43', '1');
INSERT INTO `zb_category_group_field_value` VALUES ('1443', '70', '33', '旗下产品数量', '80', '2016-03-31 10:55:43', '1');
INSERT INTO `zb_category_group_field_value` VALUES ('1444', '70', '34', '管理资产规模', '20亿', '2016-03-31 10:55:43', '1');
INSERT INTO `zb_category_group_field_value` VALUES ('1445', '70', '35', '投研团队规模', '100-200', '2016-03-31 10:55:43', '1');
INSERT INTO `zb_category_group_field_value` VALUES ('1446', '70', '36', '曾管理产品绝对评价收益率', '15', '2016-03-31 10:55:43', '1');
INSERT INTO `zb_category_group_field_value` VALUES ('1447', '70', '37', '曾管理产品相对评价收益率', '6', '2016-03-31 10:55:43', '1');
INSERT INTO `zb_category_group_field_value` VALUES ('1448', '70', '38', '经营合规性', '资金托管', '2016-03-31 10:55:43', '1');
INSERT INTO `zb_category_group_field_value` VALUES ('1449', '70', '39', '团队稳定性', '专业投资团队和营销团队', '2016-03-31 10:55:43', '1');
INSERT INTO `zb_category_group_field_value` VALUES ('1450', '70', '40', '决策机制', '套利模型', '2016-03-31 10:55:43', '1');
INSERT INTO `zb_category_group_field_value` VALUES ('1451', '70', '41', '基金经理', '赵明', '2016-03-31 10:55:43', '1');
INSERT INTO `zb_category_group_field_value` VALUES ('1452', '70', '42', '开始管理本基金时间', '2005', '2016-03-31 10:55:43', '1');
INSERT INTO `zb_category_group_field_value` VALUES ('1453', '70', '43', '基金资历', '博士', '2016-03-31 10:55:43', '1');
INSERT INTO `zb_category_group_field_value` VALUES ('1454', '70', '44', '从业年限', '15', '2016-03-31 10:55:43', '1');
INSERT INTO `zb_category_group_field_value` VALUES ('1455', '70', '45', '近一年投资业绩', '累积收益85%', '2016-03-31 10:55:43', '1');
INSERT INTO `zb_category_group_field_value` VALUES ('1456', '70', '46', '主要过往业绩', '累积收益300%', '2016-03-31 10:55:43', '1');
INSERT INTO `zb_category_group_field_value` VALUES ('1457', '70', '47', 'β系数', '12', '2016-03-31 10:55:43', '1');
INSERT INTO `zb_category_group_field_value` VALUES ('1458', '70', '48', '区间最大亏损', '5', '2016-03-31 10:55:43', '1');
INSERT INTO `zb_category_group_field_value` VALUES ('1459', '70', '49', '收益率标准差', '5', '2016-03-31 10:55:43', '1');
INSERT INTO `zb_category_group_field_value` VALUES ('1460', '70', '50', '是否曾被监管', '是', '2016-03-31 10:55:43', '1');
INSERT INTO `zb_category_group_field_value` VALUES ('1461', '70', '51', '产品是否曾清盘', '否', '2016-03-31 10:55:43', '1');
INSERT INTO `zb_category_group_field_value` VALUES ('1462', '71', '28', '平均收益率(周)', '34', '2016-03-31 11:34:52', '1');
INSERT INTO `zb_category_group_field_value` VALUES ('1463', '71', '29', '收益率排名', '34', '2016-03-31 11:34:52', '1');
INSERT INTO `zb_category_group_field_value` VALUES ('1464', '71', '30', '夏普比率', '34', '2016-03-31 11:34:52', '1');
INSERT INTO `zb_category_group_field_value` VALUES ('1465', '71', '31', '索丁诺比率', '34', '2016-03-31 11:34:52', '1');
INSERT INTO `zb_category_group_field_value` VALUES ('1466', '71', '32', '管理人', '34', '2016-03-31 11:34:52', '1');
INSERT INTO `zb_category_group_field_value` VALUES ('1467', '71', '33', '旗下产品数量', '34', '2016-03-31 11:34:52', '1');
INSERT INTO `zb_category_group_field_value` VALUES ('1468', '71', '34', '管理资产规模', '34', '2016-03-31 11:34:52', '1');
INSERT INTO `zb_category_group_field_value` VALUES ('1469', '71', '35', '投研团队规模', '34', '2016-03-31 11:34:52', '1');
INSERT INTO `zb_category_group_field_value` VALUES ('1470', '71', '36', '曾管理产品绝对评价收益率', '34', '2016-03-31 11:34:52', '1');
INSERT INTO `zb_category_group_field_value` VALUES ('1471', '71', '37', '曾管理产品相对评价收益率', '34', '2016-03-31 11:34:52', '1');
INSERT INTO `zb_category_group_field_value` VALUES ('1472', '71', '38', '经营合规性', '34', '2016-03-31 11:34:52', '1');
INSERT INTO `zb_category_group_field_value` VALUES ('1473', '71', '39', '团队稳定性', '34', '2016-03-31 11:34:52', '1');
INSERT INTO `zb_category_group_field_value` VALUES ('1474', '71', '40', '决策机制', '34', '2016-03-31 11:34:52', '1');
INSERT INTO `zb_category_group_field_value` VALUES ('1475', '71', '41', '基金经理', '34', '2016-03-31 11:34:52', '1');
INSERT INTO `zb_category_group_field_value` VALUES ('1476', '71', '42', '开始管理本基金时间', '34', '2016-03-31 11:34:52', '1');
INSERT INTO `zb_category_group_field_value` VALUES ('1477', '71', '43', '基金资历', '34', '2016-03-31 11:34:52', '1');
INSERT INTO `zb_category_group_field_value` VALUES ('1478', '71', '44', '从业年限', '34', '2016-03-31 11:34:52', '1');
INSERT INTO `zb_category_group_field_value` VALUES ('1479', '71', '45', '近一年投资业绩', '34', '2016-03-31 11:34:52', '1');
INSERT INTO `zb_category_group_field_value` VALUES ('1480', '71', '46', '主要过往业绩', '34', '2016-03-31 11:34:52', '1');
INSERT INTO `zb_category_group_field_value` VALUES ('1481', '71', '47', 'β系数', '34', '2016-03-31 11:34:52', '1');
INSERT INTO `zb_category_group_field_value` VALUES ('1482', '71', '48', '区间最大亏损', '34', '2016-03-31 11:34:52', '1');
INSERT INTO `zb_category_group_field_value` VALUES ('1483', '71', '49', '收益率标准差', '34', '2016-03-31 11:34:52', '1');
INSERT INTO `zb_category_group_field_value` VALUES ('1484', '71', '50', '是否曾被监管', '34', '2016-03-31 11:34:52', '1');
INSERT INTO `zb_category_group_field_value` VALUES ('1485', '71', '51', '产品是否曾清盘', '34', '2016-03-31 11:34:52', '1');
INSERT INTO `zb_category_group_field_value` VALUES ('1486', '72', '28', '平均收益率(周)', '2', '2016-03-31 15:29:07', '1');
INSERT INTO `zb_category_group_field_value` VALUES ('1487', '72', '29', '收益率排名', '1', '2016-03-31 15:29:07', '1');
INSERT INTO `zb_category_group_field_value` VALUES ('1488', '72', '30', '夏普比率', '4', '2016-03-31 15:29:07', '1');
INSERT INTO `zb_category_group_field_value` VALUES ('1489', '72', '31', '索丁诺比率', '3', '2016-03-31 15:29:07', '1');
INSERT INTO `zb_category_group_field_value` VALUES ('1490', '72', '32', '管理人', '0', '2016-03-31 15:29:07', '1');
INSERT INTO `zb_category_group_field_value` VALUES ('1491', '72', '33', '旗下产品数量', '8', '2016-03-31 15:29:07', '1');
INSERT INTO `zb_category_group_field_value` VALUES ('1492', '72', '34', '管理资产规模', '6', '2016-03-31 15:29:07', '1');
INSERT INTO `zb_category_group_field_value` VALUES ('1493', '72', '35', '投研团队规模', '3', '2016-03-31 15:29:07', '1');
INSERT INTO `zb_category_group_field_value` VALUES ('1494', '72', '36', '曾管理产品绝对评价收益率', '3', '2016-03-31 15:29:07', '1');
INSERT INTO `zb_category_group_field_value` VALUES ('1495', '72', '37', '曾管理产品相对评价收益率', '9', '2016-03-31 15:29:07', '1');
INSERT INTO `zb_category_group_field_value` VALUES ('1496', '72', '38', '经营合规性', '5', '2016-03-31 15:29:07', '1');
INSERT INTO `zb_category_group_field_value` VALUES ('1497', '72', '39', '团队稳定性', '3', '2016-03-31 15:29:07', '1');
INSERT INTO `zb_category_group_field_value` VALUES ('1498', '72', '40', '决策机制', '7', '2016-03-31 15:29:07', '1');
INSERT INTO `zb_category_group_field_value` VALUES ('1499', '72', '41', '基金经理', '7', '2016-03-31 15:29:07', '1');
INSERT INTO `zb_category_group_field_value` VALUES ('1500', '72', '42', '开始管理本基金时间', '5', '2016-03-31 15:29:07', '1');
INSERT INTO `zb_category_group_field_value` VALUES ('1501', '72', '43', '基金资历', '4', '2016-03-31 15:29:07', '1');
INSERT INTO `zb_category_group_field_value` VALUES ('1502', '72', '44', '从业年限', '3', '2016-03-31 15:29:07', '1');
INSERT INTO `zb_category_group_field_value` VALUES ('1503', '72', '45', '近一年投资业绩', '6', '2016-03-31 15:29:07', '1');
INSERT INTO `zb_category_group_field_value` VALUES ('1504', '72', '46', '主要过往业绩', '4', '2016-03-31 15:29:07', '1');
INSERT INTO `zb_category_group_field_value` VALUES ('1505', '72', '47', 'β系数', '0', '2016-03-31 15:29:07', '1');
INSERT INTO `zb_category_group_field_value` VALUES ('1506', '72', '48', '区间最大亏损', '8', '2016-03-31 15:29:07', '1');
INSERT INTO `zb_category_group_field_value` VALUES ('1507', '72', '49', '收益率标准差', '1', '2016-03-31 15:29:07', '1');
INSERT INTO `zb_category_group_field_value` VALUES ('1508', '72', '50', '是否曾被监管', '2', '2016-03-31 15:29:07', '1');
INSERT INTO `zb_category_group_field_value` VALUES ('1509', '72', '51', '产品是否曾清盘', '9', '2016-03-31 15:29:07', '1');

-- ----------------------------
-- Table structure for zb_cron_test
-- ----------------------------
DROP TABLE IF EXISTS `zb_cron_test`;
CREATE TABLE `zb_cron_test` (
  `id` int(8) unsigned NOT NULL AUTO_INCREMENT,
  `name` varchar(255) NOT NULL DEFAULT '',
  `add_time` datetime NOT NULL DEFAULT '0000-00-00 00:00:00',
  PRIMARY KEY (`id`)
) ENGINE=InnoDB DEFAULT CHARSET=utf8;

-- ----------------------------
-- Records of zb_cron_test
-- ----------------------------

-- ----------------------------
-- Table structure for zb_department
-- ----------------------------
DROP TABLE IF EXISTS `zb_department`;
CREATE TABLE `zb_department` (
  `id` int(10) NOT NULL AUTO_INCREMENT,
  `pid` int(10) NOT NULL DEFAULT '0' COMMENT '上级部门id 0为顶级部门',
  `organization_id` int(10) unsigned NOT NULL DEFAULT '1' COMMENT '机构ID 默认1 为资邦财富',
  `name` varchar(32) NOT NULL DEFAULT '' COMMENT '部门名称',
  `description` varchar(128) NOT NULL DEFAULT '' COMMENT '部门描述',
  `status` tinyint(1) unsigned NOT NULL DEFAULT '1' COMMENT '1有效 2无效 3注销',
  `update_time` datetime NOT NULL DEFAULT '0000-00-00 00:00:00',
  PRIMARY KEY (`id`)
) ENGINE=InnoDB AUTO_INCREMENT=70 DEFAULT CHARSET=utf8 COMMENT='部门表';

-- ----------------------------
-- Records of zb_department
-- ----------------------------
INSERT INTO `zb_department` VALUES ('54', '0', '109', '战略发展部', '', '1', '2016-01-26 16:41:39');
INSERT INTO `zb_department` VALUES ('55', '54', '109', '产品部', '', '1', '2016-01-17 16:52:54');
INSERT INTO `zb_department` VALUES ('56', '54', '109', '运营部', '', '1', '2016-01-17 16:53:06');
INSERT INTO `zb_department` VALUES ('57', '54', '109', '法务部', '', '1', '2016-01-17 16:53:19');
INSERT INTO `zb_department` VALUES ('58', '54', '109', '调研部', '', '1', '2016-01-17 16:53:30');
INSERT INTO `zb_department` VALUES ('59', '54', '109', '财富管理中心', '', '1', '2016-01-17 17:45:33');
INSERT INTO `zb_department` VALUES ('60', '54', '109', '测试部门', '', '1', '2016-01-20 17:36:11');
INSERT INTO `zb_department` VALUES ('61', '0', '109', '343333', '', '3', '2016-01-20 17:44:22');
INSERT INTO `zb_department` VALUES ('62', '0', '109', '小部门', '', '3', '2016-01-20 17:44:15');
INSERT INTO `zb_department` VALUES ('63', '0', '109', '技术研发', '', '1', '2016-01-22 14:19:08');
INSERT INTO `zb_department` VALUES ('64', '63', '109', '测试部', '', '1', '2016-01-22 14:29:41');
INSERT INTO `zb_department` VALUES ('65', '0', '115', '测试啊啊啊', '', '3', '2016-01-29 11:29:15');
INSERT INTO `zb_department` VALUES ('66', '0', '116', '呃呃呃', '', '3', '2016-01-22 16:02:12');
INSERT INTO `zb_department` VALUES ('67', '54', '109', '战略发展部', '', '1', '2016-01-26 16:43:15');
INSERT INTO `zb_department` VALUES ('68', '63', '109', '开发部', '', '1', '2016-01-29 11:19:41');
INSERT INTO `zb_department` VALUES ('69', '0', '109', 'fff', '', '1', '2017-01-06 15:21:51');

-- ----------------------------
-- Table structure for zb_operation_log
-- ----------------------------
DROP TABLE IF EXISTS `zb_operation_log`;
CREATE TABLE `zb_operation_log` (
  `id` int(10) unsigned NOT NULL AUTO_INCREMENT,
  `uid` int(10) unsigned NOT NULL DEFAULT '0' COMMENT '操作用户ID',
  `content` varchar(3000) NOT NULL DEFAULT '' COMMENT '日志内容',
  `add_time` datetime NOT NULL DEFAULT '0000-00-00 00:00:00' COMMENT '添加时间',
  PRIMARY KEY (`id`)
) ENGINE=InnoDB AUTO_INCREMENT=1287 DEFAULT CHARSET=utf8 COMMENT='操作日志表';

-- ----------------------------
-- Records of zb_operation_log
-- ----------------------------
INSERT INTO `zb_operation_log` VALUES ('1', '1', '录入新产品！', '2015-12-16 14:49:57');
INSERT INTO `zb_operation_log` VALUES ('2', '7', '添加产品,产品编号为:', '2015-12-21 15:37:03');
INSERT INTO `zb_operation_log` VALUES ('3', '7', '添加产品,产品编号为:1', '2015-12-21 15:41:48');
INSERT INTO `zb_operation_log` VALUES ('4', '7', '添加产品,产品编号为:2', '2015-12-21 15:45:03');
INSERT INTO `zb_operation_log` VALUES ('5', '7', '添加产品,产品编号为:3', '2015-12-21 15:45:04');
INSERT INTO `zb_operation_log` VALUES ('6', '7', '添加产品,产品编号为:4', '2016-01-01 16:25:08');
INSERT INTO `zb_operation_log` VALUES ('7', '1', '更新产品状态', '2016-01-10 19:37:56');
INSERT INTO `zb_operation_log` VALUES ('8', '1', '更新产品状态', '2016-01-11 15:49:42');
INSERT INTO `zb_operation_log` VALUES ('9', '1', '更新产品状态', '2016-01-11 15:49:47');
INSERT INTO `zb_operation_log` VALUES ('10', '1', '更新产品状态', '2016-01-11 15:49:52');
INSERT INTO `zb_operation_log` VALUES ('11', '1', '更新产品状态', '2016-01-11 15:49:55');
INSERT INTO `zb_operation_log` VALUES ('12', '1', '更新产品状态', '2016-01-11 15:51:04');
INSERT INTO `zb_operation_log` VALUES ('13', '1', '更新产品状态', '2016-01-11 15:51:09');
INSERT INTO `zb_operation_log` VALUES ('14', '1', '更新产品状态', '2016-01-11 16:25:55');
INSERT INTO `zb_operation_log` VALUES ('15', '1', '更新产品状态', '2016-01-11 16:25:58');
INSERT INTO `zb_operation_log` VALUES ('16', '1', '更新产品状态', '2016-01-11 16:26:06');
INSERT INTO `zb_operation_log` VALUES ('17', '1', '更新产品状态', '2016-01-11 16:36:06');
INSERT INTO `zb_operation_log` VALUES ('18', '1', '更新产品状态', '2016-01-11 17:22:45');
INSERT INTO `zb_operation_log` VALUES ('19', '1', '更新产品状态', '2016-01-11 17:28:57');
INSERT INTO `zb_operation_log` VALUES ('20', '1', '更新产品状态', '2016-01-11 17:29:01');
INSERT INTO `zb_operation_log` VALUES ('21', '1', '更新产品状态', '2016-01-11 17:29:05');
INSERT INTO `zb_operation_log` VALUES ('22', '1', '添加产品,产品编号为:14', '2016-01-12 15:40:37');
INSERT INTO `zb_operation_log` VALUES ('23', '1', '添加产品,产品编号为:15', '2016-01-12 17:29:26');
INSERT INTO `zb_operation_log` VALUES ('24', '1', '添加产品,产品编号为:16', '2016-01-12 17:34:58');
INSERT INTO `zb_operation_log` VALUES ('25', '1', '添加产品,产品编号为:17', '2016-01-14 11:01:29');
INSERT INTO `zb_operation_log` VALUES ('26', '1', '添加产品,产品编号为:18', '2016-01-14 11:18:02');
INSERT INTO `zb_operation_log` VALUES ('27', '1', '添加产品,产品编号为:19', '2016-01-14 14:06:16');
INSERT INTO `zb_operation_log` VALUES ('28', '1', '添加产品,产品编号为:3', '2016-01-14 17:07:19');
INSERT INTO `zb_operation_log` VALUES ('29', '1', '添加产品,产品编号为:12', '2016-01-14 18:51:16');
INSERT INTO `zb_operation_log` VALUES ('30', '1', '添加产品,产品编号为:13', '2016-01-14 21:01:18');
INSERT INTO `zb_operation_log` VALUES ('31', '1', '添加产品,产品编号为:14', '2016-01-14 21:09:11');
INSERT INTO `zb_operation_log` VALUES ('32', '1', '添加产品,产品编号为:15', '2016-01-14 21:45:23');
INSERT INTO `zb_operation_log` VALUES ('33', '1', '测试更新产品,产品编号为:15', '2016-01-14 21:49:12');
INSERT INTO `zb_operation_log` VALUES ('34', '1', '测试更新产品,产品编号为:13', '2016-01-14 21:52:07');
INSERT INTO `zb_operation_log` VALUES ('35', '1', '测试更新产品,产品编号为:15', '2016-01-14 21:52:15');
INSERT INTO `zb_operation_log` VALUES ('36', '1', '测试更新产品,产品编号为:13', '2016-01-15 09:48:26');
INSERT INTO `zb_operation_log` VALUES ('37', '1', '添加产品,产品编号为:16', '2016-01-15 09:48:25');
INSERT INTO `zb_operation_log` VALUES ('38', '1', '添加产品,产品编号为:17', '2016-01-15 09:49:57');
INSERT INTO `zb_operation_log` VALUES ('39', '1', '测试更新产品,产品编号为:17', '2016-01-15 09:50:23');
INSERT INTO `zb_operation_log` VALUES ('40', '1', '测试更新产品,产品编号为:17', '2016-01-15 09:53:36');
INSERT INTO `zb_operation_log` VALUES ('41', '1', '添加产品,产品编号为:18', '2016-01-15 09:56:39');
INSERT INTO `zb_operation_log` VALUES ('42', '1', '添加产品,产品编号为:19', '2016-01-15 10:01:54');
INSERT INTO `zb_operation_log` VALUES ('43', '1', '测试更新产品,产品编号为:18', '2016-01-15 10:07:37');
INSERT INTO `zb_operation_log` VALUES ('44', '1', '测试更新产品,产品编号为:17', '2016-01-15 10:10:03');
INSERT INTO `zb_operation_log` VALUES ('45', '1', '测试更新产品,产品编号为:17', '2016-01-15 10:11:40');
INSERT INTO `zb_operation_log` VALUES ('46', '1', '测试更新产品,产品编号为:17', '2016-01-15 10:12:01');
INSERT INTO `zb_operation_log` VALUES ('47', '1', '测试更新产品,产品编号为:17', '2016-01-15 10:12:12');
INSERT INTO `zb_operation_log` VALUES ('48', '1', '测试更新产品,产品编号为:17', '2016-01-15 10:13:59');
INSERT INTO `zb_operation_log` VALUES ('49', '1', '测试更新产品,产品编号为:17', '2016-01-15 10:18:49');
INSERT INTO `zb_operation_log` VALUES ('50', '1', '测试更新产品,产品编号为:17', '2016-01-15 10:19:11');
INSERT INTO `zb_operation_log` VALUES ('51', '1', '测试更新产品,产品编号为:16', '2016-01-15 12:09:11');
INSERT INTO `zb_operation_log` VALUES ('52', '1', '更新产品状态', '2016-01-15 13:17:25');
INSERT INTO `zb_operation_log` VALUES ('53', '1', '测试更新产品,产品编号为:18', '2016-01-15 13:25:01');
INSERT INTO `zb_operation_log` VALUES ('54', '1', '添加产品,产品编号为:20', '2016-01-15 14:42:48');
INSERT INTO `zb_operation_log` VALUES ('55', '1', '测试更新产品,产品编号为:20', '2016-01-15 14:44:23');
INSERT INTO `zb_operation_log` VALUES ('56', '1', '添加产品,产品编号为:21', '2016-01-16 12:52:39');
INSERT INTO `zb_operation_log` VALUES ('57', '1', '添加产品,产品编号为:22', '2016-01-16 12:53:39');
INSERT INTO `zb_operation_log` VALUES ('58', '1', '添加产品,产品编号为:23', '2016-01-16 12:59:39');
INSERT INTO `zb_operation_log` VALUES ('59', '1', '添加产品,产品编号为:24', '2016-01-16 13:03:31');
INSERT INTO `zb_operation_log` VALUES ('60', '1', '测试更新产品,产品编号为:23', '2016-01-16 13:04:19');
INSERT INTO `zb_operation_log` VALUES ('61', '1', '测试更新产品,产品编号为:23', '2016-01-16 13:04:45');
INSERT INTO `zb_operation_log` VALUES ('62', '1', '测试更新产品,产品编号为:23', '2016-01-16 13:04:55');
INSERT INTO `zb_operation_log` VALUES ('63', '1', '测试更新产品,产品编号为:24', '2016-01-16 13:44:47');
INSERT INTO `zb_operation_log` VALUES ('64', '1', '添加产品,产品编号为:25', '2016-01-16 13:51:26');
INSERT INTO `zb_operation_log` VALUES ('65', '1', '添加产品,产品编号为:26', '2016-01-16 13:51:23');
INSERT INTO `zb_operation_log` VALUES ('66', '1', '测试更新产品,产品编号为:25', '2016-01-16 14:16:07');
INSERT INTO `zb_operation_log` VALUES ('67', '1', '添加产品,产品编号为:29', '2016-01-16 14:20:26');
INSERT INTO `zb_operation_log` VALUES ('68', '1', '添加产品,产品编号为:31', '2016-01-16 14:35:00');
INSERT INTO `zb_operation_log` VALUES ('69', '1', '添加产品,产品编号为:34', '2016-01-16 14:49:21');
INSERT INTO `zb_operation_log` VALUES ('70', '1', '测试更新产品,产品编号为:34', '2016-01-16 15:26:57');
INSERT INTO `zb_operation_log` VALUES ('71', '1', '测试更新产品,产品编号为:25', '2016-01-16 15:27:33');
INSERT INTO `zb_operation_log` VALUES ('72', '1', '测试更新产品,产品编号为:25', '2016-01-16 15:27:48');
INSERT INTO `zb_operation_log` VALUES ('73', '1', '测试更新产品,产品编号为:29', '2016-01-16 17:14:24');
INSERT INTO `zb_operation_log` VALUES ('74', '1', '测试更新产品,产品编号为:29', '2016-01-16 17:14:38');
INSERT INTO `zb_operation_log` VALUES ('75', '1', '更新产品状态，产品ID：25', '2016-01-16 23:31:44');
INSERT INTO `zb_operation_log` VALUES ('76', '1', '更新产品状态，产品ID：24', '2016-01-16 23:43:21');
INSERT INTO `zb_operation_log` VALUES ('77', '1', '更新产品状态，产品ID：23', '2016-01-16 23:43:25');
INSERT INTO `zb_operation_log` VALUES ('78', '1', '更新产品状态，产品ID：22', '2016-01-16 23:43:29');
INSERT INTO `zb_operation_log` VALUES ('79', '1', '更新产品状态，产品ID：25', '2016-01-16 23:43:50');
INSERT INTO `zb_operation_log` VALUES ('80', '1', '更新产品状态，产品ID：34', '2016-01-16 23:43:58');
INSERT INTO `zb_operation_log` VALUES ('81', '1', '更新产品状态，产品ID：18', '2016-01-16 23:44:06');
INSERT INTO `zb_operation_log` VALUES ('82', '1', '更新产品状态，产品ID：19', '2016-01-16 23:44:14');
INSERT INTO `zb_operation_log` VALUES ('83', '1', '测试更新产品,产品编号为:20', '2016-01-17 00:17:19');
INSERT INTO `zb_operation_log` VALUES ('84', '1', '测试更新产品,产品编号为:29', '2016-01-17 14:34:55');
INSERT INTO `zb_operation_log` VALUES ('85', '1', '添加产品,产品编号为:35', '2016-01-17 14:33:51');
INSERT INTO `zb_operation_log` VALUES ('86', '1', '测试更新产品,产品编号为:31', '2016-01-17 14:45:08');
INSERT INTO `zb_operation_log` VALUES ('87', '1', '测试更新产品,产品编号为:31', '2016-01-17 14:46:02');
INSERT INTO `zb_operation_log` VALUES ('88', '1', '测试更新产品,产品编号为:35', '2016-01-17 14:44:58');
INSERT INTO `zb_operation_log` VALUES ('89', '1', '添加产品,产品编号为:1', '2016-01-17 14:54:40');
INSERT INTO `zb_operation_log` VALUES ('90', '1', '测试更新产品,产品编号为:1', '2016-01-17 14:55:01');
INSERT INTO `zb_operation_log` VALUES ('91', '1', '测试更新产品,产品编号为:1', '2016-01-17 14:56:38');
INSERT INTO `zb_operation_log` VALUES ('92', '1', '添加产品,产品编号为:2', '2016-01-17 14:56:05');
INSERT INTO `zb_operation_log` VALUES ('93', '1', '测试更新产品,产品编号为:1', '2016-01-17 15:01:00');
INSERT INTO `zb_operation_log` VALUES ('94', '1', '测试更新产品,产品编号为:2', '2016-01-17 15:02:17');
INSERT INTO `zb_operation_log` VALUES ('95', '1', '测试更新产品,产品编号为:2', '2016-01-17 15:03:44');
INSERT INTO `zb_operation_log` VALUES ('96', '1', '测试更新产品,产品编号为:2', '2016-01-17 15:08:26');
INSERT INTO `zb_operation_log` VALUES ('97', '1', '测试更新产品,产品编号为:2', '2016-01-17 15:11:15');
INSERT INTO `zb_operation_log` VALUES ('98', '1', '测试更新产品,产品编号为:2', '2016-01-17 15:28:59');
INSERT INTO `zb_operation_log` VALUES ('99', '1', '测试更新产品,产品编号为:2', '2016-01-17 15:32:27');
INSERT INTO `zb_operation_log` VALUES ('100', '1', '测试更新产品,产品编号为:2', '2016-01-17 15:33:35');
INSERT INTO `zb_operation_log` VALUES ('101', '1', '测试更新产品,产品编号为:2', '2016-01-17 15:33:46');
INSERT INTO `zb_operation_log` VALUES ('102', '1', '测试更新产品,产品编号为:2', '2016-01-17 15:35:48');
INSERT INTO `zb_operation_log` VALUES ('103', '1', '测试更新产品,产品编号为:2', '2016-01-17 15:36:45');
INSERT INTO `zb_operation_log` VALUES ('104', '1', '更新产品状态，产品ID：1', '2016-01-17 20:51:23');
INSERT INTO `zb_operation_log` VALUES ('105', '1', '测试,部门：,提交新产品，产品ID：2', '2016-01-17 23:13:14');
INSERT INTO `zb_operation_log` VALUES ('106', '1', '测试更新产品,产品编号为:2', '2016-01-18 02:03:01');
INSERT INTO `zb_operation_log` VALUES ('107', '1', '测试,部门：产品部,提交新产品，产品ID：2', '2016-01-18 02:13:09');
INSERT INTO `zb_operation_log` VALUES ('108', '1', '添加产品,产品编号为:3', '2016-01-18 02:16:37');
INSERT INTO `zb_operation_log` VALUES ('109', '1', '测试,部门：产品部,提交新产品，产品ID：3', '2016-01-18 02:17:49');
INSERT INTO `zb_operation_log` VALUES ('110', '1', '添加产品,产品编号为:4', '2016-01-18 09:06:19');
INSERT INTO `zb_operation_log` VALUES ('111', '1', '测试更新产品,产品编号为:4', '2016-01-18 09:08:53');
INSERT INTO `zb_operation_log` VALUES ('112', '1', '测试更新产品,产品编号为:4', '2016-01-18 09:10:22');
INSERT INTO `zb_operation_log` VALUES ('113', '1', '测试更新产品,产品编号为:4', '2016-01-18 09:10:45');
INSERT INTO `zb_operation_log` VALUES ('114', '1', '测试更新产品,产品编号为:4', '2016-01-18 09:10:46');
INSERT INTO `zb_operation_log` VALUES ('115', '1', '测试,部门：产品部,提交新产品，产品ID：4', '2016-01-18 09:17:14');
INSERT INTO `zb_operation_log` VALUES ('116', '1', '添加产品,产品编号为:8', '2016-01-18 09:27:40');
INSERT INTO `zb_operation_log` VALUES ('117', '1', '测试更新产品,产品编号为:8', '2016-01-18 09:28:55');
INSERT INTO `zb_operation_log` VALUES ('118', '1', '测试,部门：产品部,提交新产品，产品ID：8', '2016-01-18 09:29:05');
INSERT INTO `zb_operation_log` VALUES ('119', '1', '添加产品,产品编号为:9', '2016-01-18 09:43:01');
INSERT INTO `zb_operation_log` VALUES ('120', '1', '测试更新产品,产品编号为:9', '2016-01-18 14:01:31');
INSERT INTO `zb_operation_log` VALUES ('121', '1', '测试更新产品,产品编号为:9', '2016-01-18 14:01:32');
INSERT INTO `zb_operation_log` VALUES ('122', '1', '测试更新产品,产品编号为:9', '2016-01-18 14:01:33');
INSERT INTO `zb_operation_log` VALUES ('123', '1', '测试更新产品,产品编号为:9', '2016-01-18 14:01:36');
INSERT INTO `zb_operation_log` VALUES ('124', '1', '测试更新产品,产品编号为:9', '2016-01-18 14:01:37');
INSERT INTO `zb_operation_log` VALUES ('125', '1', '测试更新产品,产品编号为:9', '2016-01-18 14:01:38');
INSERT INTO `zb_operation_log` VALUES ('126', '1', '测试更新产品,产品编号为:9', '2016-01-18 14:02:27');
INSERT INTO `zb_operation_log` VALUES ('127', '1', '测试更新产品,产品编号为:9', '2016-01-18 14:02:30');
INSERT INTO `zb_operation_log` VALUES ('128', '1', '测试更新产品,产品编号为:9', '2016-01-18 14:02:30');
INSERT INTO `zb_operation_log` VALUES ('129', '1', '测试更新产品,产品编号为:9', '2016-01-18 14:02:31');
INSERT INTO `zb_operation_log` VALUES ('130', '1', '测试更新产品,产品编号为:9', '2016-01-18 14:02:32');
INSERT INTO `zb_operation_log` VALUES ('131', '1', '测试更新产品,产品编号为:9', '2016-01-18 14:02:33');
INSERT INTO `zb_operation_log` VALUES ('132', '1', '测试,部门：产品部,提交新产品，产品ID：9', '2016-01-18 14:02:38');
INSERT INTO `zb_operation_log` VALUES ('133', '1', '测试更新产品,产品编号为:8', '2016-01-18 14:22:37');
INSERT INTO `zb_operation_log` VALUES ('134', '1', '测试更新产品,产品编号为:3', '2016-01-18 14:22:45');
INSERT INTO `zb_operation_log` VALUES ('135', '1', '测试更新产品,产品编号为:2', '2016-01-18 14:22:58');
INSERT INTO `zb_operation_log` VALUES ('136', '1', '测试更新产品,产品编号为:4', '2016-01-18 14:24:49');
INSERT INTO `zb_operation_log` VALUES ('137', '1', '测试更新产品,产品编号为:8', '2016-01-18 15:27:49');
INSERT INTO `zb_operation_log` VALUES ('138', '1', '测试更新产品,产品编号为:3', '2016-01-18 15:28:06');
INSERT INTO `zb_operation_log` VALUES ('139', '1', '测试更新产品,产品编号为:3', '2016-01-18 15:28:27');
INSERT INTO `zb_operation_log` VALUES ('140', '54', '添加产品,产品编号为:10', '2016-01-18 16:13:46');
INSERT INTO `zb_operation_log` VALUES ('141', '54', 'test3001更新产品,产品编号为:10', '2016-01-18 16:18:07');
INSERT INTO `zb_operation_log` VALUES ('142', '54', 'test3001更新产品,产品编号为:10', '2016-01-18 16:18:13');
INSERT INTO `zb_operation_log` VALUES ('143', '54', 'test3001,部门：产品部,提交新产品，产品ID：10', '2016-01-18 16:20:10');
INSERT INTO `zb_operation_log` VALUES ('144', '1', '测试更新产品,产品编号为:4', '2016-01-18 18:19:24');
INSERT INTO `zb_operation_log` VALUES ('145', '1', '测试更新产品,产品编号为:4', '2016-01-18 18:19:37');
INSERT INTO `zb_operation_log` VALUES ('146', '1', '测试更新产品,产品编号为:9', '2016-01-19 10:44:40');
INSERT INTO `zb_operation_log` VALUES ('147', '1', '添加产品,产品编号为:15', '2016-01-19 14:59:45');
INSERT INTO `zb_operation_log` VALUES ('148', '1', '添加产品,产品编号为:16', '2016-01-19 14:57:36');
INSERT INTO `zb_operation_log` VALUES ('149', '1', '测试更新产品,产品编号为:15', '2016-01-19 15:00:32');
INSERT INTO `zb_operation_log` VALUES ('150', '1', '测试更新产品,产品编号为:15', '2016-01-19 15:01:07');
INSERT INTO `zb_operation_log` VALUES ('151', '59', '我是产品1更新产品,产品编号为:16', '2016-01-19 14:59:43');
INSERT INTO `zb_operation_log` VALUES ('152', '59', '我是产品1更新产品,产品编号为:16', '2016-01-19 14:59:45');
INSERT INTO `zb_operation_log` VALUES ('153', '59', '我是产品1更新产品,产品编号为:16', '2016-01-19 14:59:52');
INSERT INTO `zb_operation_log` VALUES ('154', '59', '我是产品1更新产品,产品编号为:16', '2016-01-19 14:59:54');
INSERT INTO `zb_operation_log` VALUES ('155', '59', '我是产品1更新产品,产品编号为:16', '2016-01-19 14:59:55');
INSERT INTO `zb_operation_log` VALUES ('156', '59', '我是产品1更新产品,产品编号为:16', '2016-01-19 14:59:58');
INSERT INTO `zb_operation_log` VALUES ('157', '59', '我是产品1更新产品,产品编号为:16', '2016-01-19 15:00:01');
INSERT INTO `zb_operation_log` VALUES ('158', '59', '我是产品1更新产品,产品编号为:16', '2016-01-19 15:00:04');
INSERT INTO `zb_operation_log` VALUES ('159', '59', '我是产品1更新产品,产品编号为:16', '2016-01-19 15:00:07');
INSERT INTO `zb_operation_log` VALUES ('160', '59', '我是产品1更新产品,产品编号为:16', '2016-01-19 15:00:11');
INSERT INTO `zb_operation_log` VALUES ('161', '59', '我是产品1更新产品,产品编号为:16', '2016-01-19 15:00:14');
INSERT INTO `zb_operation_log` VALUES ('162', '59', '我是产品1更新产品,产品编号为:16', '2016-01-19 15:00:20');
INSERT INTO `zb_operation_log` VALUES ('163', '59', '我是产品1更新产品,产品编号为:16', '2016-01-19 15:00:22');
INSERT INTO `zb_operation_log` VALUES ('164', '59', '我是产品1更新产品,产品编号为:16', '2016-01-19 15:00:46');
INSERT INTO `zb_operation_log` VALUES ('165', '59', '我是产品1更新产品,产品编号为:16', '2016-01-19 15:00:49');
INSERT INTO `zb_operation_log` VALUES ('166', '59', '我是产品1更新产品,产品编号为:16', '2016-01-19 15:01:05');
INSERT INTO `zb_operation_log` VALUES ('167', '59', '我是产品1更新产品,产品编号为:16', '2016-01-19 15:01:06');
INSERT INTO `zb_operation_log` VALUES ('168', '59', '我是产品1更新产品,产品编号为:16', '2016-01-19 15:01:07');
INSERT INTO `zb_operation_log` VALUES ('169', '59', '我是产品1更新产品,产品编号为:16', '2016-01-19 15:01:11');
INSERT INTO `zb_operation_log` VALUES ('170', '59', '我是产品1更新产品,产品编号为:16', '2016-01-19 15:01:13');
INSERT INTO `zb_operation_log` VALUES ('171', '59', '我是产品1更新产品,产品编号为:16', '2016-01-19 15:01:28');
INSERT INTO `zb_operation_log` VALUES ('172', '59', '我是产品1更新产品,产品编号为:16', '2016-01-19 15:01:29');
INSERT INTO `zb_operation_log` VALUES ('173', '1', '测试更新产品,产品编号为:16', '2016-01-19 15:04:46');
INSERT INTO `zb_operation_log` VALUES ('174', '1', '测试更新产品,产品编号为:16', '2016-01-19 15:04:47');
INSERT INTO `zb_operation_log` VALUES ('175', '1', '测试更新产品,产品编号为:16', '2016-01-19 15:05:56');
INSERT INTO `zb_operation_log` VALUES ('176', '59', '我是产品1更新产品,产品编号为:16', '2016-01-19 15:03:14');
INSERT INTO `zb_operation_log` VALUES ('177', '59', '我是产品1更新产品,产品编号为:16', '2016-01-19 15:03:16');
INSERT INTO `zb_operation_log` VALUES ('178', '59', '我是产品1更新产品,产品编号为:16', '2016-01-19 15:03:17');
INSERT INTO `zb_operation_log` VALUES ('179', '59', '我是产品1更新产品,产品编号为:16', '2016-01-19 15:03:20');
INSERT INTO `zb_operation_log` VALUES ('180', '1', '测试更新产品,产品编号为:16', '2016-01-19 15:16:17');
INSERT INTO `zb_operation_log` VALUES ('181', '54', '添加产品,产品编号为:17', '2016-01-19 15:18:12');
INSERT INTO `zb_operation_log` VALUES ('182', '54', 'test3001更新产品,产品编号为:17', '2016-01-19 15:19:06');
INSERT INTO `zb_operation_log` VALUES ('183', '1', '添加产品,产品编号为:21', '2016-01-19 15:21:59');
INSERT INTO `zb_operation_log` VALUES ('184', '1', '测试更新产品,产品编号为:21', '2016-01-19 15:22:28');
INSERT INTO `zb_operation_log` VALUES ('185', '1', '测试更新产品,产品编号为:21', '2016-01-19 15:22:30');
INSERT INTO `zb_operation_log` VALUES ('186', '1', '测试更新产品,产品编号为:21', '2016-01-19 15:22:30');
INSERT INTO `zb_operation_log` VALUES ('187', '1', '测试,部门：产品部,提交新产品，产品ID：21', '2016-01-19 15:28:25');
INSERT INTO `zb_operation_log` VALUES ('188', '1', '测试,部门：产品部,提交新产品，产品ID：16', '2016-01-19 15:26:59');
INSERT INTO `zb_operation_log` VALUES ('189', '1', '测试更新产品,产品编号为:17', '2016-01-19 15:32:32');
INSERT INTO `zb_operation_log` VALUES ('190', '1', '测试更新产品,产品编号为:17', '2016-01-19 15:32:34');
INSERT INTO `zb_operation_log` VALUES ('191', '1', '测试更新产品,产品编号为:9', '2016-01-19 16:13:43');
INSERT INTO `zb_operation_log` VALUES ('192', '1', '测试更新产品,产品编号为:9', '2016-01-19 16:13:48');
INSERT INTO `zb_operation_log` VALUES ('193', '1', '测试更新产品,产品编号为:15', '2016-01-19 16:14:25');
INSERT INTO `zb_operation_log` VALUES ('194', '1', '添加产品,产品编号为:22', '2016-01-19 16:44:29');
INSERT INTO `zb_operation_log` VALUES ('195', '1', '添加产品,产品编号为:23', '2016-01-19 16:54:15');
INSERT INTO `zb_operation_log` VALUES ('196', '1', '添加产品,产品编号为:24', '2016-01-19 16:54:47');
INSERT INTO `zb_operation_log` VALUES ('197', '1', '添加产品,产品编号为:25', '2016-01-19 16:55:03');
INSERT INTO `zb_operation_log` VALUES ('198', '1', '添加产品,产品编号为:26', '2016-01-19 16:55:29');
INSERT INTO `zb_operation_log` VALUES ('199', '1', '添加产品,产品编号为:27', '2016-01-19 16:55:46');
INSERT INTO `zb_operation_log` VALUES ('200', '1', '添加产品,产品编号为:28', '2016-01-19 16:55:58');
INSERT INTO `zb_operation_log` VALUES ('201', '1', '添加产品,产品编号为:29', '2016-01-19 16:56:09');
INSERT INTO `zb_operation_log` VALUES ('202', '1', '添加产品,产品编号为:30', '2016-01-19 17:10:05');
INSERT INTO `zb_operation_log` VALUES ('203', '1', '添加产品,产品编号为:31', '2016-01-19 17:11:04');
INSERT INTO `zb_operation_log` VALUES ('204', '1', '添加产品,产品编号为:33', '2016-01-19 17:20:06');
INSERT INTO `zb_operation_log` VALUES ('205', '1', '添加产品,产品编号为:34', '2016-01-19 17:20:41');
INSERT INTO `zb_operation_log` VALUES ('206', '1', '添加产品,产品编号为:35', '2016-01-19 17:20:41');
INSERT INTO `zb_operation_log` VALUES ('207', '1', '添加产品,产品编号为:36', '2016-01-19 17:21:27');
INSERT INTO `zb_operation_log` VALUES ('208', '1', '添加产品,产品编号为:38', '2016-01-19 17:27:17');
INSERT INTO `zb_operation_log` VALUES ('209', '1', '测试更新产品,产品编号为:38', '2016-01-19 23:44:55');
INSERT INTO `zb_operation_log` VALUES ('210', '1', '测试更新产品,产品编号为:38', '2016-01-19 23:51:09');
INSERT INTO `zb_operation_log` VALUES ('211', '1', '测试更新产品,产品编号为:38', '2016-01-20 11:50:10');
INSERT INTO `zb_operation_log` VALUES ('212', '1', '测试更新产品,产品编号为:38', '2016-01-20 11:50:14');
INSERT INTO `zb_operation_log` VALUES ('213', '1', '测试更新产品,产品编号为:38', '2016-01-20 17:05:40');
INSERT INTO `zb_operation_log` VALUES ('214', '1', '测试更新产品,产品编号为:38', '2016-01-20 17:05:43');
INSERT INTO `zb_operation_log` VALUES ('215', '1', '测试更新产品,产品编号为:38', '2016-01-20 17:05:52');
INSERT INTO `zb_operation_log` VALUES ('216', '1', '测试更新产品,产品编号为:38', '2016-01-20 17:09:18');
INSERT INTO `zb_operation_log` VALUES ('217', '1', '测试更新产品,产品编号为:38', '2016-01-20 17:10:09');
INSERT INTO `zb_operation_log` VALUES ('218', '1', '测试更新产品,产品编号为:38', '2016-01-20 17:47:18');
INSERT INTO `zb_operation_log` VALUES ('219', '1', '测试更新产品,产品编号为:35', '2016-01-20 17:49:23');
INSERT INTO `zb_operation_log` VALUES ('220', '1', '测试更新产品,产品编号为:38', '2016-01-20 17:54:09');
INSERT INTO `zb_operation_log` VALUES ('221', '1', '测试更新产品,产品编号为:38', '2016-01-20 17:54:13');
INSERT INTO `zb_operation_log` VALUES ('222', '1', '测试更新产品,产品编号为:38', '2016-01-20 17:56:07');
INSERT INTO `zb_operation_log` VALUES ('223', '1', '测试更新产品,产品编号为:38', '2016-01-20 17:56:17');
INSERT INTO `zb_operation_log` VALUES ('227', '1', '产品部测试撤销产品：产品ID为:38', '2016-01-20 18:20:14');
INSERT INTO `zb_operation_log` VALUES ('228', '1', '产品部测试撤销产品：产品ID为:3,4', '2016-01-20 19:02:03');
INSERT INTO `zb_operation_log` VALUES ('229', '1', '产品部测试撤销产品：产品ID为:3,4', '2016-01-20 19:02:03');
INSERT INTO `zb_operation_log` VALUES ('230', '1', '产品部测试撤销产品：产品ID为:36', '2016-01-20 19:39:13');
INSERT INTO `zb_operation_log` VALUES ('231', '1', '产品部测试撤销产品：产品ID为:35,34', '2016-01-20 19:39:21');
INSERT INTO `zb_operation_log` VALUES ('232', '1', '产品部测试撤销产品：产品ID为:35,34', '2016-01-20 19:39:21');
INSERT INTO `zb_operation_log` VALUES ('233', '1', '产品部测试撤销产品：产品ID为:33,31', '2016-01-20 19:39:31');
INSERT INTO `zb_operation_log` VALUES ('234', '1', '产品部测试撤销产品：产品ID为:33,31', '2016-01-20 19:39:31');
INSERT INTO `zb_operation_log` VALUES ('235', '1', '产品部测试撤销产品：产品ID为:29,28', '2016-01-20 19:40:12');
INSERT INTO `zb_operation_log` VALUES ('236', '1', '产品部测试撤销产品：产品ID为:29,28', '2016-01-20 19:40:12');
INSERT INTO `zb_operation_log` VALUES ('237', '1', '产品部提交合同成功，产品ID：16', '2016-01-20 20:38:59');
INSERT INTO `zb_operation_log` VALUES ('238', '1', '法务 产品审核区，退回操作', '2016-01-20 20:43:36');
INSERT INTO `zb_operation_log` VALUES ('239', '1', '产品部提交合同成功，产品ID：21', '2016-01-20 20:43:43');
INSERT INTO `zb_operation_log` VALUES ('240', '1', '法务 产品审核区，通过操作!产品ID：21', '2016-01-20 20:43:48');
INSERT INTO `zb_operation_log` VALUES ('241', '1', '产品部提交合同成功，产品ID：16', '2016-01-20 20:44:10');
INSERT INTO `zb_operation_log` VALUES ('242', '1', '添加产品,产品编号为:41', '2016-01-20 21:52:47');
INSERT INTO `zb_operation_log` VALUES ('243', '1', '产品部测试撤销产品：产品ID为:30', '2016-01-20 21:52:56');
INSERT INTO `zb_operation_log` VALUES ('244', '1', '测试更新产品,产品编号为:41', '2016-01-20 21:53:07');
INSERT INTO `zb_operation_log` VALUES ('245', '1', '产品部测试撤销产品：产品ID为:27,26,25', '2016-01-20 21:53:23');
INSERT INTO `zb_operation_log` VALUES ('246', '1', '产品部测试撤销产品：产品ID为:27,26,25', '2016-01-20 21:53:23');
INSERT INTO `zb_operation_log` VALUES ('247', '1', '产品部测试撤销产品：产品ID为:27,26,25', '2016-01-20 21:53:23');
INSERT INTO `zb_operation_log` VALUES ('248', '1', '产品部提交合同成功，产品ID：9', '2016-01-20 21:58:21');
INSERT INTO `zb_operation_log` VALUES ('249', '1', '测试更新产品,产品编号为:41', '2016-01-20 21:54:25');
INSERT INTO `zb_operation_log` VALUES ('250', '1', '测试更新产品,产品编号为:41', '2016-01-20 21:56:06');
INSERT INTO `zb_operation_log` VALUES ('251', '1', '测试更新产品,产品编号为:41', '2016-01-20 21:56:32');
INSERT INTO `zb_operation_log` VALUES ('252', '1', '测试更新产品,产品编号为:41', '2016-01-20 21:56:34');
INSERT INTO `zb_operation_log` VALUES ('253', '1', '测试更新产品,产品编号为:41', '2016-01-20 21:56:59');
INSERT INTO `zb_operation_log` VALUES ('254', '1', '测试更新产品,产品编号为:41', '2016-01-20 21:57:47');
INSERT INTO `zb_operation_log` VALUES ('255', '1', '测试更新产品,产品编号为:41', '2016-01-20 21:58:58');
INSERT INTO `zb_operation_log` VALUES ('256', '1', '测试,部门：产品部,提交新产品，产品ID：41', '2016-01-20 21:59:03');
INSERT INTO `zb_operation_log` VALUES ('257', '1', '产品部提交合同成功，产品ID：41', '2016-01-20 22:29:03');
INSERT INTO `zb_operation_log` VALUES ('258', '76', '法务 产品审核区，通过操作!产品ID：41', '2016-01-20 22:47:31');
INSERT INTO `zb_operation_log` VALUES ('259', '1', '法务 产品审核区，通过操作!产品ID：9', '2016-01-20 23:09:39');
INSERT INTO `zb_operation_log` VALUES ('260', '1', '添加产品,产品编号为:42', '2016-01-21 09:25:10');
INSERT INTO `zb_operation_log` VALUES ('261', '1', '测试更新产品,产品编号为:42', '2016-01-21 09:25:33');
INSERT INTO `zb_operation_log` VALUES ('262', '1', '测试更新产品,产品编号为:42', '2016-01-21 09:25:41');
INSERT INTO `zb_operation_log` VALUES ('263', '1', '测试更新产品,产品编号为:42', '2016-01-21 09:26:08');
INSERT INTO `zb_operation_log` VALUES ('264', '1', '测试更新产品,产品编号为:42', '2016-01-21 09:26:29');
INSERT INTO `zb_operation_log` VALUES ('265', '1', '测试,部门：产品部,提交新产品，产品ID：42', '2016-01-21 09:26:39');
INSERT INTO `zb_operation_log` VALUES ('266', '59', '我是产品1,部门：产品部,提交新产品，产品ID：9', '2016-01-21 09:44:49');
INSERT INTO `zb_operation_log` VALUES ('267', '62', '法务 产品审核区，通过操作!产品ID：16', '2016-01-21 09:48:58');
INSERT INTO `zb_operation_log` VALUES ('268', '59', '添加产品,产品编号为:43', '2016-01-21 09:51:10');
INSERT INTO `zb_operation_log` VALUES ('269', '59', '我是产品1更新产品,产品编号为:43', '2016-01-21 09:52:03');
INSERT INTO `zb_operation_log` VALUES ('270', '59', '我是产品1,部门：产品部,提交新产品，产品ID：43', '2016-01-21 09:52:17');
INSERT INTO `zb_operation_log` VALUES ('271', '69', '产品部提交合同成功，产品ID：43', '2016-01-21 09:55:25');
INSERT INTO `zb_operation_log` VALUES ('272', '65', '法务 产品审核区，通过操作!产品ID：43', '2016-01-21 09:56:04');
INSERT INTO `zb_operation_log` VALUES ('273', '60', 'test3006更新产品,产品编号为:25', '2016-01-21 09:58:12');
INSERT INTO `zb_operation_log` VALUES ('274', '1', '添加产品,产品编号为:44', '2016-01-21 10:53:47');
INSERT INTO `zb_operation_log` VALUES ('275', '54', '添加产品,产品编号为:45', '2016-01-21 11:00:01');
INSERT INTO `zb_operation_log` VALUES ('276', '1', '测试更新产品,产品编号为:21', '2016-01-21 11:39:48');
INSERT INTO `zb_operation_log` VALUES ('277', '1', '添加产品,产品编号为:46', '2016-01-21 11:44:51');
INSERT INTO `zb_operation_log` VALUES ('278', '1', '测试更新产品,产品编号为:46', '2016-01-21 11:45:23');
INSERT INTO `zb_operation_log` VALUES ('279', '1', '测试更新产品,产品编号为:46', '2016-01-21 11:45:44');
INSERT INTO `zb_operation_log` VALUES ('280', '1', '测试,部门：产品部,提交新产品，产品ID：46', '2016-01-21 11:45:49');
INSERT INTO `zb_operation_log` VALUES ('281', '83', '产品部提交合同成功，产品ID：46', '2016-01-21 11:49:29');
INSERT INTO `zb_operation_log` VALUES ('282', '65', '法务 产品审核区，通过操作!产品ID：46', '2016-01-21 11:51:17');
INSERT INTO `zb_operation_log` VALUES ('283', '59', '添加产品,产品编号为:47', '2016-01-21 13:12:44');
INSERT INTO `zb_operation_log` VALUES ('284', '59', '我是产品1更新产品,产品编号为:47', '2016-01-21 13:24:35');
INSERT INTO `zb_operation_log` VALUES ('285', '59', '我是产品1,部门：产品部,提交新产品，产品ID：47', '2016-01-21 13:26:23');
INSERT INTO `zb_operation_log` VALUES ('286', '69', '产品部提交合同成功，产品ID：47', '2016-01-21 13:33:23');
INSERT INTO `zb_operation_log` VALUES ('287', '65', '法务 产品审核区，通过操作!产品ID：47', '2016-01-21 13:34:29');
INSERT INTO `zb_operation_log` VALUES ('288', '54', '产品部提交合同成功，产品ID：8', '2016-01-21 13:36:51');
INSERT INTO `zb_operation_log` VALUES ('289', '62', '法务 产品审核区，通过操作!产品ID：8', '2016-01-21 13:57:28');
INSERT INTO `zb_operation_log` VALUES ('290', '77', '添加产品,产品编号为:48', '2016-01-21 14:39:17');
INSERT INTO `zb_operation_log` VALUES ('291', '77', '产品1更新产品,产品编号为:48', '2016-01-21 14:41:47');
INSERT INTO `zb_operation_log` VALUES ('292', '77', '产品1更新产品,产品编号为:48', '2016-01-21 14:42:38');
INSERT INTO `zb_operation_log` VALUES ('293', '77', '产品1更新产品,产品编号为:48', '2016-01-21 14:43:10');
INSERT INTO `zb_operation_log` VALUES ('294', '77', '产品1,部门：,提交新产品，产品ID：48', '2016-01-21 14:43:27');
INSERT INTO `zb_operation_log` VALUES ('295', '1', '产品部测试撤销产品：产品ID为:9', '2016-01-21 14:44:03');
INSERT INTO `zb_operation_log` VALUES ('296', '1', '产品部测试撤销产品：产品ID为:47', '2016-01-21 14:44:12');
INSERT INTO `zb_operation_log` VALUES ('297', '77', '产品部提交合同成功，产品ID：48', '2016-01-21 14:52:30');
INSERT INTO `zb_operation_log` VALUES ('298', '1', '测试更新产品,产品编号为:8', '2016-01-21 15:28:18');
INSERT INTO `zb_operation_log` VALUES ('299', '59', '我是产品1更新产品,产品编号为:47', '2016-01-21 15:49:26');
INSERT INTO `zb_operation_log` VALUES ('300', '59', '添加产品,产品编号为:54', '2016-01-21 15:55:41');
INSERT INTO `zb_operation_log` VALUES ('301', '59', '我是产品1更新产品,产品编号为:54', '2016-01-21 16:00:08');
INSERT INTO `zb_operation_log` VALUES ('302', '59', '我是产品1,部门：产品部,提交新产品，产品ID：54', '2016-01-21 16:00:38');
INSERT INTO `zb_operation_log` VALUES ('303', '69', '产品部提交合同成功，产品ID：54', '2016-01-21 16:04:03');
INSERT INTO `zb_operation_log` VALUES ('304', '65', '法务 产品审核区，退回操作', '2016-01-21 16:05:26');
INSERT INTO `zb_operation_log` VALUES ('305', '59', '产品部提交合同成功，产品ID：54', '2016-01-21 16:06:47');
INSERT INTO `zb_operation_log` VALUES ('306', '65', '法务 产品审核区，通过操作!产品ID：54', '2016-01-21 16:26:41');
INSERT INTO `zb_operation_log` VALUES ('307', '63', '添加产品,产品编号为:55', '2016-01-21 16:30:22');
INSERT INTO `zb_operation_log` VALUES ('308', '63', 'test3009更新产品,产品编号为:55', '2016-01-21 16:35:01');
INSERT INTO `zb_operation_log` VALUES ('309', '63', 'test3009,部门：调研部,提交新产品，产品ID：55', '2016-01-21 16:35:22');
INSERT INTO `zb_operation_log` VALUES ('310', '63', '添加产品,产品编号为:56', '2016-01-21 16:35:45');
INSERT INTO `zb_operation_log` VALUES ('311', '63', '调研部test3009撤销产品：产品ID为:55', '2016-01-21 16:35:55');
INSERT INTO `zb_operation_log` VALUES ('312', '63', '添加产品,产品编号为:57', '2016-01-21 16:36:49');
INSERT INTO `zb_operation_log` VALUES ('313', '63', '调研部test3009撤销产品：产品ID为:57', '2016-01-21 16:37:00');
INSERT INTO `zb_operation_log` VALUES ('314', '1', '添加产品,产品编号为:58', '2016-01-21 16:37:26');
INSERT INTO `zb_operation_log` VALUES ('315', '63', 'test3009更新产品,产品编号为:56', '2016-01-21 16:37:51');
INSERT INTO `zb_operation_log` VALUES ('316', '63', 'test3009更新产品,产品编号为:56', '2016-01-21 16:38:24');
INSERT INTO `zb_operation_log` VALUES ('317', '1', '测试更新产品,产品编号为:58', '2016-01-21 16:40:10');
INSERT INTO `zb_operation_log` VALUES ('318', '1', '测试更新产品,产品编号为:58', '2016-01-21 16:40:16');
INSERT INTO `zb_operation_log` VALUES ('319', '1', '添加产品,产品编号为:59', '2016-01-21 16:42:32');
INSERT INTO `zb_operation_log` VALUES ('320', '63', '添加产品,产品编号为:60', '2016-01-21 16:43:55');
INSERT INTO `zb_operation_log` VALUES ('321', '63', 'test3009更新产品,产品编号为:60', '2016-01-21 16:44:41');
INSERT INTO `zb_operation_log` VALUES ('322', '63', 'test3009,部门：调研部,提交新产品，产品ID：60', '2016-01-21 16:44:56');
INSERT INTO `zb_operation_log` VALUES ('323', '1', '测试更新产品,产品编号为:59', '2016-01-21 16:45:20');
INSERT INTO `zb_operation_log` VALUES ('324', '1', '添加产品,产品编号为:61', '2016-01-21 16:47:59');
INSERT INTO `zb_operation_log` VALUES ('325', '1', '测试更新产品,产品编号为:61', '2016-01-21 16:51:25');
INSERT INTO `zb_operation_log` VALUES ('326', '57', '添加产品,产品编号为:64', '2016-01-21 17:01:18');
INSERT INTO `zb_operation_log` VALUES ('327', '59', '添加产品,产品编号为:65', '2016-01-21 17:02:19');
INSERT INTO `zb_operation_log` VALUES ('328', '59', '添加产品,产品编号为:66', '2016-01-21 17:04:58');
INSERT INTO `zb_operation_log` VALUES ('329', '54', '添加产品,产品编号为:67', '2016-01-21 17:08:54');
INSERT INTO `zb_operation_log` VALUES ('330', '73', '添加产品,产品编号为:68', '2016-01-21 17:13:26');
INSERT INTO `zb_operation_log` VALUES ('331', '54', 'test3001更新产品,产品编号为:67', '2016-01-21 17:13:33');
INSERT INTO `zb_operation_log` VALUES ('332', '54', 'test3001更新产品,产品编号为:67', '2016-01-21 17:13:42');
INSERT INTO `zb_operation_log` VALUES ('333', '54', 'test3001更新产品,产品编号为:67', '2016-01-21 17:13:48');
INSERT INTO `zb_operation_log` VALUES ('334', '54', '产品部test3001撤销产品：产品ID为:67', '2016-01-21 17:14:09');
INSERT INTO `zb_operation_log` VALUES ('335', '73', 'PP电影更新产品,产品编号为:68', '2016-01-21 17:15:33');
INSERT INTO `zb_operation_log` VALUES ('336', '59', '我是产品1更新产品,产品编号为:66', '2016-01-21 17:16:32');
INSERT INTO `zb_operation_log` VALUES ('337', '59', '我是产品1更新产品,产品编号为:66', '2016-01-21 17:16:50');
INSERT INTO `zb_operation_log` VALUES ('338', '59', '我是产品1更新产品,产品编号为:61', '2016-01-21 17:17:14');
INSERT INTO `zb_operation_log` VALUES ('339', '59', '我是产品1更新产品,产品编号为:59', '2016-01-21 17:17:21');
INSERT INTO `zb_operation_log` VALUES ('340', '59', '我是产品1更新产品,产品编号为:58', '2016-01-21 17:17:28');
INSERT INTO `zb_operation_log` VALUES ('341', '1', '添加产品,产品编号为:69', '2016-01-21 17:20:08');
INSERT INTO `zb_operation_log` VALUES ('342', '1', '测试更新产品,产品编号为:69', '2016-01-21 17:39:01');
INSERT INTO `zb_operation_log` VALUES ('343', '1', '测试,部门：产品部,提交新产品，产品ID：69', '2016-01-21 17:42:47');
INSERT INTO `zb_operation_log` VALUES ('344', '1', '添加产品,产品编号为:70', '2016-01-21 17:57:29');
INSERT INTO `zb_operation_log` VALUES ('345', '59', '我是产品1更新产品,产品编号为:16', '2016-01-21 17:57:45');
INSERT INTO `zb_operation_log` VALUES ('346', '1', '测试更新产品,产品编号为:70', '2016-01-21 17:58:07');
INSERT INTO `zb_operation_log` VALUES ('347', '1', '测试更新产品,产品编号为:70', '2016-01-21 17:58:11');
INSERT INTO `zb_operation_log` VALUES ('348', '1', '测试更新产品,产品编号为:70', '2016-01-21 17:59:15');
INSERT INTO `zb_operation_log` VALUES ('349', '1', '测试更新产品,产品编号为:70', '2016-01-21 17:59:41');
INSERT INTO `zb_operation_log` VALUES ('350', '1', '测试,部门：产品部,提交新产品，产品ID：70', '2016-01-21 17:59:53');
INSERT INTO `zb_operation_log` VALUES ('351', '59', '我是产品1,部门：产品部,提交新产品，产品ID：68', '2016-01-21 18:04:54');
INSERT INTO `zb_operation_log` VALUES ('352', '59', '我是产品1更新产品,产品编号为:65', '2016-01-21 18:07:33');
INSERT INTO `zb_operation_log` VALUES ('353', '59', '我是产品1,部门：产品部,提交新产品，产品ID：65', '2016-01-21 18:07:37');
INSERT INTO `zb_operation_log` VALUES ('354', '78', '添加产品,产品编号为:71', '2016-01-22 08:57:30');
INSERT INTO `zb_operation_log` VALUES ('355', '59', '我是产品1,部门：产品部,提交新产品，产品ID：61', '2016-01-22 09:53:28');
INSERT INTO `zb_operation_log` VALUES ('356', '59', '添加产品,产品编号为:72', '2016-01-22 10:00:03');
INSERT INTO `zb_operation_log` VALUES ('357', '59', '我是产品1更新产品,产品编号为:72', '2016-01-22 10:01:48');
INSERT INTO `zb_operation_log` VALUES ('358', '59', '我是产品1,部门：产品部,提交新产品，产品ID：72', '2016-01-22 10:01:58');
INSERT INTO `zb_operation_log` VALUES ('359', '59', '我是产品1更新产品,产品编号为:72', '2016-01-22 10:02:09');
INSERT INTO `zb_operation_log` VALUES ('360', '1', '添加产品,产品编号为:73', '2016-01-22 10:10:18');
INSERT INTO `zb_operation_log` VALUES ('361', '1', '测试更新产品,产品编号为:71', '2016-01-22 10:16:42');
INSERT INTO `zb_operation_log` VALUES ('362', '1', '测试更新产品,产品编号为:73', '2016-01-22 10:17:20');
INSERT INTO `zb_operation_log` VALUES ('363', '1', '测试更新产品,产品编号为:73', '2016-01-22 10:17:31');
INSERT INTO `zb_operation_log` VALUES ('364', '1', '测试更新产品,产品编号为:73', '2016-01-22 10:19:36');
INSERT INTO `zb_operation_log` VALUES ('365', '54', '添加产品,产品编号为:74', '2016-01-22 10:33:27');
INSERT INTO `zb_operation_log` VALUES ('366', '77', '添加产品,产品编号为:75', '2016-01-22 10:36:28');
INSERT INTO `zb_operation_log` VALUES ('367', '54', 'test3001更新产品,产品编号为:74', '2016-01-22 10:36:39');
INSERT INTO `zb_operation_log` VALUES ('368', '79', '添加产品,产品编号为:76', '2016-01-22 10:39:44');
INSERT INTO `zb_operation_log` VALUES ('369', '54', 'test3001更新产品,产品编号为:74', '2016-01-22 10:40:13');
INSERT INTO `zb_operation_log` VALUES ('370', '54', 'test3001更新产品,产品编号为:74', '2016-01-22 10:40:19');
INSERT INTO `zb_operation_log` VALUES ('371', '79', '产品3更新产品,产品编号为:76', '2016-01-22 10:43:13');
INSERT INTO `zb_operation_log` VALUES ('372', '84', '法务 产品审核区，通过操作!产品ID：48', '2016-01-22 10:43:13');
INSERT INTO `zb_operation_log` VALUES ('373', '79', '产品3更新产品,产品编号为:76', '2016-01-22 10:43:19');
INSERT INTO `zb_operation_log` VALUES ('374', '79', '产品3更新产品,产品编号为:76', '2016-01-22 10:43:49');
INSERT INTO `zb_operation_log` VALUES ('375', '1', '测试更新产品,产品编号为:73', '2016-01-22 10:59:41');
INSERT INTO `zb_operation_log` VALUES ('376', '1', '测试更新产品,产品编号为:73', '2016-01-22 11:00:11');
INSERT INTO `zb_operation_log` VALUES ('377', '1', '测试更新产品,产品编号为:73', '2016-01-22 11:00:15');
INSERT INTO `zb_operation_log` VALUES ('378', '1', '添加产品,产品编号为:77', '2016-01-22 11:30:23');
INSERT INTO `zb_operation_log` VALUES ('379', '78', '产品2更新产品,产品编号为:71', '2016-01-22 11:37:15');
INSERT INTO `zb_operation_log` VALUES ('380', '78', '产品2,部门：,提交新产品，产品ID：71', '2016-01-22 11:37:23');
INSERT INTO `zb_operation_log` VALUES ('381', '79', '产品3更新产品,产品编号为:76', '2016-01-22 11:38:49');
INSERT INTO `zb_operation_log` VALUES ('382', '79', '产品3,部门：,提交新产品，产品ID：76', '2016-01-22 11:38:56');
INSERT INTO `zb_operation_log` VALUES ('383', '77', '产品1更新产品,产品编号为:75', '2016-01-22 11:40:44');
INSERT INTO `zb_operation_log` VALUES ('384', '77', '产品1,部门：,提交新产品，产品ID：75', '2016-01-22 11:41:04');
INSERT INTO `zb_operation_log` VALUES ('385', '54', '添加产品,产品编号为:78', '2016-01-22 11:41:16');
INSERT INTO `zb_operation_log` VALUES ('386', '54', 'test3001更新产品,产品编号为:74', '2016-01-22 11:55:37');
INSERT INTO `zb_operation_log` VALUES ('387', '54', 'test3001,部门：产品部,提交新产品，产品ID：74', '2016-01-22 11:55:43');
INSERT INTO `zb_operation_log` VALUES ('388', '54', 'test3001更新产品,产品编号为:10', '2016-01-22 12:37:04');
INSERT INTO `zb_operation_log` VALUES ('389', '54', 'test3001更新产品,产品编号为:10', '2016-01-22 12:41:41');
INSERT INTO `zb_operation_log` VALUES ('390', '54', '添加产品,产品编号为:79', '2016-01-22 13:49:37');
INSERT INTO `zb_operation_log` VALUES ('391', '54', 'test3001更新产品,产品编号为:79', '2016-01-22 13:50:07');
INSERT INTO `zb_operation_log` VALUES ('392', '54', 'test3001更新产品,产品编号为:79', '2016-01-22 13:50:44');
INSERT INTO `zb_operation_log` VALUES ('393', '54', 'test3001,部门：产品部,提交新产品，产品ID：79', '2016-01-22 13:50:50');
INSERT INTO `zb_operation_log` VALUES ('394', '54', '产品部test3001撤销产品：产品ID为:79', '2016-01-22 13:51:23');
INSERT INTO `zb_operation_log` VALUES ('395', '59', '我是产品1更新产品,产品编号为:76', '2016-01-22 13:53:16');
INSERT INTO `zb_operation_log` VALUES ('396', '59', '我是产品1更新产品,产品编号为:76', '2016-01-22 13:53:22');
INSERT INTO `zb_operation_log` VALUES ('397', '59', '产品部我是产品1撤销产品：产品ID为:54', '2016-01-22 14:03:03');
INSERT INTO `zb_operation_log` VALUES ('398', '59', '我是产品1更新产品,产品编号为:43', '2016-01-22 14:06:10');
INSERT INTO `zb_operation_log` VALUES ('399', '59', '我是产品1更新产品,产品编号为:43', '2016-01-22 14:09:45');
INSERT INTO `zb_operation_log` VALUES ('400', '1', '添加产品,产品编号为:80', '2016-01-22 14:16:34');
INSERT INTO `zb_operation_log` VALUES ('401', '1', '添加产品,产品编号为:81', '2016-01-22 14:16:45');
INSERT INTO `zb_operation_log` VALUES ('402', '1', '添加产品,产品编号为:82', '2016-01-22 14:16:56');
INSERT INTO `zb_operation_log` VALUES ('403', '1', '添加产品,产品编号为:83', '2016-01-22 14:17:10');
INSERT INTO `zb_operation_log` VALUES ('404', '1', '添加产品,产品编号为:84', '2016-01-22 14:17:22');
INSERT INTO `zb_operation_log` VALUES ('405', '1', '添加产品,产品编号为:85', '2016-01-22 14:17:33');
INSERT INTO `zb_operation_log` VALUES ('406', '1', '添加产品,产品编号为:86', '2016-01-22 14:17:43');
INSERT INTO `zb_operation_log` VALUES ('407', '1', '添加产品,产品编号为:87', '2016-01-22 14:17:57');
INSERT INTO `zb_operation_log` VALUES ('408', '1', '添加产品,产品编号为:88', '2016-01-22 14:18:08');
INSERT INTO `zb_operation_log` VALUES ('409', '1', '添加产品,产品编号为:89', '2016-01-22 14:18:23');
INSERT INTO `zb_operation_log` VALUES ('410', '1', '添加产品,产品编号为:90', '2016-01-22 14:18:35');
INSERT INTO `zb_operation_log` VALUES ('411', '1', '添加产品,产品编号为:91', '2016-01-22 14:18:46');
INSERT INTO `zb_operation_log` VALUES ('412', '1', '测试更新产品,产品编号为:58', '2016-01-22 15:00:52');
INSERT INTO `zb_operation_log` VALUES ('413', '1', '测试更新产品,产品编号为:58', '2016-01-22 15:00:58');
INSERT INTO `zb_operation_log` VALUES ('414', '1', '测试更新产品,产品编号为:58', '2016-01-22 15:01:05');
INSERT INTO `zb_operation_log` VALUES ('415', '1', '测试更新产品,产品编号为:58', '2016-01-22 15:01:25');
INSERT INTO `zb_operation_log` VALUES ('416', '1', '产品部提交合同成功，产品ID：68', '2016-01-22 15:16:18');
INSERT INTO `zb_operation_log` VALUES ('417', '1', '法务 产品审核区，退回操作', '2016-01-22 15:16:31');
INSERT INTO `zb_operation_log` VALUES ('418', '1', '测试更新产品,产品编号为:68', '2016-01-22 15:27:41');
INSERT INTO `zb_operation_log` VALUES ('419', '1', '测试更新产品,产品编号为:70', '2016-01-22 15:27:52');
INSERT INTO `zb_operation_log` VALUES ('420', '1', '添加产品,产品编号为:92', '2016-01-22 15:40:10');
INSERT INTO `zb_operation_log` VALUES ('421', '1', '测试更新产品,产品编号为:92', '2016-01-22 15:45:46');
INSERT INTO `zb_operation_log` VALUES ('422', '1', '添加产品,产品编号为:93', '2016-01-22 15:47:02');
INSERT INTO `zb_operation_log` VALUES ('423', '1', '测试更新产品,产品编号为:92', '2016-01-22 15:47:03');
INSERT INTO `zb_operation_log` VALUES ('424', '1', '测试更新产品,产品编号为:92', '2016-01-22 15:47:12');
INSERT INTO `zb_operation_log` VALUES ('425', '1', '测试,部门：产品部,提交新产品，产品ID：92', '2016-01-22 15:47:29');
INSERT INTO `zb_operation_log` VALUES ('426', '1', '测试更新产品,产品编号为:93', '2016-01-22 15:47:55');
INSERT INTO `zb_operation_log` VALUES ('427', '1', '测试更新产品,产品编号为:93', '2016-01-22 15:51:25');
INSERT INTO `zb_operation_log` VALUES ('428', '1', '测试更新产品,产品编号为:93', '2016-01-22 15:52:08');
INSERT INTO `zb_operation_log` VALUES ('429', '1', '产品部测试撤销产品：产品ID为:93', '2016-01-22 15:54:14');
INSERT INTO `zb_operation_log` VALUES ('430', '1', '产品部测试撤销产品：产品ID为:90', '2016-01-22 15:54:18');
INSERT INTO `zb_operation_log` VALUES ('431', '1', '产品部测试撤销产品：产品ID为:88', '2016-01-22 15:55:53');
INSERT INTO `zb_operation_log` VALUES ('432', '1', '添加产品,产品编号为:94', '2016-01-22 15:57:51');
INSERT INTO `zb_operation_log` VALUES ('433', '1', '产品部测试撤销产品：产品ID为:87', '2016-01-22 15:58:01');
INSERT INTO `zb_operation_log` VALUES ('434', '1', '添加产品,产品编号为:95', '2016-01-22 15:58:41');
INSERT INTO `zb_operation_log` VALUES ('435', '1', '添加产品,产品编号为:96', '2016-01-22 15:58:58');
INSERT INTO `zb_operation_log` VALUES ('436', '1', '测试更新产品,产品编号为:94', '2016-01-22 16:02:40');
INSERT INTO `zb_operation_log` VALUES ('437', '1', '测试更新产品,产品编号为:94', '2016-01-22 16:03:07');
INSERT INTO `zb_operation_log` VALUES ('438', '1', '测试,部门：产品部,提交新产品，产品ID：94', '2016-01-22 16:03:15');
INSERT INTO `zb_operation_log` VALUES ('439', '1', '测试更新产品,产品编号为:96', '2016-01-22 16:04:31');
INSERT INTO `zb_operation_log` VALUES ('440', '1', '测试更新产品,产品编号为:96', '2016-01-22 16:10:53');
INSERT INTO `zb_operation_log` VALUES ('441', '1', '测试更新产品,产品编号为:96', '2016-01-22 16:11:40');
INSERT INTO `zb_operation_log` VALUES ('442', '1', '测试,部门：产品部,提交新产品，产品ID：96', '2016-01-22 16:11:49');
INSERT INTO `zb_operation_log` VALUES ('443', '1', '添加产品,产品编号为:97', '2016-01-22 16:14:22');
INSERT INTO `zb_operation_log` VALUES ('444', '1', '测试更新产品,产品编号为:97', '2016-01-22 16:14:53');
INSERT INTO `zb_operation_log` VALUES ('445', '54', '添加产品,产品编号为:98', '2016-01-22 16:17:02');
INSERT INTO `zb_operation_log` VALUES ('446', '54', 'test3001更新产品,产品编号为:98', '2016-01-22 16:22:08');
INSERT INTO `zb_operation_log` VALUES ('447', '54', 'test3001更新产品,产品编号为:98', '2016-01-22 16:22:25');
INSERT INTO `zb_operation_log` VALUES ('448', '54', '添加产品,产品编号为:99', '2016-01-22 16:23:10');
INSERT INTO `zb_operation_log` VALUES ('449', '54', 'test3001更新产品,产品编号为:99', '2016-01-22 16:25:39');
INSERT INTO `zb_operation_log` VALUES ('450', '54', 'test3001更新产品,产品编号为:99', '2016-01-22 16:25:52');
INSERT INTO `zb_operation_log` VALUES ('451', '54', 'test3001,部门：产品部,提交新产品，产品ID：99', '2016-01-22 16:26:11');
INSERT INTO `zb_operation_log` VALUES ('452', '1', '产品部测试撤销产品：产品ID为:92', '2016-01-25 09:37:53');
INSERT INTO `zb_operation_log` VALUES ('453', '1', '添加产品,产品编号为:100', '2016-01-25 10:18:16');
INSERT INTO `zb_operation_log` VALUES ('454', '78', '添加产品,产品编号为:101', '2016-01-25 10:24:45');
INSERT INTO `zb_operation_log` VALUES ('455', '1', '测试更新产品,产品编号为:100', '2016-01-25 10:52:02');
INSERT INTO `zb_operation_log` VALUES ('456', '1', '测试更新产品,产品编号为:100', '2016-01-25 10:56:20');
INSERT INTO `zb_operation_log` VALUES ('457', '78', '产品2更新产品,产品编号为:101', '2016-01-25 10:58:30');
INSERT INTO `zb_operation_log` VALUES ('458', '1', '测试更新产品,产品编号为:100', '2016-01-25 11:00:25');
INSERT INTO `zb_operation_log` VALUES ('459', '1', '测试,部门：产品部,提交新产品，产品ID：100', '2016-01-25 11:00:46');
INSERT INTO `zb_operation_log` VALUES ('460', '1', '产品部测试撤销产品：产品ID为:97', '2016-01-25 11:01:00');
INSERT INTO `zb_operation_log` VALUES ('461', '1', '添加产品,产品编号为:102', '2016-01-25 11:01:00');
INSERT INTO `zb_operation_log` VALUES ('462', '1', '添加产品,产品编号为:106', '2016-01-25 11:02:50');
INSERT INTO `zb_operation_log` VALUES ('463', '1', '添加产品,产品编号为:114', '2016-01-25 11:05:54');
INSERT INTO `zb_operation_log` VALUES ('464', '1', '测试更新产品,产品编号为:102', '2016-01-25 11:06:23');
INSERT INTO `zb_operation_log` VALUES ('465', '1', '添加产品,产品编号为:115', '2016-01-25 11:06:29');
INSERT INTO `zb_operation_log` VALUES ('466', '1', '添加产品,产品编号为:116', '2016-01-25 11:06:56');
INSERT INTO `zb_operation_log` VALUES ('467', '1', '添加产品,产品编号为:117', '2016-01-25 11:07:29');
INSERT INTO `zb_operation_log` VALUES ('468', '1', '测试更新产品,产品编号为:117', '2016-01-25 11:07:52');
INSERT INTO `zb_operation_log` VALUES ('469', '1', '添加产品,产品编号为:118', '2016-01-25 11:08:13');
INSERT INTO `zb_operation_log` VALUES ('470', '1', '添加产品,产品编号为:119', '2016-01-25 11:09:40');
INSERT INTO `zb_operation_log` VALUES ('471', '1', '添加产品,产品编号为:120', '2016-01-25 11:10:00');
INSERT INTO `zb_operation_log` VALUES ('472', '1', '添加产品,产品编号为:122', '2016-01-25 11:10:51');
INSERT INTO `zb_operation_log` VALUES ('473', '1', '添加产品,产品编号为:123', '2016-01-25 11:11:05');
INSERT INTO `zb_operation_log` VALUES ('474', '1', '测试更新产品,产品编号为:123', '2016-01-25 11:11:14');
INSERT INTO `zb_operation_log` VALUES ('475', '1', '添加产品,产品编号为:125', '2016-01-25 11:13:41');
INSERT INTO `zb_operation_log` VALUES ('476', '1', '产品部测试撤销产品：产品ID为:123', '2016-01-25 11:13:58');
INSERT INTO `zb_operation_log` VALUES ('477', '1', '添加产品,产品编号为:127', '2016-01-25 11:19:16');
INSERT INTO `zb_operation_log` VALUES ('478', '1', '测试更新产品,产品编号为:127', '2016-01-25 11:19:26');
INSERT INTO `zb_operation_log` VALUES ('479', '1', '测试更新产品,产品编号为:127', '2016-01-25 11:19:43');
INSERT INTO `zb_operation_log` VALUES ('480', '1', '产品部测试撤销产品：产品ID为:127', '2016-01-25 11:19:51');
INSERT INTO `zb_operation_log` VALUES ('481', '1', '测试更新产品,产品编号为:125', '2016-01-25 11:24:06');
INSERT INTO `zb_operation_log` VALUES ('482', '1', '产品部测试撤销产品：产品ID为:122', '2016-01-25 11:26:35');
INSERT INTO `zb_operation_log` VALUES ('483', '1', '测试更新产品,产品编号为:125', '2016-01-25 11:27:13');
INSERT INTO `zb_operation_log` VALUES ('484', '59', '我是产品1,部门：产品部,提交新产品，产品ID：102', '2016-01-25 13:55:08');
INSERT INTO `zb_operation_log` VALUES ('485', '59', '添加产品,产品编号为:128', '2016-01-25 13:58:08');
INSERT INTO `zb_operation_log` VALUES ('486', '59', '我是产品1更新产品,产品编号为:128', '2016-01-25 14:00:28');
INSERT INTO `zb_operation_log` VALUES ('487', '59', '我是产品1,部门：产品部,提交新产品，产品ID：128', '2016-01-25 14:00:36');
INSERT INTO `zb_operation_log` VALUES ('488', '53', '添加产品,产品编号为:129', '2016-01-25 14:36:00');
INSERT INTO `zb_operation_log` VALUES ('489', '53', '我是产品专员123更新产品,产品编号为:129', '2016-01-25 14:38:51');
INSERT INTO `zb_operation_log` VALUES ('490', '53', '我是产品专员123,部门：产品部,提交新产品，产品ID：129', '2016-01-25 14:42:03');
INSERT INTO `zb_operation_log` VALUES ('491', '53', '产品部提交合同成功，产品ID：129', '2016-01-25 14:54:40');
INSERT INTO `zb_operation_log` VALUES ('492', '65', '法务 产品审核区，退回操作', '2016-01-25 14:55:28');
INSERT INTO `zb_operation_log` VALUES ('493', '54', '产品部提交合同成功，产品ID：100', '2016-01-25 14:58:11');
INSERT INTO `zb_operation_log` VALUES ('494', '54', '法务 产品审核区，退回操作', '2016-01-25 15:00:17');
INSERT INTO `zb_operation_log` VALUES ('495', '53', '产品部提交合同成功，产品ID：129', '2016-01-25 15:00:26');
INSERT INTO `zb_operation_log` VALUES ('496', '54', '法务 产品审核区，退回操作', '2016-01-25 15:00:42');
INSERT INTO `zb_operation_log` VALUES ('497', '54', '法务 产品审核区，通过操作!产品ID：100', '2016-01-25 15:00:59');
INSERT INTO `zb_operation_log` VALUES ('498', '54', '法务 产品审核区，退回操作', '2016-01-25 15:02:11');
INSERT INTO `zb_operation_log` VALUES ('499', '65', '法务 产品审核区，退回操作', '2016-01-25 15:02:14');
INSERT INTO `zb_operation_log` VALUES ('500', '54', '产品部提交合同成功，产品ID：129', '2016-01-25 15:02:56');
INSERT INTO `zb_operation_log` VALUES ('501', '54', '法务 产品审核区，退回操作', '2016-01-25 15:03:17');
INSERT INTO `zb_operation_log` VALUES ('502', '53', '产品部提交合同成功，产品ID：129', '2016-01-25 15:03:28');
INSERT INTO `zb_operation_log` VALUES ('503', '65', '法务 产品审核区，通过操作!产品ID：129', '2016-01-25 15:04:13');
INSERT INTO `zb_operation_log` VALUES ('504', '56', '产品部提交合同成功，产品ID：99', '2016-01-25 15:20:14');
INSERT INTO `zb_operation_log` VALUES ('505', '56', '法务 产品审核区，通过操作!产品ID：99', '2016-01-25 15:21:09');
INSERT INTO `zb_operation_log` VALUES ('506', '54', '产品部提交合同成功，产品ID：42', '2016-01-25 15:26:19');
INSERT INTO `zb_operation_log` VALUES ('507', '54', '法务 产品审核区，通过操作!产品ID：42', '2016-01-25 15:26:57');
INSERT INTO `zb_operation_log` VALUES ('508', '1', '产品部提交合同成功，产品ID：60', '2016-01-25 15:34:44');
INSERT INTO `zb_operation_log` VALUES ('509', '1', '法务 产品审核区，退回操作', '2016-01-25 15:34:51');
INSERT INTO `zb_operation_log` VALUES ('510', '1', '产品部提交合同成功，产品ID：60', '2016-01-25 15:35:00');
INSERT INTO `zb_operation_log` VALUES ('511', '1', '法务 产品审核区，通过操作!产品ID：60', '2016-01-25 15:35:37');
INSERT INTO `zb_operation_log` VALUES ('512', '1', '产品部提交合同成功，产品ID：34', '2016-01-25 15:38:36');
INSERT INTO `zb_operation_log` VALUES ('513', '1', '法务 产品审核区，通过操作!产品ID：34', '2016-01-25 15:39:10');
INSERT INTO `zb_operation_log` VALUES ('514', '78', '添加产品,产品编号为:130', '2016-01-25 15:44:47');
INSERT INTO `zb_operation_log` VALUES ('515', '78', '产品2更新产品,产品编号为:130', '2016-01-25 15:46:09');
INSERT INTO `zb_operation_log` VALUES ('516', '78', '产品2更新产品,产品编号为:130', '2016-01-25 15:46:49');
INSERT INTO `zb_operation_log` VALUES ('517', '78', '产品2更新产品,产品编号为:130', '2016-01-25 15:46:55');
INSERT INTO `zb_operation_log` VALUES ('518', '78', '产品2,部门：,提交新产品，产品ID：130', '2016-01-25 15:47:31');
INSERT INTO `zb_operation_log` VALUES ('519', '79', '添加产品,产品编号为:131', '2016-01-25 15:52:25');
INSERT INTO `zb_operation_log` VALUES ('520', '79', '产品3更新产品,产品编号为:131', '2016-01-25 15:55:21');
INSERT INTO `zb_operation_log` VALUES ('521', '79', '产品3更新产品,产品编号为:131', '2016-01-25 15:55:29');
INSERT INTO `zb_operation_log` VALUES ('522', '79', '产品3更新产品,产品编号为:131', '2016-01-25 15:55:57');
INSERT INTO `zb_operation_log` VALUES ('523', '79', '产品3更新产品,产品编号为:131', '2016-01-25 15:55:58');
INSERT INTO `zb_operation_log` VALUES ('524', '79', '产品3更新产品,产品编号为:131', '2016-01-25 15:56:37');
INSERT INTO `zb_operation_log` VALUES ('525', '79', '产品3,部门：,提交新产品，产品ID：131', '2016-01-25 15:56:44');
INSERT INTO `zb_operation_log` VALUES ('526', '79', '产品3更新产品,产品编号为:76', '2016-01-25 16:12:39');
INSERT INTO `zb_operation_log` VALUES ('527', '79', '产品3更新产品,产品编号为:76', '2016-01-25 16:14:02');
INSERT INTO `zb_operation_log` VALUES ('528', '1', '产品部提交合同成功，产品ID：130', '2016-01-25 16:18:02');
INSERT INTO `zb_operation_log` VALUES ('529', '79', '产品部提交合同成功，产品ID：76', '2016-01-25 16:18:14');
INSERT INTO `zb_operation_log` VALUES ('530', '79', '产品部提交合同成功，产品ID：131', '2016-01-25 16:19:55');
INSERT INTO `zb_operation_log` VALUES ('531', '84', '法务 产品审核区，通过操作!产品ID：76', '2016-01-25 16:21:52');
INSERT INTO `zb_operation_log` VALUES ('532', '84', '法务 产品审核区，退回操作', '2016-01-25 16:22:03');
INSERT INTO `zb_operation_log` VALUES ('533', '84', '法务 产品审核区，退回操作', '2016-01-25 16:22:11');
INSERT INTO `zb_operation_log` VALUES ('534', '1', '添加产品,产品编号为:133', '2016-01-25 17:39:58');
INSERT INTO `zb_operation_log` VALUES ('535', '1', '添加产品,产品编号为:134', '2016-01-25 17:40:38');
INSERT INTO `zb_operation_log` VALUES ('536', '1', '测试更新产品,产品编号为:133', '2016-01-25 17:41:08');
INSERT INTO `zb_operation_log` VALUES ('537', '1', '测试更新产品,产品编号为:133', '2016-01-25 17:41:54');
INSERT INTO `zb_operation_log` VALUES ('538', '1', '测试更新产品,产品编号为:134', '2016-01-25 17:43:07');
INSERT INTO `zb_operation_log` VALUES ('539', '1', '测试更新产品,产品编号为:134', '2016-01-25 17:43:16');
INSERT INTO `zb_operation_log` VALUES ('540', '1', '测试,部门：产品部,提交新产品，产品ID：134', '2016-01-25 17:43:27');
INSERT INTO `zb_operation_log` VALUES ('541', '1', '测试,部门：产品部,提交新产品，产品ID：133', '2016-01-25 17:43:34');
INSERT INTO `zb_operation_log` VALUES ('542', '54', '产品部提交合同成功，产品ID：134', '2016-01-25 18:01:56');
INSERT INTO `zb_operation_log` VALUES ('543', '54', '产品部提交合同成功，产品ID：133', '2016-01-25 18:02:10');
INSERT INTO `zb_operation_log` VALUES ('544', '56', '法务 产品审核区，退回操作', '2016-01-25 18:02:55');
INSERT INTO `zb_operation_log` VALUES ('545', '54', '产品部提交合同成功，产品ID：134', '2016-01-25 18:06:37');
INSERT INTO `zb_operation_log` VALUES ('546', '54', '法务 产品审核区，通过操作!产品ID：134', '2016-01-25 18:09:04');
INSERT INTO `zb_operation_log` VALUES ('547', '54', '法务 产品审核区，通过操作!产品ID：133', '2016-01-25 18:09:18');
INSERT INTO `zb_operation_log` VALUES ('548', '1', '测试,部门：产品部,提交新产品，产品ID：134', '2016-01-25 18:11:08');
INSERT INTO `zb_operation_log` VALUES ('549', '53', '添加产品,产品编号为:135', '2016-01-25 18:15:05');
INSERT INTO `zb_operation_log` VALUES ('550', '53', '我是产品专员123更新产品,产品编号为:135', '2016-01-25 18:17:13');
INSERT INTO `zb_operation_log` VALUES ('551', '53', '我是产品专员123,部门：产品部,提交新产品，产品ID：135', '2016-01-25 18:24:43');
INSERT INTO `zb_operation_log` VALUES ('552', '1', '删除待办事项，消息ID：1', '2016-01-25 18:31:49');
INSERT INTO `zb_operation_log` VALUES ('553', '1', '删除待办事项，消息ID：1', '2016-01-25 18:32:28');
INSERT INTO `zb_operation_log` VALUES ('554', '53', '产品部提交合同成功，产品ID：135', '2016-01-25 18:29:38');
INSERT INTO `zb_operation_log` VALUES ('555', '65', '法务 产品审核区，通过操作!产品ID：135', '2016-01-25 18:31:11');
INSERT INTO `zb_operation_log` VALUES ('556', '59', '我是产品专员1234,部门：产品部,提交新产品，产品ID：135', '2016-01-26 10:51:30');
INSERT INTO `zb_operation_log` VALUES ('557', '59', '产品部提交合同成功，产品ID：61', '2016-01-26 10:55:30');
INSERT INTO `zb_operation_log` VALUES ('558', '65', '法务 产品审核区，退回操作', '2016-01-26 10:56:14');
INSERT INTO `zb_operation_log` VALUES ('559', '53', '添加产品,产品编号为:136', '2016-01-26 11:05:06');
INSERT INTO `zb_operation_log` VALUES ('560', '53', '我是产品专员123更新产品,产品编号为:136', '2016-01-26 11:07:08');
INSERT INTO `zb_operation_log` VALUES ('561', '53', '我是产品专员123,部门：产品部,提交新产品，产品ID：136', '2016-01-26 11:07:13');
INSERT INTO `zb_operation_log` VALUES ('562', '53', '产品部提交合同成功，产品ID：136', '2016-01-26 11:50:12');
INSERT INTO `zb_operation_log` VALUES ('563', '65', '法务 产品审核区，通过操作!产品ID：136', '2016-01-26 11:50:59');
INSERT INTO `zb_operation_log` VALUES ('564', '53', '添加产品,产品编号为:137', '2016-01-26 13:36:58');
INSERT INTO `zb_operation_log` VALUES ('565', '53', '我是产品专员123更新产品,产品编号为:137', '2016-01-26 13:46:03');
INSERT INTO `zb_operation_log` VALUES ('566', '53', '我是产品专员123,部门：产品部,提交新产品，产品ID：137', '2016-01-26 13:46:08');
INSERT INTO `zb_operation_log` VALUES ('567', '1', '添加产品,产品编号为:138', '2016-01-26 14:22:16');
INSERT INTO `zb_operation_log` VALUES ('568', '1', '测试更新产品,产品编号为:138', '2016-01-26 14:22:38');
INSERT INTO `zb_operation_log` VALUES ('569', '1', '添加产品,产品编号为:139', '2016-01-26 14:23:47');
INSERT INTO `zb_operation_log` VALUES ('570', '1', '添加产品,产品编号为:140', '2016-01-26 14:24:39');
INSERT INTO `zb_operation_log` VALUES ('571', '1', '测试更新产品,产品编号为:140', '2016-01-26 14:27:36');
INSERT INTO `zb_operation_log` VALUES ('572', '1', '测试更新产品,产品编号为:139', '2016-01-26 14:28:26');
INSERT INTO `zb_operation_log` VALUES ('573', '1', '测试更新产品,产品编号为:138', '2016-01-26 14:28:48');
INSERT INTO `zb_operation_log` VALUES ('574', '1', '测试更新产品,产品编号为:138', '2016-01-26 14:29:05');
INSERT INTO `zb_operation_log` VALUES ('575', '1', '测试,部门：产品部,提交新产品，产品ID：140', '2016-01-26 14:31:06');
INSERT INTO `zb_operation_log` VALUES ('576', '1', '测试,部门：产品部,提交新产品，产品ID：139', '2016-01-26 14:31:11');
INSERT INTO `zb_operation_log` VALUES ('577', '1', '测试,部门：产品部,提交新产品，产品ID：138', '2016-01-26 14:31:15');
INSERT INTO `zb_operation_log` VALUES ('578', '1', '产品部测试撤销产品：产品ID为:125', '2016-01-26 14:32:00');
INSERT INTO `zb_operation_log` VALUES ('579', '54', '产品部提交合同成功，产品ID：140', '2016-01-26 15:16:06');
INSERT INTO `zb_operation_log` VALUES ('580', '54', '产品部提交合同成功，产品ID：139', '2016-01-26 15:16:10');
INSERT INTO `zb_operation_log` VALUES ('581', '54', '产品部提交合同成功，产品ID：138', '2016-01-26 15:16:14');
INSERT INTO `zb_operation_log` VALUES ('582', '56', '法务 产品审核区，通过操作!产品ID：139', '2016-01-26 15:18:01');
INSERT INTO `zb_operation_log` VALUES ('583', '56', '法务 产品审核区，通过操作!产品ID：140', '2016-01-26 15:18:04');
INSERT INTO `zb_operation_log` VALUES ('584', '56', '法务 产品审核区，通过操作!产品ID：138', '2016-01-26 15:18:07');
INSERT INTO `zb_operation_log` VALUES ('585', '1', '测试，开始用户帐号', '2016-01-27 11:27:32');
INSERT INTO `zb_operation_log` VALUES ('586', '1', '测试，开始用户帐号', '2016-01-27 11:26:55');
INSERT INTO `zb_operation_log` VALUES ('587', '1', '恢复公告，公告ID：3', '2016-01-27 11:45:52');
INSERT INTO `zb_operation_log` VALUES ('588', '1', '恢复公告，公告ID：3', '2016-01-27 11:49:06');
INSERT INTO `zb_operation_log` VALUES ('589', '1', '删除公告，公告ID：3', '2016-01-27 11:56:13');
INSERT INTO `zb_operation_log` VALUES ('590', '1', '添加产品,产品编号为:141', '2016-01-27 12:05:11');
INSERT INTO `zb_operation_log` VALUES ('591', '1', '测试，开始用户帐号', '2016-01-27 15:59:07');
INSERT INTO `zb_operation_log` VALUES ('592', '1', '测试，开始用户帐号', '2016-01-27 15:59:47');
INSERT INTO `zb_operation_log` VALUES ('593', '1', '测试，开始用户帐号', '2016-01-27 16:00:44');
INSERT INTO `zb_operation_log` VALUES ('594', '1', '测试，开始用户帐号', '2016-01-27 16:01:16');
INSERT INTO `zb_operation_log` VALUES ('595', '1', '测试，开始用户帐号', '2016-01-27 16:01:41');
INSERT INTO `zb_operation_log` VALUES ('596', '1', '测试，开始用户帐号', '2016-01-27 16:03:52');
INSERT INTO `zb_operation_log` VALUES ('597', '1', '测试，开始用户帐号', '2016-01-27 16:04:54');
INSERT INTO `zb_operation_log` VALUES ('598', '1', '测试，开始用户帐号', '2016-01-27 16:05:17');
INSERT INTO `zb_operation_log` VALUES ('599', '1', '测试，开始用户帐号', '2016-01-27 16:05:46');
INSERT INTO `zb_operation_log` VALUES ('600', '1', '测试，开始用户帐号', '2016-01-27 16:06:12');
INSERT INTO `zb_operation_log` VALUES ('601', '1', '测试，开始用户帐号', '2016-01-27 16:06:40');
INSERT INTO `zb_operation_log` VALUES ('602', '1', '测试，开始用户帐号', '2016-01-27 16:07:02');
INSERT INTO `zb_operation_log` VALUES ('603', '1', '删除公告，公告ID：1', '2016-01-27 18:02:23');
INSERT INTO `zb_operation_log` VALUES ('604', '95', '添加产品,产品编号为:142', '2016-01-27 21:46:02');
INSERT INTO `zb_operation_log` VALUES ('605', '1', '测试：编辑用户帐号【】', '2016-01-27 21:48:36');
INSERT INTO `zb_operation_log` VALUES ('606', '95', '张璞产品更新产品,产品编号为:142', '2016-01-27 23:06:27');
INSERT INTO `zb_operation_log` VALUES ('607', '95', '张璞产品更新产品,产品编号为:142', '2016-01-27 23:06:35');
INSERT INTO `zb_operation_log` VALUES ('608', '95', '张璞产品更新产品,产品编号为:142', '2016-01-27 23:06:53');
INSERT INTO `zb_operation_log` VALUES ('609', '95', '张璞产品更新产品,产品编号为:142', '2016-01-27 23:07:10');
INSERT INTO `zb_operation_log` VALUES ('610', '1', '添加产品,产品编号为:143', '2016-01-27 23:07:59');
INSERT INTO `zb_operation_log` VALUES ('611', '1', '产品部测试撤销产品：产品ID为:143', '2016-01-27 23:08:07');
INSERT INTO `zb_operation_log` VALUES ('612', '95', '张璞产品,部门：产品部,提交新产品，产品ID：142', '2016-01-27 23:08:10');
INSERT INTO `zb_operation_log` VALUES ('613', '95', '产品部张璞产品撤销产品：产品ID为:142', '2016-01-27 23:08:21');
INSERT INTO `zb_operation_log` VALUES ('614', '96', '删除公告，公告ID：31', '2016-01-27 23:09:00');
INSERT INTO `zb_operation_log` VALUES ('615', '95', '添加产品,产品编号为:144', '2016-01-27 23:09:23');
INSERT INTO `zb_operation_log` VALUES ('616', '95', '张璞产品更新产品,产品编号为:144', '2016-01-27 23:09:52');
INSERT INTO `zb_operation_log` VALUES ('617', '95', '张璞产品更新产品,产品编号为:144', '2016-01-27 23:09:59');
INSERT INTO `zb_operation_log` VALUES ('618', '95', '张璞产品,部门：产品部,提交新产品，产品ID：144', '2016-01-27 23:10:05');
INSERT INTO `zb_operation_log` VALUES ('619', '95', '产品部张璞产品撤销产品：产品ID为:144', '2016-01-27 23:10:22');
INSERT INTO `zb_operation_log` VALUES ('620', '95', '添加产品,产品编号为:145', '2016-01-27 23:11:46');
INSERT INTO `zb_operation_log` VALUES ('621', '95', '张璞产品更新产品,产品编号为:145', '2016-01-27 23:11:57');
INSERT INTO `zb_operation_log` VALUES ('622', '95', '张璞产品更新产品,产品编号为:145', '2016-01-27 23:12:03');
INSERT INTO `zb_operation_log` VALUES ('623', '95', '张璞产品,部门：产品部,提交新产品，产品ID：145', '2016-01-27 23:12:10');
INSERT INTO `zb_operation_log` VALUES ('624', '94', '产品部向丽芝做了评分理由及态度,产品编号为：145', '2016-01-27 23:13:38');
INSERT INTO `zb_operation_log` VALUES ('625', '95', '产品部提交合同成功，产品ID：145', '2016-01-27 23:18:03');
INSERT INTO `zb_operation_log` VALUES ('626', '93', '法务 产品审核区，通过操作!产品ID：145', '2016-01-27 23:18:59');
INSERT INTO `zb_operation_log` VALUES ('627', '92', '产品审核通过，产品ID:145', '2016-01-27 23:19:35');
INSERT INTO `zb_operation_log` VALUES ('628', '92', '从上线区起售产品', '2016-01-27 23:21:11');
INSERT INTO `zb_operation_log` VALUES ('629', '92', '从上线区暂停产品', '2016-01-27 23:21:16');
INSERT INTO `zb_operation_log` VALUES ('630', '92', '从上线区暂停产品', '2016-01-27 23:22:24');
INSERT INTO `zb_operation_log` VALUES ('631', '92', '从上线区暂停产品', '2016-01-27 23:22:35');
INSERT INTO `zb_operation_log` VALUES ('632', '92', '分管领导终止产品，产品ID138', '2016-01-27 23:40:14');
INSERT INTO `zb_operation_log` VALUES ('633', '1', '添加产品,产品编号为:146', '2016-01-27 23:40:48');
INSERT INTO `zb_operation_log` VALUES ('634', '1', '产品部测试撤销产品：产品ID为:146', '2016-01-27 23:40:55');
INSERT INTO `zb_operation_log` VALUES ('635', '95', '添加产品,产品编号为:147', '2016-01-28 00:00:13');
INSERT INTO `zb_operation_log` VALUES ('636', '95', '张璞产品更新产品,产品编号为:147', '2016-01-28 00:00:30');
INSERT INTO `zb_operation_log` VALUES ('637', '95', '张璞产品更新产品,产品编号为:147', '2016-01-28 00:00:50');
INSERT INTO `zb_operation_log` VALUES ('638', '95', '张璞产品更新产品,产品编号为:147', '2016-01-28 00:06:25');
INSERT INTO `zb_operation_log` VALUES ('639', '1', '添加产品,产品编号为:148', '2016-01-28 00:06:31');
INSERT INTO `zb_operation_log` VALUES ('640', '95', '张璞产品更新产品,产品编号为:147', '2016-01-28 00:06:52');
INSERT INTO `zb_operation_log` VALUES ('641', '95', '张璞产品,部门：产品部,提交新产品，产品ID：147', '2016-01-28 00:06:57');
INSERT INTO `zb_operation_log` VALUES ('642', '94', '产品部向丽芝做了评分理由及态度,产品编号为：147', '2016-01-28 00:07:46');
INSERT INTO `zb_operation_log` VALUES ('643', '95', '产品部提交合同成功，产品ID：147', '2016-01-28 00:08:17');
INSERT INTO `zb_operation_log` VALUES ('644', '93', '法务审核退回。产品名称：1', '2016-01-28 00:09:04');
INSERT INTO `zb_operation_log` VALUES ('645', '95', '产品部提交合同成功，产品ID：147', '2016-01-28 00:09:24');
INSERT INTO `zb_operation_log` VALUES ('646', '93', '法务 产品审核区，通过操作!产品ID：147', '2016-01-28 00:09:50');
INSERT INTO `zb_operation_log` VALUES ('647', '92', '产品审核通过，产品ID:147', '2016-01-28 00:12:02');
INSERT INTO `zb_operation_log` VALUES ('648', '1', '从上线区下架产品', '2016-01-28 00:12:16');
INSERT INTO `zb_operation_log` VALUES ('649', '95', '添加产品,产品编号为:149', '2016-01-28 00:13:53');
INSERT INTO `zb_operation_log` VALUES ('650', '95', '张璞产品更新产品,产品编号为:149', '2016-01-28 00:14:04');
INSERT INTO `zb_operation_log` VALUES ('651', '95', '张璞产品更新产品,产品编号为:149', '2016-01-28 00:14:12');
INSERT INTO `zb_operation_log` VALUES ('652', '95', '张璞产品更新产品,产品编号为:149', '2016-01-28 00:14:23');
INSERT INTO `zb_operation_log` VALUES ('653', '95', '张璞产品,部门：产品部,提交新产品，产品ID：149', '2016-01-28 00:14:31');
INSERT INTO `zb_operation_log` VALUES ('654', '98', '调研部肖文做了评分理由及态度,产品编号为：149', '2016-01-28 00:16:16');
INSERT INTO `zb_operation_log` VALUES ('655', '95', '产品部提交合同成功，产品ID：149', '2016-01-28 00:16:44');
INSERT INTO `zb_operation_log` VALUES ('656', '93', '法务 产品审核区，通过操作!产品ID：149', '2016-01-28 00:17:14');
INSERT INTO `zb_operation_log` VALUES ('657', '92', '产品审核通过，产品ID:149', '2016-01-28 00:17:24');
INSERT INTO `zb_operation_log` VALUES ('658', '1', '从上线区下架产品', '2016-01-28 00:17:52');
INSERT INTO `zb_operation_log` VALUES ('659', '95', '添加产品,产品编号为:150', '2016-01-28 00:21:33');
INSERT INTO `zb_operation_log` VALUES ('660', '95', '产品部张璞产品撤销产品：产品ID为:150', '2016-01-28 00:21:41');
INSERT INTO `zb_operation_log` VALUES ('661', '1', '产品部测试撤销产品：产品ID为:148', '2016-01-28 00:22:34');
INSERT INTO `zb_operation_log` VALUES ('662', '1', '添加产品,产品编号为:151', '2016-01-28 00:34:20');
INSERT INTO `zb_operation_log` VALUES ('663', '1', '产品部测试撤销产品：产品ID为:141', '2016-01-28 00:52:00');
INSERT INTO `zb_operation_log` VALUES ('664', '1', '产品部测试撤销产品：产品ID为:139', '2016-01-28 00:52:10');
INSERT INTO `zb_operation_log` VALUES ('665', '1', '测试更新产品,产品编号为:151', '2016-01-28 12:40:59');
INSERT INTO `zb_operation_log` VALUES ('666', '1', '测试更新产品,产品编号为:151', '2016-01-28 12:41:24');
INSERT INTO `zb_operation_log` VALUES ('667', '1', '测试更新产品,产品编号为:151', '2016-01-28 12:44:54');
INSERT INTO `zb_operation_log` VALUES ('668', '1', '添加产品,产品编号为:152', '2016-01-28 12:49:23');
INSERT INTO `zb_operation_log` VALUES ('669', '1', '测试更新产品,产品编号为:152', '2016-01-28 12:53:38');
INSERT INTO `zb_operation_log` VALUES ('670', '1', '添加产品,产品编号为:153', '2016-01-28 13:33:36');
INSERT INTO `zb_operation_log` VALUES ('671', '1', '测试更新产品,产品编号为:153', '2016-01-28 13:53:14');
INSERT INTO `zb_operation_log` VALUES ('672', '1', '添加产品,产品编号为:154', '2016-01-28 13:53:38');
INSERT INTO `zb_operation_log` VALUES ('673', '1', '测试更新产品,产品编号为:154', '2016-01-28 13:54:15');
INSERT INTO `zb_operation_log` VALUES ('674', '1', '测试更新产品,产品编号为:154', '2016-01-28 13:54:19');
INSERT INTO `zb_operation_log` VALUES ('675', '1', '测试更新产品,产品编号为:153', '2016-01-28 13:55:11');
INSERT INTO `zb_operation_log` VALUES ('676', '1', '测试更新产品,产品编号为:152', '2016-01-28 13:56:16');
INSERT INTO `zb_operation_log` VALUES ('677', '1', '添加产品,产品编号为:155', '2016-01-28 13:56:43');
INSERT INTO `zb_operation_log` VALUES ('678', '1', '添加产品,产品编号为:156', '2016-01-28 13:58:09');
INSERT INTO `zb_operation_log` VALUES ('679', '1', '测试更新产品,产品编号为:156', '2016-01-28 13:58:19');
INSERT INTO `zb_operation_log` VALUES ('680', '1', '测试更新产品,产品编号为:156', '2016-01-28 13:58:59');
INSERT INTO `zb_operation_log` VALUES ('681', '1', '产品部提交合同成功，产品ID：131', '2016-01-28 13:58:35');
INSERT INTO `zb_operation_log` VALUES ('682', '1', '法务审核退回。产品名称：母婴之家', '2016-01-28 14:06:44');
INSERT INTO `zb_operation_log` VALUES ('683', '1', '添加产品,产品编号为:157', '2016-01-28 14:11:33');
INSERT INTO `zb_operation_log` VALUES ('684', '1', '测试更新产品,产品编号为:157', '2016-01-28 14:11:39');
INSERT INTO `zb_operation_log` VALUES ('685', '1', '测试更新产品,产品编号为:157', '2016-01-28 14:15:25');
INSERT INTO `zb_operation_log` VALUES ('686', '1', '测试更新产品,产品编号为:157', '2016-01-28 14:17:06');
INSERT INTO `zb_operation_log` VALUES ('687', '1', '测试,部门：产品部,提交新产品，产品ID：157', '2016-01-28 14:17:13');
INSERT INTO `zb_operation_log` VALUES ('688', '1', '产品部提交合同成功，产品ID：131', '2016-01-28 14:15:18');
INSERT INTO `zb_operation_log` VALUES ('689', '1', '法务审核退回。产品名称：母婴之家', '2016-01-28 14:15:34');
INSERT INTO `zb_operation_log` VALUES ('690', '1', '从上线区下架产品', '2016-01-28 14:27:03');
INSERT INTO `zb_operation_log` VALUES ('691', '1', '从上线区下架产品', '2016-01-28 14:28:24');
INSERT INTO `zb_operation_log` VALUES ('692', '1', '产品部提交合同成功，产品ID：72', '2016-01-28 14:38:24');
INSERT INTO `zb_operation_log` VALUES ('693', '1', '产品部提交合同成功，产品ID：131', '2016-01-28 14:38:34');
INSERT INTO `zb_operation_log` VALUES ('694', '1', '产品部测试撤销产品：产品ID为:94', '2016-01-28 14:48:25');
INSERT INTO `zb_operation_log` VALUES ('695', '1', '产品部测试撤销产品：产品ID为:155', '2016-01-28 14:52:42');
INSERT INTO `zb_operation_log` VALUES ('696', '1', '测试,部门：产品部,提交新产品，产品ID：134', '2016-01-28 14:53:21');
INSERT INTO `zb_operation_log` VALUES ('697', '95', '产品部张璞产品撤销产品：产品ID为:147', '2016-01-28 15:12:16');
INSERT INTO `zb_operation_log` VALUES ('698', '95', '添加产品,产品编号为:158', '2016-01-28 15:12:56');
INSERT INTO `zb_operation_log` VALUES ('699', '95', '张璞产品更新产品,产品编号为:158', '2016-01-28 15:17:38');
INSERT INTO `zb_operation_log` VALUES ('700', '95', '张璞产品更新产品,产品编号为:158', '2016-01-28 15:20:31');
INSERT INTO `zb_operation_log` VALUES ('701', '95', '张璞产品,部门：产品部,提交新产品，产品ID：158', '2016-01-28 15:29:43');
INSERT INTO `zb_operation_log` VALUES ('702', '94', '产品部向丽芝做了评分理由及态度,产品编号为：158', '2016-01-28 15:31:16');
INSERT INTO `zb_operation_log` VALUES ('703', '93', '法务 产品审核区，通过操作!产品ID：131', '2016-01-28 15:31:51');
INSERT INTO `zb_operation_log` VALUES ('704', '95', '张璞产品,部门：产品部,提交新产品，产品ID：158', '2016-01-28 15:33:08');
INSERT INTO `zb_operation_log` VALUES ('705', '1', '添加产品,产品编号为:159', '2016-01-28 15:43:47');
INSERT INTO `zb_operation_log` VALUES ('706', '94', '产品部向丽芝做了评分理由及态度,产品编号为：158', '2016-01-28 15:44:57');
INSERT INTO `zb_operation_log` VALUES ('707', '95', '张璞产品,部门：产品部,提交新产品，产品ID：158', '2016-01-28 15:46:21');
INSERT INTO `zb_operation_log` VALUES ('708', '95', '张璞产品,部门：产品部,提交新产品，产品ID：158', '2016-01-28 15:47:58');
INSERT INTO `zb_operation_log` VALUES ('709', '94', '产品部向丽芝做了评分理由及态度,产品编号为：158', '2016-01-28 15:48:40');
INSERT INTO `zb_operation_log` VALUES ('710', '95', '张璞产品,部门：产品部,提交新产品，产品ID：158', '2016-01-28 15:49:21');
INSERT INTO `zb_operation_log` VALUES ('711', '94', '产品部向丽芝做了评分理由及态度,产品编号为：158', '2016-01-28 15:49:52');
INSERT INTO `zb_operation_log` VALUES ('712', '95', '产品部提交合同成功，产品ID：158', '2016-01-28 15:51:02');
INSERT INTO `zb_operation_log` VALUES ('713', '1', '产品部测试做了评分理由及态度,产品编号为：70', '2016-01-28 15:55:16');
INSERT INTO `zb_operation_log` VALUES ('714', '93', '法务 产品审核区，通过操作!产品ID：158', '2016-01-28 15:52:32');
INSERT INTO `zb_operation_log` VALUES ('715', '92', '产品被退回，产品ID158', '2016-01-28 15:53:04');
INSERT INTO `zb_operation_log` VALUES ('716', '95', '添加产品,产品编号为:160', '2016-01-28 15:53:16');
INSERT INTO `zb_operation_log` VALUES ('717', '95', '张璞产品,部门：产品部,提交新产品，产品ID：158', '2016-01-28 15:53:58');
INSERT INTO `zb_operation_log` VALUES ('718', '94', '产品部向丽芝做了评分理由及态度,产品编号为：158', '2016-01-28 15:54:22');
INSERT INTO `zb_operation_log` VALUES ('719', '95', '产品部提交合同成功，产品ID：158', '2016-01-28 15:54:55');
INSERT INTO `zb_operation_log` VALUES ('720', '93', '法务审核退回。产品名称：资邦理财1号', '2016-01-28 15:55:06');
INSERT INTO `zb_operation_log` VALUES ('721', '95', '产品部提交合同成功，产品ID：158', '2016-01-28 15:55:16');
INSERT INTO `zb_operation_log` VALUES ('722', '93', '法务 产品审核区，通过操作!产品ID：158', '2016-01-28 15:56:35');
INSERT INTO `zb_operation_log` VALUES ('723', '92', '产品审核通过，产品ID:158', '2016-01-28 15:58:17');
INSERT INTO `zb_operation_log` VALUES ('724', '1', '添加产品,产品编号为:161', '2016-01-28 16:01:44');
INSERT INTO `zb_operation_log` VALUES ('725', '1', '测试更新产品,产品编号为:161', '2016-01-28 16:02:53');
INSERT INTO `zb_operation_log` VALUES ('726', '1', '从上线区暂停产品', '2016-01-28 16:03:36');
INSERT INTO `zb_operation_log` VALUES ('727', '1', '从上线区下架产品', '2016-01-28 16:03:40');
INSERT INTO `zb_operation_log` VALUES ('728', '1', '从上线区下架产品', '2016-01-28 16:04:18');
INSERT INTO `zb_operation_log` VALUES ('729', '1', '从上线区暂停产品', '2016-01-28 16:04:52');
INSERT INTO `zb_operation_log` VALUES ('730', '1', '从上线区下架产品', '2016-01-28 16:04:56');
INSERT INTO `zb_operation_log` VALUES ('731', '92', '产品审核通过，产品ID:131', '2016-01-28 16:08:39');
INSERT INTO `zb_operation_log` VALUES ('732', '1', '从上线区暂停产品', '2016-01-28 16:08:40');
INSERT INTO `zb_operation_log` VALUES ('733', '1', '从上线区暂停产品', '2016-01-28 16:08:46');
INSERT INTO `zb_operation_log` VALUES ('734', '1', '从上线区下架产品', '2016-01-28 16:08:49');
INSERT INTO `zb_operation_log` VALUES ('735', '1', '从上线区下架产品', '2016-01-28 16:14:58');
INSERT INTO `zb_operation_log` VALUES ('736', '95', '添加产品,产品编号为:164', '2016-01-28 16:16:10');
INSERT INTO `zb_operation_log` VALUES ('737', '95', '张璞产品更新产品,产品编号为:164', '2016-01-28 16:16:56');
INSERT INTO `zb_operation_log` VALUES ('738', '95', '张璞产品更新产品,产品编号为:164', '2016-01-28 16:16:59');
INSERT INTO `zb_operation_log` VALUES ('739', '95', '张璞产品更新产品,产品编号为:164', '2016-01-28 16:20:01');
INSERT INTO `zb_operation_log` VALUES ('740', '95', '张璞产品更新产品,产品编号为:164', '2016-01-28 16:20:03');
INSERT INTO `zb_operation_log` VALUES ('741', '95', '张璞产品更新产品,产品编号为:164', '2016-01-28 16:20:05');
INSERT INTO `zb_operation_log` VALUES ('742', '95', '张璞产品更新产品,产品编号为:164', '2016-01-28 16:21:10');
INSERT INTO `zb_operation_log` VALUES ('743', '95', '张璞产品更新产品,产品编号为:164', '2016-01-28 16:21:39');
INSERT INTO `zb_operation_log` VALUES ('744', '95', '张璞产品更新产品,产品编号为:164', '2016-01-28 16:24:09');
INSERT INTO `zb_operation_log` VALUES ('745', '95', '张璞产品更新产品,产品编号为:164', '2016-01-28 16:24:28');
INSERT INTO `zb_operation_log` VALUES ('746', '95', '张璞产品,部门：产品部,提交新产品，产品ID：164', '2016-01-28 16:24:35');
INSERT INTO `zb_operation_log` VALUES ('747', '95', '产品部张璞产品撤销产品：产品ID为:160', '2016-01-28 16:26:17');
INSERT INTO `zb_operation_log` VALUES ('748', '93', '法务 产品审核区，通过操作!产品ID：72', '2016-01-28 16:27:33');
INSERT INTO `zb_operation_log` VALUES ('749', '95', '添加产品,产品编号为:165', '2016-01-28 16:30:14');
INSERT INTO `zb_operation_log` VALUES ('750', '95', '张璞产品更新产品,产品编号为:165', '2016-01-28 16:30:29');
INSERT INTO `zb_operation_log` VALUES ('751', '95', '张璞产品更新产品,产品编号为:165', '2016-01-28 16:30:57');
INSERT INTO `zb_operation_log` VALUES ('752', '95', '张璞产品更新产品,产品编号为:165', '2016-01-28 16:31:27');
INSERT INTO `zb_operation_log` VALUES ('753', '95', '张璞产品更新产品,产品编号为:165', '2016-01-28 16:32:06');
INSERT INTO `zb_operation_log` VALUES ('754', '95', '张璞产品,部门：产品部,提交新产品，产品ID：165', '2016-01-28 16:32:11');
INSERT INTO `zb_operation_log` VALUES ('755', '98', '调研部肖文做了评分理由及态度,产品编号为：165', '2016-01-28 16:37:45');
INSERT INTO `zb_operation_log` VALUES ('756', '95', '产品部提交合同成功，产品ID：165', '2016-01-28 16:38:34');
INSERT INTO `zb_operation_log` VALUES ('757', '93', '法务审核退回。产品名称：1月28日', '2016-01-28 16:39:24');
INSERT INTO `zb_operation_log` VALUES ('758', '95', '产品部提交合同成功，产品ID：165', '2016-01-28 16:39:57');
INSERT INTO `zb_operation_log` VALUES ('759', '93', '法务 产品审核区，通过操作!产品ID：165', '2016-01-28 16:41:45');
INSERT INTO `zb_operation_log` VALUES ('760', '92', '产品审核通过，产品ID:165', '2016-01-28 16:50:11');
INSERT INTO `zb_operation_log` VALUES ('761', '96', '吴玉海为编号为165的产品编辑费率方案', '2016-01-28 16:51:50');
INSERT INTO `zb_operation_log` VALUES ('762', '96', '吴玉海为编号为165的产品编辑费率方案', '2016-01-28 16:53:58');
INSERT INTO `zb_operation_log` VALUES ('763', '96', '吴玉海为编号为165的产品编辑费率方案', '2016-01-28 16:57:44');
INSERT INTO `zb_operation_log` VALUES ('764', '1', '测试：编辑用户帐号【】', '2016-01-29 11:27:29');
INSERT INTO `zb_operation_log` VALUES ('765', '1', '测试为编号为145的产品编辑费率方案', '2016-01-29 12:11:04');
INSERT INTO `zb_operation_log` VALUES ('766', '1', '从上线区暂停产品', '2016-01-29 14:52:39');
INSERT INTO `zb_operation_log` VALUES ('767', '1', '从上线区下架产品', '2016-01-29 14:52:46');
INSERT INTO `zb_operation_log` VALUES ('768', '1', '产品部提交合同成功，产品ID：130', '2016-01-29 14:58:51');
INSERT INTO `zb_operation_log` VALUES ('769', '1', '从上线区暂停产品', '2016-01-29 16:15:39');
INSERT INTO `zb_operation_log` VALUES ('770', '1', '从上线区起售产品', '2016-01-29 16:15:47');
INSERT INTO `zb_operation_log` VALUES ('771', '1', '从上线区暂停产品', '2016-01-29 16:15:49');
INSERT INTO `zb_operation_log` VALUES ('772', '1', '产品被退回，产品ID72', '2016-01-29 16:38:47');
INSERT INTO `zb_operation_log` VALUES ('773', '1', '法务 产品审核区，通过操作!产品ID：130', '2016-01-29 16:45:06');
INSERT INTO `zb_operation_log` VALUES ('774', '1', '产品被退回，产品ID130', '2016-01-29 16:45:16');
INSERT INTO `zb_operation_log` VALUES ('775', '1', '产品部提交合同成功，产品ID：75', '2016-01-29 16:55:48');
INSERT INTO `zb_operation_log` VALUES ('776', '1', '法务 产品审核区，通过操作!产品ID：75', '2016-01-29 16:56:18');
INSERT INTO `zb_operation_log` VALUES ('777', '1', '产品被退回，产品ID75', '2016-01-29 16:56:37');
INSERT INTO `zb_operation_log` VALUES ('778', '1', '测试更新产品,产品编号为:75', '2016-01-29 16:58:32');
INSERT INTO `zb_operation_log` VALUES ('779', '1', '测试,部门：开发部,提交新产品，产品ID：75', '2016-01-29 16:58:39');
INSERT INTO `zb_operation_log` VALUES ('780', '1', '产品部提交合同成功，产品ID：71', '2016-01-29 17:00:36');
INSERT INTO `zb_operation_log` VALUES ('781', '1', '法务审核退回。产品名称：博动影视基金', '2016-01-29 17:01:26');
INSERT INTO `zb_operation_log` VALUES ('782', '1', '产品部提交合同成功，产品ID：71', '2016-01-29 17:01:58');
INSERT INTO `zb_operation_log` VALUES ('783', '1', '法务 产品审核区，通过操作!产品ID：71', '2016-01-29 17:02:02');
INSERT INTO `zb_operation_log` VALUES ('784', '1', '产品审核通过，产品ID:71', '2016-01-29 17:10:45');
INSERT INTO `zb_operation_log` VALUES ('785', '1', '产品部提交合同成功，产品ID：68', '2016-01-29 17:30:13');
INSERT INTO `zb_operation_log` VALUES ('786', '1', '法务 产品审核区，通过操作!产品ID：68', '2016-01-29 17:30:43');
INSERT INTO `zb_operation_log` VALUES ('787', '1', '添加产品,产品编号为:166', '2016-01-29 17:33:43');
INSERT INTO `zb_operation_log` VALUES ('788', '1', '测试更新产品,产品编号为:166', '2016-01-29 17:40:10');
INSERT INTO `zb_operation_log` VALUES ('789', '1', '测试更新产品,产品编号为:166', '2016-01-29 17:41:00');
INSERT INTO `zb_operation_log` VALUES ('790', '1', '测试更新产品,产品编号为:166', '2016-01-29 17:41:33');
INSERT INTO `zb_operation_log` VALUES ('791', '1', '测试,部门：产品部,提交新产品，产品ID：166', '2016-01-29 17:43:43');
INSERT INTO `zb_operation_log` VALUES ('792', '1', '测试更新产品,产品编号为:166', '2016-01-29 18:00:32');
INSERT INTO `zb_operation_log` VALUES ('793', '1', '测试,部门：开发部,提交新产品，产品ID：166', '2016-01-29 18:00:40');
INSERT INTO `zb_operation_log` VALUES ('794', '98', '调研部肖文做了评分理由及态度,产品编号为：166', '2016-01-29 18:03:50');
INSERT INTO `zb_operation_log` VALUES ('795', '1', '产品部提交合同成功，产品ID：166', '2016-01-29 18:05:16');
INSERT INTO `zb_operation_log` VALUES ('796', '93', '法务 产品审核区，通过操作!产品ID：166', '2016-01-29 18:14:52');
INSERT INTO `zb_operation_log` VALUES ('797', '92', '产品被退回，产品ID166', '2016-01-29 18:16:28');
INSERT INTO `zb_operation_log` VALUES ('798', '94', '向丽芝,部门：产品部,提交新产品，产品ID：166', '2016-01-29 18:19:03');
INSERT INTO `zb_operation_log` VALUES ('799', '98', '调研部肖文做了评分理由及态度,产品编号为：166', '2016-01-29 18:45:53');
INSERT INTO `zb_operation_log` VALUES ('800', '1', '产品部提交合同成功，产品ID：166', '2016-01-29 19:10:28');
INSERT INTO `zb_operation_log` VALUES ('801', '93', '法务 产品审核区，通过操作!产品ID：166', '2016-01-29 19:16:33');
INSERT INTO `zb_operation_log` VALUES ('802', '1', '产品审核通过，产品ID:166', '2016-01-29 19:17:52');
INSERT INTO `zb_operation_log` VALUES ('803', '1', '测试为编号为166的产品编辑费率方案', '2016-01-29 19:19:11');
INSERT INTO `zb_operation_log` VALUES ('804', '1', '测试为编号为166的产品编辑费率方案', '2016-01-29 19:36:41');
INSERT INTO `zb_operation_log` VALUES ('805', '1', '测试为编号为166的产品编辑费率方案', '2016-01-29 19:41:39');
INSERT INTO `zb_operation_log` VALUES ('806', '1', '测试为编号为149的产品编辑费率方案', '2016-01-29 20:41:44');
INSERT INTO `zb_operation_log` VALUES ('807', '1', '测试为编号为60的产品编辑费率方案', '2016-01-29 20:50:38');
INSERT INTO `zb_operation_log` VALUES ('808', '1', '测试为编号为147的产品编辑费率方案', '2016-01-29 21:02:26');
INSERT INTO `zb_operation_log` VALUES ('809', '1', '测试为编号为145的产品编辑费率方案', '2016-01-29 21:05:16');
INSERT INTO `zb_operation_log` VALUES ('810', '1', '用户：测试 部门：开发部 , 修改登陆密码。', '2016-01-29 21:05:07');
INSERT INTO `zb_operation_log` VALUES ('811', '1', '用户：测试 部门：开发部 , 修改登陆密码。', '2016-01-29 21:17:56');
INSERT INTO `zb_operation_log` VALUES ('812', '1', '添加产品,产品编号为:1', '2016-01-29 23:43:15');
INSERT INTO `zb_operation_log` VALUES ('813', '1', '添加产品,产品编号为:2', '2016-02-01 09:47:31');
INSERT INTO `zb_operation_log` VALUES ('814', '1', '测试更新产品,产品编号为:2', '2016-02-01 09:47:58');
INSERT INTO `zb_operation_log` VALUES ('815', '1', '测试,部门：开发部,提交新产品，产品ID：2', '2016-02-01 09:48:03');
INSERT INTO `zb_operation_log` VALUES ('816', '63', '调研部test3009做了评分理由及态度,产品编号为：2', '2016-02-01 09:50:13');
INSERT INTO `zb_operation_log` VALUES ('817', '53', '产品部提交合同成功，产品ID：2', '2016-02-01 09:51:24');
INSERT INTO `zb_operation_log` VALUES ('818', '65', '法务 产品审核区，通过操作!产品ID：2', '2016-02-01 10:00:52');
INSERT INTO `zb_operation_log` VALUES ('819', '1', '产品审核通过，产品ID:2', '2016-02-01 10:07:12');
INSERT INTO `zb_operation_log` VALUES ('820', '73', 'PP电影为编号为2的产品编辑费率方案', '2016-02-01 10:12:06');
INSERT INTO `zb_operation_log` VALUES ('821', '73', 'PP电影为编号为2的产品编辑费率方案', '2016-02-01 10:21:53');
INSERT INTO `zb_operation_log` VALUES ('822', '73', 'PP电影为编号为2的产品编辑费率方案', '2016-02-01 10:35:58');
INSERT INTO `zb_operation_log` VALUES ('823', '1', '测试更新产品,产品编号为:1', '2016-02-01 10:38:31');
INSERT INTO `zb_operation_log` VALUES ('824', '1', '测试,部门：开发部,提交新产品，产品ID：1', '2016-02-01 10:39:10');
INSERT INTO `zb_operation_log` VALUES ('825', '53', '添加产品,产品编号为:3', '2016-02-01 10:42:29');
INSERT INTO `zb_operation_log` VALUES ('826', '53', '我是产品专员123更新产品,产品编号为:3', '2016-02-01 10:42:46');
INSERT INTO `zb_operation_log` VALUES ('827', '53', '我是产品专员123,部门：产品部,提交新产品，产品ID：3', '2016-02-01 10:42:58');
INSERT INTO `zb_operation_log` VALUES ('828', '59', '产品部我是产品专员1234做了评分理由及态度,产品编号为：3', '2016-02-01 10:47:45');
INSERT INTO `zb_operation_log` VALUES ('829', '53', '产品部提交合同成功，产品ID：3', '2016-02-01 10:49:17');
INSERT INTO `zb_operation_log` VALUES ('830', '65', '法务 产品审核区，通过操作!产品ID：3', '2016-02-01 10:56:50');
INSERT INTO `zb_operation_log` VALUES ('831', '63', '产品审核通过，产品ID:3', '2016-02-01 11:06:03');
INSERT INTO `zb_operation_log` VALUES ('832', '73', 'PP电影为编号为3的产品编辑费率方案', '2016-02-01 11:07:23');
INSERT INTO `zb_operation_log` VALUES ('833', '53', '添加产品,产品编号为:4', '2016-02-01 11:13:28');
INSERT INTO `zb_operation_log` VALUES ('834', '53', '我是产品专员123更新产品,产品编号为:4', '2016-02-01 11:13:45');
INSERT INTO `zb_operation_log` VALUES ('835', '53', '我是产品专员123,部门：产品部,提交新产品，产品ID：4', '2016-02-01 11:13:55');
INSERT INTO `zb_operation_log` VALUES ('836', '63', '调研部test3009做了评分理由及态度,产品编号为：4', '2016-02-01 11:16:20');
INSERT INTO `zb_operation_log` VALUES ('837', '53', '产品部提交合同成功，产品ID：4', '2016-02-01 11:17:11');
INSERT INTO `zb_operation_log` VALUES ('838', '65', '法务 产品审核区，通过操作!产品ID：4', '2016-02-01 11:17:41');
INSERT INTO `zb_operation_log` VALUES ('839', '63', '产品被退回，产品ID4', '2016-02-01 11:19:09');
INSERT INTO `zb_operation_log` VALUES ('840', '53', '我是产品专员123,部门：产品部,提交新产品，产品ID：4', '2016-02-01 11:20:40');
INSERT INTO `zb_operation_log` VALUES ('841', '59', '产品部我是产品专员1234做了评分理由及态度,产品编号为：4', '2016-02-01 11:22:47');
INSERT INTO `zb_operation_log` VALUES ('842', '63', '分管领导终止产品，产品ID4', '2016-02-01 11:23:54');
INSERT INTO `zb_operation_log` VALUES ('843', '59', '我是产品专员1234,部门：产品部,提交新产品，产品ID：4', '2016-02-01 11:29:38');
INSERT INTO `zb_operation_log` VALUES ('844', '63', '调研部test3009做了评分理由及态度,产品编号为：4', '2016-02-01 11:30:57');
INSERT INTO `zb_operation_log` VALUES ('845', '53', '产品部提交合同成功，产品ID：4', '2016-02-01 11:31:27');
INSERT INTO `zb_operation_log` VALUES ('846', '65', '法务 产品审核区，通过操作!产品ID：4', '2016-02-01 11:32:46');
INSERT INTO `zb_operation_log` VALUES ('847', '63', '产品审核通过，产品ID:4', '2016-02-01 11:33:10');
INSERT INTO `zb_operation_log` VALUES ('848', '1', '删除公告，公告ID：3', '2016-02-01 11:35:39');
INSERT INTO `zb_operation_log` VALUES ('849', '63', '从上线区暂停产品', '2016-02-01 11:36:31');
INSERT INTO `zb_operation_log` VALUES ('850', '63', '从上线区起售产品', '2016-02-01 11:37:52');
INSERT INTO `zb_operation_log` VALUES ('851', '63', '从上线区暂停产品', '2016-02-01 11:38:15');
INSERT INTO `zb_operation_log` VALUES ('852', '63', '从上线区下架产品', '2016-02-01 11:38:22');
INSERT INTO `zb_operation_log` VALUES ('853', '94', '产品部向丽芝做了评分理由及态度,产品编号为：1', '2016-02-01 11:52:43');
INSERT INTO `zb_operation_log` VALUES ('854', '1', '删除公告，公告ID：5', '2016-02-01 11:59:14');
INSERT INTO `zb_operation_log` VALUES ('855', '1', '删除公告，公告ID：4', '2016-02-01 12:19:19');
INSERT INTO `zb_operation_log` VALUES ('856', '1', '删除公告，公告ID：2', '2016-02-01 12:20:29');
INSERT INTO `zb_operation_log` VALUES ('857', '1', '恢复公告，公告ID：2', '2016-02-01 12:21:02');
INSERT INTO `zb_operation_log` VALUES ('858', '1', '删除公告，公告ID：2', '2016-02-01 12:21:15');
INSERT INTO `zb_operation_log` VALUES ('859', '1', '恢复公告，公告ID：2', '2016-02-01 12:22:19');
INSERT INTO `zb_operation_log` VALUES ('860', '1', '删除公告，公告ID：2', '2016-02-01 12:22:30');
INSERT INTO `zb_operation_log` VALUES ('861', '1', '恢复公告，公告ID：2', '2016-02-01 12:23:30');
INSERT INTO `zb_operation_log` VALUES ('862', '1', '删除公告，公告ID：2', '2016-02-01 12:23:41');
INSERT INTO `zb_operation_log` VALUES ('863', '1', '删除公告，公告ID：7', '2016-02-01 13:34:06');
INSERT INTO `zb_operation_log` VALUES ('864', '1', '删除公告，公告ID：8', '2016-02-01 13:37:30');
INSERT INTO `zb_operation_log` VALUES ('865', '53', '添加产品,产品编号为:10', '2016-02-01 13:41:27');
INSERT INTO `zb_operation_log` VALUES ('866', '94', '向丽芝更新产品,产品编号为:10', '2016-02-01 13:52:41');
INSERT INTO `zb_operation_log` VALUES ('867', '94', '向丽芝更新产品,产品编号为:10', '2016-02-01 13:52:47');
INSERT INTO `zb_operation_log` VALUES ('868', '94', '向丽芝,部门：产品部,提交新产品，产品ID：10', '2016-02-01 13:52:52');
INSERT INTO `zb_operation_log` VALUES ('869', '1', '产品部提交合同成功，产品ID：1', '2016-02-01 13:54:31');
INSERT INTO `zb_operation_log` VALUES ('870', '1', '法务 产品审核区，通过操作!产品ID：1', '2016-02-01 13:54:52');
INSERT INTO `zb_operation_log` VALUES ('871', '53', '添加产品,产品编号为:11', '2016-02-01 13:57:57');
INSERT INTO `zb_operation_log` VALUES ('872', '53', '添加产品,产品编号为:13', '2016-02-01 14:09:29');
INSERT INTO `zb_operation_log` VALUES ('873', '1', '从上线区暂停产品', '2016-02-01 14:12:23');
INSERT INTO `zb_operation_log` VALUES ('874', '53', '我是产品专员123更新产品,产品编号为:11', '2016-02-01 14:33:08');
INSERT INTO `zb_operation_log` VALUES ('875', '53', '我是产品专员123,部门：产品部,提交新产品，产品ID：11', '2016-02-01 14:33:16');
INSERT INTO `zb_operation_log` VALUES ('876', '63', '调研部test3009做了评分理由及态度,产品编号为：11', '2016-02-01 14:34:57');
INSERT INTO `zb_operation_log` VALUES ('877', '53', '产品部提交合同成功，产品ID：11', '2016-02-01 14:35:55');
INSERT INTO `zb_operation_log` VALUES ('878', '53', '我是产品专员123更新产品,产品编号为:13', '2016-02-01 14:38:18');
INSERT INTO `zb_operation_log` VALUES ('879', '53', '我是产品专员123,部门：产品部,提交新产品，产品ID：13', '2016-02-01 14:38:22');
INSERT INTO `zb_operation_log` VALUES ('880', '63', '调研部test3009做了评分理由及态度,产品编号为：13', '2016-02-01 14:41:06');
INSERT INTO `zb_operation_log` VALUES ('881', '53', '产品部提交合同成功，产品ID：13', '2016-02-01 14:41:57');
INSERT INTO `zb_operation_log` VALUES ('882', '65', '法务 产品审核区，通过操作!产品ID：13', '2016-02-01 14:42:52');
INSERT INTO `zb_operation_log` VALUES ('883', '63', '产品审核通过，产品ID:13', '2016-02-01 14:43:51');
INSERT INTO `zb_operation_log` VALUES ('884', '1', '恢复公告，公告ID：7', '2016-02-01 14:59:20');
INSERT INTO `zb_operation_log` VALUES ('885', '1', '删除公告，公告ID：7', '2016-02-01 14:59:27');
INSERT INTO `zb_operation_log` VALUES ('886', '1', '删除公告，公告ID：9', '2016-02-01 14:59:59');
INSERT INTO `zb_operation_log` VALUES ('887', '1', '恢复公告，公告ID：9', '2016-02-01 15:00:03');
INSERT INTO `zb_operation_log` VALUES ('888', '1', '删除公告，公告ID：10', '2016-02-01 15:01:24');
INSERT INTO `zb_operation_log` VALUES ('889', '1', '恢复公告，公告ID：10', '2016-02-01 15:01:34');
INSERT INTO `zb_operation_log` VALUES ('890', '1', '删除公告，公告ID：13', '2016-02-01 15:22:52');
INSERT INTO `zb_operation_log` VALUES ('891', '1', '删除公告，公告ID：12', '2016-02-01 15:23:13');
INSERT INTO `zb_operation_log` VALUES ('892', '1', '删除公告，公告ID：1', '2016-02-01 15:24:12');
INSERT INTO `zb_operation_log` VALUES ('893', '1', '删除公告，公告ID：15', '2016-02-01 15:25:58');
INSERT INTO `zb_operation_log` VALUES ('894', '1', '用户：测试 部门：开发部 , 修改登陆密码。', '2016-02-01 18:06:41');
INSERT INTO `zb_operation_log` VALUES ('895', '1', '开发部测试撤销产品：产品ID为:4', '2016-02-02 13:21:02');
INSERT INTO `zb_operation_log` VALUES ('896', '95', '添加产品,产品编号为:14', '2016-02-03 10:58:58');
INSERT INTO `zb_operation_log` VALUES ('897', '95', '张璞产品更新产品,产品编号为:14', '2016-02-03 11:00:21');
INSERT INTO `zb_operation_log` VALUES ('898', '95', '张璞产品更新产品,产品编号为:14', '2016-02-03 11:00:44');
INSERT INTO `zb_operation_log` VALUES ('899', '95', '添加产品,产品编号为:15', '2016-02-03 11:02:51');
INSERT INTO `zb_operation_log` VALUES ('900', '95', '张璞产品更新产品,产品编号为:15', '2016-02-03 11:03:07');
INSERT INTO `zb_operation_log` VALUES ('901', '95', '张璞产品更新产品,产品编号为:15', '2016-02-03 11:03:32');
INSERT INTO `zb_operation_log` VALUES ('902', '95', '张璞产品更新产品,产品编号为:15', '2016-02-03 11:03:48');
INSERT INTO `zb_operation_log` VALUES ('903', '95', '张璞产品更新产品,产品编号为:15', '2016-02-03 11:05:49');
INSERT INTO `zb_operation_log` VALUES ('904', '95', '张璞产品,部门：产品部,提交新产品，产品ID：14', '2016-02-03 11:06:37');
INSERT INTO `zb_operation_log` VALUES ('905', '95', '张璞产品,部门：产品部,提交新产品，产品ID：15', '2016-02-03 11:07:07');
INSERT INTO `zb_operation_log` VALUES ('906', '98', '调研部肖文做了评分理由及态度,产品编号为：15', '2016-02-03 11:22:30');
INSERT INTO `zb_operation_log` VALUES ('907', '95', '添加产品,产品编号为:16', '2016-02-03 11:23:28');
INSERT INTO `zb_operation_log` VALUES ('908', '95', '张璞产品更新产品,产品编号为:16', '2016-02-03 11:23:48');
INSERT INTO `zb_operation_log` VALUES ('909', '95', '产品部提交合同成功，产品ID：15', '2016-02-03 11:24:00');
INSERT INTO `zb_operation_log` VALUES ('910', '93', '法务 产品审核区，通过操作!产品ID：15', '2016-02-03 11:25:13');
INSERT INTO `zb_operation_log` VALUES ('911', '92', '产品审核通过，产品ID:15', '2016-02-03 11:28:43');
INSERT INTO `zb_operation_log` VALUES ('912', '92', '产品被退回，产品ID1', '2016-02-03 11:29:16');
INSERT INTO `zb_operation_log` VALUES ('913', '95', '张璞产品,部门：产品部,提交新产品，产品ID：14', '2016-02-03 11:29:42');
INSERT INTO `zb_operation_log` VALUES ('914', '1', '开发部测试做了评分理由及态度,产品编号为：14', '2016-02-03 11:36:23');
INSERT INTO `zb_operation_log` VALUES ('915', '1', '产品被退回，产品ID14', '2016-02-03 11:38:09');
INSERT INTO `zb_operation_log` VALUES ('916', '95', '张璞产品,部门：产品部,提交新产品，产品ID：14', '2016-02-03 11:38:32');
INSERT INTO `zb_operation_log` VALUES ('917', '94', '产品部向丽芝做了评分理由及态度,产品编号为：14', '2016-02-03 11:41:41');
INSERT INTO `zb_operation_log` VALUES ('918', '95', '产品部提交合同成功，产品ID：14', '2016-02-03 11:43:52');
INSERT INTO `zb_operation_log` VALUES ('919', '93', '法务 产品审核区，通过操作!产品ID：14', '2016-02-03 11:45:02');
INSERT INTO `zb_operation_log` VALUES ('920', '96', '吴玉海为编号为15的产品编辑费率方案', '2016-02-03 11:47:48');
INSERT INTO `zb_operation_log` VALUES ('921', '1', '法务审核退回。产品名称：12321', '2016-02-03 12:03:29');
INSERT INTO `zb_operation_log` VALUES ('922', '1', '产品审核通过，产品ID:14', '2016-02-03 13:20:12');
INSERT INTO `zb_operation_log` VALUES ('923', '1', '用户：测试 部门：开发部 , 修改登陆密码。', '2016-02-03 13:46:36');
INSERT INTO `zb_operation_log` VALUES ('924', '1', '用户：测试 部门：开发部 , 修改登陆密码。', '2016-02-03 13:46:50');
INSERT INTO `zb_operation_log` VALUES ('925', '96', '吴玉海为编号为14的产品编辑费率方案', '2016-02-03 13:49:11');
INSERT INTO `zb_operation_log` VALUES ('926', '1', '测试：编辑用户帐号【】', '2016-02-03 13:56:12');
INSERT INTO `zb_operation_log` VALUES ('927', '1', '测试：编辑用户帐号【】', '2016-02-03 13:56:24');
INSERT INTO `zb_operation_log` VALUES ('928', '95', '添加产品,产品编号为:17', '2016-02-03 14:25:07');
INSERT INTO `zb_operation_log` VALUES ('929', '95', '张璞产品更新产品,产品编号为:17', '2016-02-03 14:26:16');
INSERT INTO `zb_operation_log` VALUES ('930', '95', '张璞产品更新产品,产品编号为:17', '2016-02-03 14:26:56');
INSERT INTO `zb_operation_log` VALUES ('931', '95', '张璞产品,部门：产品部,提交新产品，产品ID：17', '2016-02-03 14:28:05');
INSERT INTO `zb_operation_log` VALUES ('932', '95', '添加产品,产品编号为:18', '2016-02-03 14:29:15');
INSERT INTO `zb_operation_log` VALUES ('933', '95', '张璞产品更新产品,产品编号为:18', '2016-02-03 14:30:24');
INSERT INTO `zb_operation_log` VALUES ('934', '95', '产品部张璞产品撤销产品：产品ID为:17', '2016-02-03 14:30:35');
INSERT INTO `zb_operation_log` VALUES ('935', '98', '调研部肖文做了评分理由及态度,产品编号为：17', '2016-02-03 14:31:06');
INSERT INTO `zb_operation_log` VALUES ('936', '95', '添加产品,产品编号为:19', '2016-02-03 14:31:12');
INSERT INTO `zb_operation_log` VALUES ('937', '95', '张璞产品更新产品,产品编号为:19', '2016-02-03 14:31:41');
INSERT INTO `zb_operation_log` VALUES ('938', '95', '产品部张璞产品撤销产品：产品ID为:16', '2016-02-03 14:34:28');
INSERT INTO `zb_operation_log` VALUES ('939', '95', '产品部提交合同成功，产品ID：17', '2016-02-03 14:36:21');
INSERT INTO `zb_operation_log` VALUES ('940', '93', '法务审核退回。产品名称：泽熙2期', '2016-02-03 14:38:25');
INSERT INTO `zb_operation_log` VALUES ('941', '95', '产品部提交合同成功，产品ID：17', '2016-02-03 14:38:38');
INSERT INTO `zb_operation_log` VALUES ('942', '93', '法务 产品审核区，通过操作!产品ID：17', '2016-02-03 14:39:01');
INSERT INTO `zb_operation_log` VALUES ('943', '92', '产品审核通过，产品ID:17', '2016-02-03 14:39:47');
INSERT INTO `zb_operation_log` VALUES ('944', '96', '吴玉海为编号为17的产品编辑费率方案', '2016-02-03 14:41:40');
INSERT INTO `zb_operation_log` VALUES ('945', '96', '吴玉海为编号为17的产品编辑费率方案', '2016-02-03 14:44:51');
INSERT INTO `zb_operation_log` VALUES ('946', '92', '从上线区暂停产品', '2016-02-03 14:47:52');
INSERT INTO `zb_operation_log` VALUES ('947', '92', '从上线区起售产品', '2016-02-03 14:48:00');
INSERT INTO `zb_operation_log` VALUES ('948', '92', '从上线区暂停产品', '2016-02-03 14:48:10');
INSERT INTO `zb_operation_log` VALUES ('949', '92', '从上线区下架产品', '2016-02-03 14:48:14');
INSERT INTO `zb_operation_log` VALUES ('950', '1', '添加产品,产品编号为:20', '2016-02-05 16:25:48');
INSERT INTO `zb_operation_log` VALUES ('951', '1', '测试更新产品,产品编号为:20', '2016-02-05 16:26:00');
INSERT INTO `zb_operation_log` VALUES ('952', '1', '添加产品,产品编号为:21', '2016-02-05 16:26:49');
INSERT INTO `zb_operation_log` VALUES ('953', '1', '测试更新产品,产品编号为:21', '2016-02-05 16:27:07');
INSERT INTO `zb_operation_log` VALUES ('954', '1', '测试更新产品,产品编号为:21', '2016-02-05 16:27:24');
INSERT INTO `zb_operation_log` VALUES ('955', '1', '开发部测试撤销产品：产品ID为:20', '2016-02-05 18:03:17');
INSERT INTO `zb_operation_log` VALUES ('956', '1', '添加产品,产品编号为:22', '2016-02-05 18:20:57');
INSERT INTO `zb_operation_log` VALUES ('957', '1', '测试更新产品,产品编号为:22', '2016-02-05 18:21:08');
INSERT INTO `zb_operation_log` VALUES ('958', '1', '开发部测试撤销产品：产品ID为:22', '2016-02-05 18:26:10');
INSERT INTO `zb_operation_log` VALUES ('959', '1', '添加产品,产品编号为:23', '2016-02-05 18:33:48');
INSERT INTO `zb_operation_log` VALUES ('960', '1', '测试更新产品,产品编号为:23', '2016-02-05 18:34:01');
INSERT INTO `zb_operation_log` VALUES ('961', '1', '测试更新产品,产品编号为:23', '2016-02-05 18:34:35');
INSERT INTO `zb_operation_log` VALUES ('962', '1', '产品部提交合同成功，产品ID：11', '2016-02-19 11:26:04');
INSERT INTO `zb_operation_log` VALUES ('963', '1', '法务 产品审核区，通过操作!产品ID：11', '2016-02-19 11:27:52');
INSERT INTO `zb_operation_log` VALUES ('964', '1', '产品审核通过，产品ID:11', '2016-02-19 11:29:19');
INSERT INTO `zb_operation_log` VALUES ('965', '96', '吴玉海为编号为13的产品编辑费率方案', '2016-02-19 14:18:46');
INSERT INTO `zb_operation_log` VALUES ('966', '1', '添加产品,产品编号为:24', '2016-02-19 15:29:02');
INSERT INTO `zb_operation_log` VALUES ('967', '1', '添加产品,产品编号为:25', '2016-02-19 15:29:25');
INSERT INTO `zb_operation_log` VALUES ('968', '1', '测试更新产品,产品编号为:25', '2016-02-19 15:29:28');
INSERT INTO `zb_operation_log` VALUES ('969', '1', '添加产品,产品编号为:26', '2016-02-19 15:45:02');
INSERT INTO `zb_operation_log` VALUES ('970', '1', '测试更新产品,产品编号为:26', '2016-02-19 15:45:48');
INSERT INTO `zb_operation_log` VALUES ('971', '1', '测试更新产品,产品编号为:21', '2016-02-19 16:46:56');
INSERT INTO `zb_operation_log` VALUES ('972', '1', '开发部测试撤销产品：产品ID为:2', '2016-02-19 16:49:08');
INSERT INTO `zb_operation_log` VALUES ('973', '94', '向丽芝,部门：产品部,提交新产品，产品ID：18', '2016-02-19 17:04:59');
INSERT INTO `zb_operation_log` VALUES ('974', '94', '向丽芝更新产品,产品编号为:19', '2016-02-19 17:07:26');
INSERT INTO `zb_operation_log` VALUES ('975', '94', '添加产品,产品编号为:27', '2016-02-19 17:08:12');
INSERT INTO `zb_operation_log` VALUES ('976', '94', '向丽芝更新产品,产品编号为:27', '2016-02-19 17:08:46');
INSERT INTO `zb_operation_log` VALUES ('977', '1', '测试更新产品,产品编号为:25', '2016-02-19 17:16:52');
INSERT INTO `zb_operation_log` VALUES ('978', '1', '测试更新产品,产品编号为:21', '2016-02-19 17:17:23');
INSERT INTO `zb_operation_log` VALUES ('979', '1', '测试更新产品,产品编号为:21', '2016-02-19 17:40:33');
INSERT INTO `zb_operation_log` VALUES ('980', '1', '开发部测试撤销产品：产品ID为:21,2,1', '2016-02-22 10:02:42');
INSERT INTO `zb_operation_log` VALUES ('981', '1', '开发部测试撤销产品：产品ID为:21,2,1', '2016-02-22 10:02:42');
INSERT INTO `zb_operation_log` VALUES ('982', '1', '开发部测试撤销产品：产品ID为:21,2,1', '2016-02-22 10:02:42');
INSERT INTO `zb_operation_log` VALUES ('983', '1', '从上线区暂停产品', '2016-02-22 10:08:43');
INSERT INTO `zb_operation_log` VALUES ('984', '1', '从上线区下架产品', '2016-02-22 10:08:47');
INSERT INTO `zb_operation_log` VALUES ('985', '1', '测试,部门：开发部,提交新产品，产品ID：1', '2016-02-22 10:17:14');
INSERT INTO `zb_operation_log` VALUES ('986', '98', '调研部肖文做了评分理由及态度,产品编号为：18', '2016-02-22 10:25:25');
INSERT INTO `zb_operation_log` VALUES ('987', '98', '调研部肖文做了评分理由及态度,产品编号为：10', '2016-02-22 10:35:44');
INSERT INTO `zb_operation_log` VALUES ('988', '1', '从上线区暂停产品', '2016-02-22 14:28:32');
INSERT INTO `zb_operation_log` VALUES ('989', '1', '从上线区下架产品', '2016-02-22 14:28:37');
INSERT INTO `zb_operation_log` VALUES ('990', '1', '添加产品,产品编号为:28', '2016-02-22 15:02:07');
INSERT INTO `zb_operation_log` VALUES ('991', '1', '测试更新产品,产品编号为:28', '2016-02-22 15:03:01');
INSERT INTO `zb_operation_log` VALUES ('992', '1', '添加产品,产品编号为:29', '2016-02-22 15:04:58');
INSERT INTO `zb_operation_log` VALUES ('993', '1', '测试更新产品,产品编号为:29', '2016-02-22 15:05:30');
INSERT INTO `zb_operation_log` VALUES ('994', '1', '测试更新产品,产品编号为:29', '2016-02-22 15:05:38');
INSERT INTO `zb_operation_log` VALUES ('995', '1', '添加产品,产品编号为:30', '2016-02-22 15:06:07');
INSERT INTO `zb_operation_log` VALUES ('996', '1', '测试更新产品,产品编号为:30', '2016-02-22 15:06:36');
INSERT INTO `zb_operation_log` VALUES ('997', '1', '添加产品,产品编号为:31', '2016-02-22 15:09:25');
INSERT INTO `zb_operation_log` VALUES ('998', '1', '测试更新产品,产品编号为:31', '2016-02-22 15:10:05');
INSERT INTO `zb_operation_log` VALUES ('999', '1', '添加产品,产品编号为:32', '2016-02-22 16:52:50');
INSERT INTO `zb_operation_log` VALUES ('1000', '1', '测试更新产品,产品编号为:32', '2016-02-22 16:52:55');
INSERT INTO `zb_operation_log` VALUES ('1001', '1', '测试更新产品,产品编号为:22', '2016-02-22 16:54:33');
INSERT INTO `zb_operation_log` VALUES ('1002', '1', '添加产品,产品编号为:33', '2016-02-22 16:56:18');
INSERT INTO `zb_operation_log` VALUES ('1003', '1', '测试更新产品,产品编号为:33', '2016-02-22 16:56:30');
INSERT INTO `zb_operation_log` VALUES ('1004', '1', '添加产品,产品编号为:34', '2016-02-22 16:58:34');
INSERT INTO `zb_operation_log` VALUES ('1005', '1', '测试更新产品,产品编号为:34', '2016-02-22 16:58:58');
INSERT INTO `zb_operation_log` VALUES ('1006', '1', '添加产品,产品编号为:35', '2016-02-22 17:00:19');
INSERT INTO `zb_operation_log` VALUES ('1007', '1', '测试更新产品,产品编号为:35', '2016-02-22 17:00:21');
INSERT INTO `zb_operation_log` VALUES ('1008', '1', '测试更新产品,产品编号为:35', '2016-02-22 17:00:52');
INSERT INTO `zb_operation_log` VALUES ('1009', '1', '测试更新产品,产品编号为:35', '2016-02-22 17:00:56');
INSERT INTO `zb_operation_log` VALUES ('1010', '1', '添加产品,产品编号为:36', '2016-02-22 17:01:28');
INSERT INTO `zb_operation_log` VALUES ('1011', '1', '测试更新产品,产品编号为:36', '2016-02-22 17:02:06');
INSERT INTO `zb_operation_log` VALUES ('1012', '1', '添加产品,产品编号为:37', '2016-02-22 17:02:26');
INSERT INTO `zb_operation_log` VALUES ('1013', '1', '测试更新产品,产品编号为:22', '2016-02-22 17:04:58');
INSERT INTO `zb_operation_log` VALUES ('1014', '1', '测试更新产品,产品编号为:22', '2016-02-22 17:09:05');
INSERT INTO `zb_operation_log` VALUES ('1015', '1', '测试更新产品,产品编号为:22', '2016-02-22 17:11:52');
INSERT INTO `zb_operation_log` VALUES ('1016', '1', '测试更新产品,产品编号为:37', '2016-02-22 17:14:56');
INSERT INTO `zb_operation_log` VALUES ('1017', '1', '测试更新产品,产品编号为:37', '2016-02-22 17:15:13');
INSERT INTO `zb_operation_log` VALUES ('1018', '1', '测试更新产品,产品编号为:37', '2016-02-22 17:15:36');
INSERT INTO `zb_operation_log` VALUES ('1019', '1', '测试更新产品,产品编号为:22', '2016-02-23 14:10:02');
INSERT INTO `zb_operation_log` VALUES ('1020', '1', '测试更新产品,产品编号为:22', '2016-02-23 14:15:03');
INSERT INTO `zb_operation_log` VALUES ('1021', '1', '测试更新产品,产品编号为:22', '2016-02-23 14:15:21');
INSERT INTO `zb_operation_log` VALUES ('1022', '1', '测试更新产品,产品编号为:22', '2016-02-23 14:15:28');
INSERT INTO `zb_operation_log` VALUES ('1023', '1', '测试更新产品,产品编号为:22', '2016-02-23 14:15:35');
INSERT INTO `zb_operation_log` VALUES ('1024', '1', '添加产品,产品编号为:38', '2016-02-23 14:17:10');
INSERT INTO `zb_operation_log` VALUES ('1025', '1', '添加产品,产品编号为:39', '2016-02-23 14:23:38');
INSERT INTO `zb_operation_log` VALUES ('1026', '1', '测试：创建用户帐号【34@163.com】', '2016-02-23 16:11:48');
INSERT INTO `zb_operation_log` VALUES ('1027', '1', '添加产品,产品编号为:40', '2016-02-23 16:18:31');
INSERT INTO `zb_operation_log` VALUES ('1028', '1', '添加产品,产品编号为:41', '2016-02-23 16:32:20');
INSERT INTO `zb_operation_log` VALUES ('1029', '1', '测试更新产品,产品编号为:41', '2016-02-23 16:32:58');
INSERT INTO `zb_operation_log` VALUES ('1030', '1', '测试更新产品,产品编号为:41', '2016-02-23 16:33:14');
INSERT INTO `zb_operation_log` VALUES ('1031', '1', '测试更新产品,产品编号为:22', '2016-02-23 17:17:07');
INSERT INTO `zb_operation_log` VALUES ('1032', '1', '测试更新产品,产品编号为:22', '2016-02-25 13:57:39');
INSERT INTO `zb_operation_log` VALUES ('1033', '1', '从上线区暂停产品', '2016-02-29 18:00:16');
INSERT INTO `zb_operation_log` VALUES ('1034', '1', '从上线区下架产品', '2016-02-29 18:00:20');
INSERT INTO `zb_operation_log` VALUES ('1035', '1', '从上线区暂停产品', '2016-03-01 15:35:08');
INSERT INTO `zb_operation_log` VALUES ('1036', '1', '测试,部门：开发部,提交新产品，产品ID：22', '2016-03-16 14:00:37');
INSERT INTO `zb_operation_log` VALUES ('1037', '1', '测试,部门：开发部,提交新产品，产品ID：19', '2016-03-16 14:28:31');
INSERT INTO `zb_operation_log` VALUES ('1038', '1', '开发部测试撤销产品：产品ID为:21', '2016-03-16 14:52:38');
INSERT INTO `zb_operation_log` VALUES ('1039', '1', '开发部测试撤销产品：产品ID为:20', '2016-03-16 14:53:07');
INSERT INTO `zb_operation_log` VALUES ('1040', '1', '删除待办事项，消息ID：283', '2016-03-18 11:33:54');
INSERT INTO `zb_operation_log` VALUES ('1041', '1', '删除待办事项，消息ID：521', '2016-03-18 11:34:24');
INSERT INTO `zb_operation_log` VALUES ('1042', '1', '删除待办事项，消息ID：596', '2016-03-18 11:38:06');
INSERT INTO `zb_operation_log` VALUES ('1043', '1', '删除待办事项，消息ID：557', '2016-03-18 11:46:37');
INSERT INTO `zb_operation_log` VALUES ('1044', '1', '删除待办事项，消息ID：329', '2016-03-18 11:57:16');
INSERT INTO `zb_operation_log` VALUES ('1045', '1', '删除待办事项，消息ID：504', '2016-03-18 11:58:08');
INSERT INTO `zb_operation_log` VALUES ('1046', '1', '删除待办事项，消息ID：561', '2016-03-18 11:58:38');
INSERT INTO `zb_operation_log` VALUES ('1047', '1', '删除待办事项，消息ID：594', '2016-03-18 12:01:00');
INSERT INTO `zb_operation_log` VALUES ('1048', '1', '测试更新产品,产品编号为:21', '2016-03-18 14:44:54');
INSERT INTO `zb_operation_log` VALUES ('1049', '1', '测试更新产品,产品编号为:21', '2016-03-18 14:49:31');
INSERT INTO `zb_operation_log` VALUES ('1050', '1', '测试更新产品,产品编号为:21', '2016-03-18 15:07:27');
INSERT INTO `zb_operation_log` VALUES ('1051', '1', '开发部测试撤销产品：产品ID为:4', '2016-03-18 15:48:36');
INSERT INTO `zb_operation_log` VALUES ('1052', '1', '开发部测试撤销产品：产品ID为:23', '2016-03-18 16:31:55');
INSERT INTO `zb_operation_log` VALUES ('1053', '1', '开发部测试撤销产品：产品ID为:22', '2016-03-18 16:32:08');
INSERT INTO `zb_operation_log` VALUES ('1054', '1', '开发部测试撤销产品：产品ID为:39', '2016-03-18 16:52:31');
INSERT INTO `zb_operation_log` VALUES ('1055', '1', '删除待办事项，消息ID：519', '2016-03-18 18:21:15');
INSERT INTO `zb_operation_log` VALUES ('1056', '1', '删除待办事项，消息ID：23', '2016-03-21 12:13:26');
INSERT INTO `zb_operation_log` VALUES ('1057', '1', '删除待办事项，消息ID：23', '2016-03-21 12:13:32');
INSERT INTO `zb_operation_log` VALUES ('1058', '1', '删除待办事项，消息ID：558', '2016-03-21 12:13:56');
INSERT INTO `zb_operation_log` VALUES ('1059', '1', '恢复公告，公告ID：13', '2016-03-21 16:46:22');
INSERT INTO `zb_operation_log` VALUES ('1060', '1', '删除公告，公告ID：24', '2016-03-21 16:54:34');
INSERT INTO `zb_operation_log` VALUES ('1061', '1', '删除待办事项，消息ID：598', '2016-03-21 17:06:10');
INSERT INTO `zb_operation_log` VALUES ('1062', '1', '恢复公告，公告ID：3', '2016-03-21 17:42:57');
INSERT INTO `zb_operation_log` VALUES ('1063', '1', '开发部测试撤销产品：产品ID为:21', '2016-03-21 17:45:27');
INSERT INTO `zb_operation_log` VALUES ('1064', '1', '开发部测试撤销产品：产品ID为:19', '2016-03-21 17:48:23');
INSERT INTO `zb_operation_log` VALUES ('1065', '1', '开发部测试撤销产品：产品ID为:16', '2016-03-21 17:48:53');
INSERT INTO `zb_operation_log` VALUES ('1066', '1', '开发部测试撤销产品：产品ID为:15', '2016-03-21 17:49:22');
INSERT INTO `zb_operation_log` VALUES ('1067', '1', '开发部测试撤销产品：产品ID为:14', '2016-03-21 17:50:51');
INSERT INTO `zb_operation_log` VALUES ('1068', '1', '开发部测试撤销产品：产品ID为:11', '2016-03-21 17:52:10');
INSERT INTO `zb_operation_log` VALUES ('1069', '1', '开发部测试撤销产品：产品ID为:13', '2016-03-21 17:53:43');
INSERT INTO `zb_operation_log` VALUES ('1070', '1', '开发部测试撤销产品：产品ID为:3', '2016-03-21 17:56:09');
INSERT INTO `zb_operation_log` VALUES ('1071', '1', '开发部测试撤销产品：产品ID为:1', '2016-03-21 17:56:54');
INSERT INTO `zb_operation_log` VALUES ('1072', '1', '开发部测试撤销产品：产品ID为:17', '2016-03-21 17:57:34');
INSERT INTO `zb_operation_log` VALUES ('1073', '1', '开发部测试撤销产品：产品ID为:2', '2016-03-21 18:00:07');
INSERT INTO `zb_operation_log` VALUES ('1074', '1', '开发部测试撤销产品：产品ID为:18', '2016-03-21 18:04:24');
INSERT INTO `zb_operation_log` VALUES ('1075', '1', '开发部测试撤销产品：产品ID为:41', '2016-03-21 18:05:38');
INSERT INTO `zb_operation_log` VALUES ('1076', '1', '开发部测试撤销产品：产品ID为:40', '2016-03-21 18:06:10');
INSERT INTO `zb_operation_log` VALUES ('1077', '1', '恢复公告，公告ID：5', '2016-03-21 18:07:04');
INSERT INTO `zb_operation_log` VALUES ('1078', '1', '开发部测试撤销产品：产品ID为:38', '2016-03-21 18:07:34');
INSERT INTO `zb_operation_log` VALUES ('1079', '1', '开发部测试撤销产品：产品ID为:37', '2016-03-21 18:08:08');
INSERT INTO `zb_operation_log` VALUES ('1080', '1', '开发部测试撤销产品：产品ID为:36', '2016-03-21 18:09:41');
INSERT INTO `zb_operation_log` VALUES ('1081', '1', '开发部测试撤销产品：产品ID为:34', '2016-03-21 18:10:59');
INSERT INTO `zb_operation_log` VALUES ('1082', '1', '开发部测试撤销产品：产品ID为:25', '2016-03-21 18:12:54');
INSERT INTO `zb_operation_log` VALUES ('1083', '1', '开发部测试撤销产品：产品ID为:24', '2016-03-21 18:14:06');
INSERT INTO `zb_operation_log` VALUES ('1084', '1', '开发部测试撤销产品：产品ID为:10', '2016-03-21 18:17:03');
INSERT INTO `zb_operation_log` VALUES ('1085', '1', '测试,部门：开发部,提交新产品，产品ID：41', '2016-03-22 10:02:25');
INSERT INTO `zb_operation_log` VALUES ('1086', '1', '开发部测试撤销产品：产品ID为:40', '2016-03-22 10:08:26');
INSERT INTO `zb_operation_log` VALUES ('1087', '1', '开发部测试撤销产品：产品ID为:36', '2016-03-22 10:12:26');
INSERT INTO `zb_operation_log` VALUES ('1088', '1', '开发部测试撤销产品：产品ID为:38', '2016-03-22 14:23:32');
INSERT INTO `zb_operation_log` VALUES ('1089', '1', '开发部测试撤销产品：产品ID为:37', '2016-03-22 14:33:31');
INSERT INTO `zb_operation_log` VALUES ('1090', '1', '开发部测试撤销产品：产品ID为:41', '2016-03-22 17:32:09');
INSERT INTO `zb_operation_log` VALUES ('1091', '1', '从上线区起售产品', '2016-03-23 14:10:20');
INSERT INTO `zb_operation_log` VALUES ('1092', '1', '从上线区暂停产品', '2016-03-23 14:26:41');
INSERT INTO `zb_operation_log` VALUES ('1093', '1', '开发部测试撤销产品：产品ID为:38,40', '2016-03-23 15:12:39');
INSERT INTO `zb_operation_log` VALUES ('1094', '1', '开发部测试撤销产品：产品ID为:38,40', '2016-03-23 15:12:39');
INSERT INTO `zb_operation_log` VALUES ('1095', '1', '添加产品,产品编号为:42', '2016-03-23 15:14:08');
INSERT INTO `zb_operation_log` VALUES ('1096', '1', '删除待办事项，消息ID：632', '2016-03-23 15:55:15');
INSERT INTO `zb_operation_log` VALUES ('1097', '1', '删除待办事项，消息ID：634', '2016-03-23 15:55:34');
INSERT INTO `zb_operation_log` VALUES ('1098', '1', '测试更新产品,产品编号为:42', '2016-03-23 15:50:16');
INSERT INTO `zb_operation_log` VALUES ('1099', '1', '删除待办事项，消息ID：631', '2016-03-23 16:02:51');
INSERT INTO `zb_operation_log` VALUES ('1100', '1', '删除待办事项，消息ID：630', '2016-03-23 16:03:00');
INSERT INTO `zb_operation_log` VALUES ('1101', '1', '恢复公告，公告ID：4', '2016-03-23 16:03:46');
INSERT INTO `zb_operation_log` VALUES ('1102', '1', '开发部测试撤销产品：产品ID为:40', '2016-03-23 16:07:50');
INSERT INTO `zb_operation_log` VALUES ('1103', '1', '添加产品,产品编号为:43', '2016-03-25 11:18:29');
INSERT INTO `zb_operation_log` VALUES ('1104', '1', '添加产品,产品编号为:44', '2016-03-25 11:28:24');
INSERT INTO `zb_operation_log` VALUES ('1105', '1', '添加产品,产品编号为:45', '2016-03-25 14:43:16');
INSERT INTO `zb_operation_log` VALUES ('1106', '1', '测试更新产品,产品编号为:39', '2016-03-25 14:44:01');
INSERT INTO `zb_operation_log` VALUES ('1107', '1', '测试更新产品,产品编号为:39', '2016-03-25 14:44:04');
INSERT INTO `zb_operation_log` VALUES ('1108', '1', '测试,部门：开发部,提交新产品，产品ID：39', '2016-03-25 14:44:11');
INSERT INTO `zb_operation_log` VALUES ('1109', '115', '添加产品,产品编号为:46', '2016-03-25 15:11:55');
INSERT INTO `zb_operation_log` VALUES ('1110', '115', '缪小峰更新产品,产品编号为:46', '2016-03-25 15:12:39');
INSERT INTO `zb_operation_log` VALUES ('1111', '1', '添加产品,产品编号为:47', '2016-03-25 16:59:58');
INSERT INTO `zb_operation_log` VALUES ('1112', '1', '测试更新产品,产品编号为:47', '2016-03-25 17:00:01');
INSERT INTO `zb_operation_log` VALUES ('1113', '1', '添加产品,产品编号为:48', '2016-03-25 17:03:46');
INSERT INTO `zb_operation_log` VALUES ('1114', '1', '添加产品,产品编号为:49', '2016-03-25 17:04:41');
INSERT INTO `zb_operation_log` VALUES ('1115', '1', '测试更新产品,产品编号为:49', '2016-03-25 17:04:45');
INSERT INTO `zb_operation_log` VALUES ('1116', '1', '添加产品,产品编号为:50', '2016-03-25 17:05:12');
INSERT INTO `zb_operation_log` VALUES ('1117', '1', '添加产品,产品编号为:51', '2016-03-25 17:06:12');
INSERT INTO `zb_operation_log` VALUES ('1118', '1', '添加产品,产品编号为:52', '2016-03-25 17:12:17');
INSERT INTO `zb_operation_log` VALUES ('1119', '1', '添加产品,产品编号为:53', '2016-03-25 17:18:32');
INSERT INTO `zb_operation_log` VALUES ('1120', '1', '添加产品,产品编号为:54', '2016-03-25 17:34:16');
INSERT INTO `zb_operation_log` VALUES ('1121', '1', '测试更新产品,产品编号为:54', '2016-03-25 17:34:24');
INSERT INTO `zb_operation_log` VALUES ('1122', '1', '添加产品,产品编号为:55', '2016-03-25 17:34:47');
INSERT INTO `zb_operation_log` VALUES ('1123', '1', '测试更新产品,产品编号为:55', '2016-03-25 17:36:19');
INSERT INTO `zb_operation_log` VALUES ('1124', '1', '测试更新产品,产品编号为:55', '2016-03-25 17:36:23');
INSERT INTO `zb_operation_log` VALUES ('1125', '1', '测试更新产品,产品编号为:55', '2016-03-25 17:36:27');
INSERT INTO `zb_operation_log` VALUES ('1126', '1', '测试更新产品,产品编号为:55', '2016-03-25 17:37:02');
INSERT INTO `zb_operation_log` VALUES ('1127', '1', '测试更新产品,产品编号为:55', '2016-03-25 17:38:06');
INSERT INTO `zb_operation_log` VALUES ('1128', '1', '测试更新产品,产品编号为:55', '2016-03-25 17:44:17');
INSERT INTO `zb_operation_log` VALUES ('1129', '1', '测试更新产品,产品编号为:55', '2016-03-25 17:44:32');
INSERT INTO `zb_operation_log` VALUES ('1130', '1', '测试更新产品,产品编号为:43', '2016-03-28 10:22:05');
INSERT INTO `zb_operation_log` VALUES ('1131', '1', '添加产品,产品编号为:56', '2016-03-28 10:40:52');
INSERT INTO `zb_operation_log` VALUES ('1132', '1', '测试更新产品,产品编号为:56', '2016-03-28 10:42:11');
INSERT INTO `zb_operation_log` VALUES ('1133', '1', '测试更新产品,产品编号为:56', '2016-03-28 10:53:51');
INSERT INTO `zb_operation_log` VALUES ('1134', '1', '测试更新产品,产品编号为:56', '2016-03-28 10:54:56');
INSERT INTO `zb_operation_log` VALUES ('1135', '1', '测试更新产品,产品编号为:43', '2016-03-28 13:48:42');
INSERT INTO `zb_operation_log` VALUES ('1136', '1', '测试更新产品,产品编号为:43', '2016-03-28 13:48:48');
INSERT INTO `zb_operation_log` VALUES ('1137', '115', '缪小峰更新产品,产品编号为:43', '2016-03-28 14:04:31');
INSERT INTO `zb_operation_log` VALUES ('1138', '1', '开发部测试撤销产品：产品ID为:43', '2016-03-28 14:07:55');
INSERT INTO `zb_operation_log` VALUES ('1139', '1', '添加产品,产品编号为:57', '2016-03-28 14:15:28');
INSERT INTO `zb_operation_log` VALUES ('1140', '1', '测试,部门：开发部,提交新产品，产品ID：46', '2016-03-28 14:22:18');
INSERT INTO `zb_operation_log` VALUES ('1141', '112', '添加产品,产品编号为:58', '2016-03-28 14:26:47');
INSERT INTO `zb_operation_log` VALUES ('1142', '112', '波波更新产品,产品编号为:58', '2016-03-28 14:27:13');
INSERT INTO `zb_operation_log` VALUES ('1143', '1', '添加产品,产品编号为:59', '2016-03-28 14:27:22');
INSERT INTO `zb_operation_log` VALUES ('1144', '1', '添加产品,产品编号为:60', '2016-03-28 14:35:19');
INSERT INTO `zb_operation_log` VALUES ('1145', '1', '测试更新产品,产品编号为:60', '2016-03-28 14:35:59');
INSERT INTO `zb_operation_log` VALUES ('1146', '115', '缪小峰更新产品,产品编号为:58', '2016-03-28 14:51:44');
INSERT INTO `zb_operation_log` VALUES ('1147', '1', '测试,部门：开发部,提交新产品，产品ID：43', '2016-03-28 14:59:34');
INSERT INTO `zb_operation_log` VALUES ('1148', '1', '测试,部门：开发部,提交新产品，产品ID：58', '2016-03-28 14:53:54');
INSERT INTO `zb_operation_log` VALUES ('1149', '1', '添加产品,产品编号为:61', '2016-03-28 15:17:03');
INSERT INTO `zb_operation_log` VALUES ('1150', '96', '运营部吴玉海做了评分理由及态度,产品编号为：58', '2016-03-28 15:20:12');
INSERT INTO `zb_operation_log` VALUES ('1151', '1', '测试更新产品,产品编号为:61', '2016-03-28 15:20:24');
INSERT INTO `zb_operation_log` VALUES ('1152', '96', '删除待办事项，消息ID：697', '2016-03-28 15:26:36');
INSERT INTO `zb_operation_log` VALUES ('1153', '1', '开发部测试撤销产品：产品ID为:59', '2016-03-28 15:33:32');
INSERT INTO `zb_operation_log` VALUES ('1154', '115', '产品部提交合同成功，产品ID：58', '2016-03-28 15:39:25');
INSERT INTO `zb_operation_log` VALUES ('1155', '115', '法务 产品审核区，通过操作!产品ID：58', '2016-03-28 15:40:21');
INSERT INTO `zb_operation_log` VALUES ('1156', '115', '产品审核通过，产品ID:58', '2016-03-28 15:42:07');
INSERT INTO `zb_operation_log` VALUES ('1157', '1', '从上线区暂停产品', '2016-03-28 15:51:04');
INSERT INTO `zb_operation_log` VALUES ('1158', '1', '从上线区起售产品', '2016-03-28 15:51:10');
INSERT INTO `zb_operation_log` VALUES ('1159', '1', '测试：创建用户帐号【shanghui001@zb.com】', '2016-03-28 15:52:39');
INSERT INTO `zb_operation_log` VALUES ('1160', '117', 'shanghaui001：编辑用户帐号【】', '2016-03-28 15:58:57');
INSERT INTO `zb_operation_log` VALUES ('1161', '117', 'shanghaui001：编辑用户帐号【】', '2016-03-28 15:59:48');
INSERT INTO `zb_operation_log` VALUES ('1162', '115', '缪小峰为编号为58的产品编辑费率方案', '2016-03-28 15:59:52');
INSERT INTO `zb_operation_log` VALUES ('1163', '115', '添加产品,产品编号为:62', '2016-03-28 16:08:52');
INSERT INTO `zb_operation_log` VALUES ('1164', '115', '缪小峰更新产品,产品编号为:62', '2016-03-28 16:09:16');
INSERT INTO `zb_operation_log` VALUES ('1165', '1', '测试,部门：开发部,提交新产品，产品ID：62', '2016-03-28 16:20:06');
INSERT INTO `zb_operation_log` VALUES ('1166', '1', '开发部测试撤销产品：产品ID为:62', '2016-03-28 16:20:24');
INSERT INTO `zb_operation_log` VALUES ('1167', '1', '添加产品,产品编号为:63', '2016-03-28 16:22:15');
INSERT INTO `zb_operation_log` VALUES ('1168', '115', '缪小峰,部门：开发部,提交新产品，产品ID：62', '2016-03-28 16:24:01');
INSERT INTO `zb_operation_log` VALUES ('1169', '96', '运营部吴玉海做了评分理由及态度,产品编号为：62', '2016-03-28 16:25:25');
INSERT INTO `zb_operation_log` VALUES ('1170', '115', '产品部提交合同成功，产品ID：62', '2016-03-28 16:26:57');
INSERT INTO `zb_operation_log` VALUES ('1171', '115', '法务 产品审核区，通过操作!产品ID：62', '2016-03-28 16:28:47');
INSERT INTO `zb_operation_log` VALUES ('1172', '115', '开发部缪小峰撤销产品：产品ID为:62', '2016-03-28 16:31:43');
INSERT INTO `zb_operation_log` VALUES ('1173', '115', '缪小峰,部门：开发部,提交新产品，产品ID：62', '2016-03-28 16:33:12');
INSERT INTO `zb_operation_log` VALUES ('1174', '96', '运营部吴玉海做了评分理由及态度,产品编号为：62', '2016-03-28 16:34:27');
INSERT INTO `zb_operation_log` VALUES ('1175', '115', '产品部提交合同成功，产品ID：62', '2016-03-28 16:36:43');
INSERT INTO `zb_operation_log` VALUES ('1176', '115', '法务 产品审核区，通过操作!产品ID：62', '2016-03-28 16:37:44');
INSERT INTO `zb_operation_log` VALUES ('1177', '1', '测试更新产品,产品编号为:38', '2016-03-28 16:59:46');
INSERT INTO `zb_operation_log` VALUES ('1178', '1', '测试更新产品,产品编号为:61', '2016-03-28 17:00:01');
INSERT INTO `zb_operation_log` VALUES ('1179', '1', '添加产品,产品编号为:64', '2016-03-28 16:56:26');
INSERT INTO `zb_operation_log` VALUES ('1180', '1', '测试更新产品,产品编号为:64', '2016-03-28 16:56:34');
INSERT INTO `zb_operation_log` VALUES ('1181', '1', '测试更新产品,产品编号为:64', '2016-03-28 17:04:15');
INSERT INTO `zb_operation_log` VALUES ('1182', '1', '测试,部门：开发部,提交新产品，产品ID：61', '2016-03-28 17:04:39');
INSERT INTO `zb_operation_log` VALUES ('1183', '1', '测试更新产品,产品编号为:64', '2016-03-28 17:05:06');
INSERT INTO `zb_operation_log` VALUES ('1184', '1', '测试更新产品,产品编号为:64', '2016-03-28 17:05:23');
INSERT INTO `zb_operation_log` VALUES ('1185', '1', '测试更新产品,产品编号为:64', '2016-03-28 17:05:31');
INSERT INTO `zb_operation_log` VALUES ('1186', '117', '添加产品,产品编号为:65', '2016-03-28 17:22:53');
INSERT INTO `zb_operation_log` VALUES ('1187', '1', '添加产品,产品编号为:66', '2016-03-29 09:13:21');
INSERT INTO `zb_operation_log` VALUES ('1188', '117', 'shanghaui001：创建用户帐号【pingfen1@zb.com】', '2016-03-29 09:28:49');
INSERT INTO `zb_operation_log` VALUES ('1189', '118', '评分1：创建用户帐号【pingfen2@zb.com】', '2016-03-29 09:30:26');
INSERT INTO `zb_operation_log` VALUES ('1190', '118', '评分1：创建用户帐号【shanghui2@zb.com】', '2016-03-29 09:33:35');
INSERT INTO `zb_operation_log` VALUES ('1191', '119', '财富管理中心评分2做了评分理由及态度,产品编号为：61', '2016-03-29 09:37:32');
INSERT INTO `zb_operation_log` VALUES ('1192', '1', '测试更新产品,产品编号为:60', '2016-03-29 09:42:43');
INSERT INTO `zb_operation_log` VALUES ('1193', '119', '产品部提交合同成功，产品ID：61', '2016-03-29 09:48:59');
INSERT INTO `zb_operation_log` VALUES ('1194', '1', '测试更新产品,产品编号为:66', '2016-03-29 10:58:21');
INSERT INTO `zb_operation_log` VALUES ('1195', '1', '测试更新产品,产品编号为:66', '2016-03-29 11:00:20');
INSERT INTO `zb_operation_log` VALUES ('1196', '1', '测试更新产品,产品编号为:66', '2016-03-29 11:00:33');
INSERT INTO `zb_operation_log` VALUES ('1197', '1', '测试更新产品,产品编号为:66', '2016-03-29 11:03:32');
INSERT INTO `zb_operation_log` VALUES ('1198', '1', '测试更新产品,产品编号为:66', '2016-03-29 11:14:58');
INSERT INTO `zb_operation_log` VALUES ('1199', '119', '法务 产品审核区，通过操作!产品ID：61', '2016-03-29 13:43:11');
INSERT INTO `zb_operation_log` VALUES ('1200', '119', '产品审核通过，产品ID:61', '2016-03-29 14:26:18');
INSERT INTO `zb_operation_log` VALUES ('1201', '119', '评分2为编号为61的产品编辑费率方案', '2016-03-29 14:30:51');
INSERT INTO `zb_operation_log` VALUES ('1202', '115', '产品审核通过，产品ID:62', '2016-03-29 15:27:58');
INSERT INTO `zb_operation_log` VALUES ('1203', '1', '开发部测试撤销产品：产品ID为:56', '2016-03-29 15:55:19');
INSERT INTO `zb_operation_log` VALUES ('1204', '1', '产品被退回，产品ID14', '2016-03-29 16:31:42');
INSERT INTO `zb_operation_log` VALUES ('1205', '1', '分管领导终止产品，产品ID16', '2016-03-29 16:51:40');
INSERT INTO `zb_operation_log` VALUES ('1206', '1', '产品被退回，产品ID16', '2016-03-29 16:57:14');
INSERT INTO `zb_operation_log` VALUES ('1207', '1', '测试为编号为62的产品编辑费率方案', '2016-03-30 10:58:17');
INSERT INTO `zb_operation_log` VALUES ('1208', '1', '添加产品,产品编号为:67', '2016-03-30 13:44:27');
INSERT INTO `zb_operation_log` VALUES ('1209', '1', '测试更新产品,产品编号为:67', '2016-03-30 13:48:43');
INSERT INTO `zb_operation_log` VALUES ('1210', '1', '测试：编辑用户帐号【】', '2016-03-30 13:56:23');
INSERT INTO `zb_operation_log` VALUES ('1211', '1', '测试,部门：开发部,提交新产品，产品ID：67', '2016-03-30 14:32:42');
INSERT INTO `zb_operation_log` VALUES ('1212', '119', '财富管理中心评分2做了评分理由及态度,产品编号为：67', '2016-03-30 16:40:02');
INSERT INTO `zb_operation_log` VALUES ('1213', '1', '产品部提交合同成功，产品ID：67', '2016-03-30 17:00:24');
INSERT INTO `zb_operation_log` VALUES ('1214', '1', '法务 产品审核区，通过操作!产品ID：67', '2016-03-30 17:08:46');
INSERT INTO `zb_operation_log` VALUES ('1215', '118', '产品审核通过，产品ID:67', '2016-03-30 17:17:36');
INSERT INTO `zb_operation_log` VALUES ('1216', '1', '产品部提交合同成功，产品ID：17', '2016-03-30 17:32:03');
INSERT INTO `zb_operation_log` VALUES ('1217', '1', '法务 产品审核区，通过操作!产品ID：17', '2016-03-30 17:32:39');
INSERT INTO `zb_operation_log` VALUES ('1218', '1', '分管领导终止产品，产品ID17', '2016-03-30 17:33:00');
INSERT INTO `zb_operation_log` VALUES ('1219', '1', '删除公告，公告ID：27', '2016-03-30 17:32:44');
INSERT INTO `zb_operation_log` VALUES ('1220', '1', '系统管理员为编号为67的产品编辑费率方案', '2016-03-30 18:00:59');
INSERT INTO `zb_operation_log` VALUES ('1221', '115', '添加产品,产品编号为:68', '2016-03-31 09:54:40');
INSERT INTO `zb_operation_log` VALUES ('1222', '115', '缪小峰更新产品,产品编号为:68', '2016-03-31 09:58:32');
INSERT INTO `zb_operation_log` VALUES ('1223', '112', '波波,部门：战略发展部,提交新产品，产品ID：68', '2016-03-31 10:00:30');
INSERT INTO `zb_operation_log` VALUES ('1224', '96', '运营部吴玉海做了评分理由及态度,产品编号为：68', '2016-03-31 10:02:46');
INSERT INTO `zb_operation_log` VALUES ('1225', '115', '添加产品,产品编号为:69', '2016-03-31 10:41:13');
INSERT INTO `zb_operation_log` VALUES ('1226', '115', '缪小峰更新产品,产品编号为:69', '2016-03-31 10:45:30');
INSERT INTO `zb_operation_log` VALUES ('1227', '115', '缪小峰更新产品,产品编号为:69', '2016-03-31 10:45:50');
INSERT INTO `zb_operation_log` VALUES ('1228', '1', '添加产品,产品编号为:70', '2016-03-31 10:48:29');
INSERT INTO `zb_operation_log` VALUES ('1229', '1', '系统管理员更新产品,产品编号为:70', '2016-03-31 10:55:43');
INSERT INTO `zb_operation_log` VALUES ('1230', '1', '分管领导终止产品，产品ID14', '2016-03-31 11:30:14');
INSERT INTO `zb_operation_log` VALUES ('1231', '1', '添加产品,产品编号为:71', '2016-03-31 11:25:55');
INSERT INTO `zb_operation_log` VALUES ('1232', '1', '系统管理员,部门：开发部,提交新产品，产品ID：69', '2016-03-31 11:31:12');
INSERT INTO `zb_operation_log` VALUES ('1233', '1', '系统管理员更新产品,产品编号为:71', '2016-03-31 11:32:20');
INSERT INTO `zb_operation_log` VALUES ('1234', '1', '产品部提交合同成功，产品ID：68', '2016-03-31 11:32:44');
INSERT INTO `zb_operation_log` VALUES ('1235', '1', '系统管理员更新产品,产品编号为:71', '2016-03-31 11:33:02');
INSERT INTO `zb_operation_log` VALUES ('1236', '1', '系统管理员更新产品,产品编号为:71', '2016-03-31 11:33:17');
INSERT INTO `zb_operation_log` VALUES ('1237', '1', '系统管理员更新产品,产品编号为:71', '2016-03-31 11:34:37');
INSERT INTO `zb_operation_log` VALUES ('1238', '1', '系统管理员更新产品,产品编号为:71', '2016-03-31 11:34:52');
INSERT INTO `zb_operation_log` VALUES ('1239', '1', '分管领导终止产品，产品ID14', '2016-03-31 11:40:25');
INSERT INTO `zb_operation_log` VALUES ('1240', '1', '法务 产品审核区，通过操作!产品ID：68', '2016-03-31 12:02:39');
INSERT INTO `zb_operation_log` VALUES ('1241', '115', '开发部缪小峰做了评分理由及态度,产品编号为：69', '2016-03-31 13:45:23');
INSERT INTO `zb_operation_log` VALUES ('1242', '1', '系统管理员,部门：开发部,提交新产品，产品ID：70', '2016-03-31 13:46:34');
INSERT INTO `zb_operation_log` VALUES ('1243', '115', '产品部提交合同成功，产品ID：69', '2016-03-31 13:46:47');
INSERT INTO `zb_operation_log` VALUES ('1244', '1', '系统管理员,部门：开发部,提交新产品，产品ID：71', '2016-03-31 14:07:17');
INSERT INTO `zb_operation_log` VALUES ('1245', '1', '法务 产品审核区，通过操作!产品ID：69', '2016-03-31 14:10:51');
INSERT INTO `zb_operation_log` VALUES ('1246', '1', '产品审核通过，产品ID:69', '2016-03-31 14:15:18');
INSERT INTO `zb_operation_log` VALUES ('1247', '1', '删除公告，公告ID：28', '2016-03-31 14:18:23');
INSERT INTO `zb_operation_log` VALUES ('1248', '1', '产品被退回，产品ID68', '2016-03-31 14:19:20');
INSERT INTO `zb_operation_log` VALUES ('1249', '1', '系统管理员,部门：开发部,提交新产品，产品ID：68', '2016-03-31 14:29:05');
INSERT INTO `zb_operation_log` VALUES ('1250', '119', '财富管理中心评分2做了评分理由及态度,产品编号为：70', '2016-03-31 14:30:32');
INSERT INTO `zb_operation_log` VALUES ('1251', '94', '产品部向丽芝做了评分理由及态度,产品编号为：71', '2016-03-31 14:33:38');
INSERT INTO `zb_operation_log` VALUES ('1252', '94', '产品部提交合同成功，产品ID：71', '2016-03-31 14:34:52');
INSERT INTO `zb_operation_log` VALUES ('1253', '94', '法务 产品审核区，通过操作!产品ID：71', '2016-03-31 14:36:59');
INSERT INTO `zb_operation_log` VALUES ('1254', '96', '运营部吴玉海做了评分理由及态度,产品编号为：68', '2016-03-31 14:37:03');
INSERT INTO `zb_operation_log` VALUES ('1255', '94', '产品审核通过，产品ID:71', '2016-03-31 14:37:39');
INSERT INTO `zb_operation_log` VALUES ('1256', '1', '产品部提交合同成功，产品ID：68', '2016-03-31 14:37:44');
INSERT INTO `zb_operation_log` VALUES ('1257', '1', '产品部提交合同成功，产品ID：70', '2016-03-31 14:39:44');
INSERT INTO `zb_operation_log` VALUES ('1258', '1', '法务 产品审核区，通过操作!产品ID：70', '2016-03-31 14:43:58');
INSERT INTO `zb_operation_log` VALUES ('1259', '1', '恢复公告，公告ID：27', '2016-03-31 14:52:56');
INSERT INTO `zb_operation_log` VALUES ('1260', '119', '产品审核通过，产品ID:70', '2016-03-31 14:53:38');
INSERT INTO `zb_operation_log` VALUES ('1261', '115', '添加产品,产品编号为:72', '2016-03-31 15:27:38');
INSERT INTO `zb_operation_log` VALUES ('1262', '115', '缪小峰更新产品,产品编号为:72', '2016-03-31 15:29:07');
INSERT INTO `zb_operation_log` VALUES ('1263', '1', '系统管理员,部门：开发部,提交新产品，产品ID：72', '2016-03-31 15:30:37');
INSERT INTO `zb_operation_log` VALUES ('1264', '115', '开发部缪小峰做了评分理由及态度,产品编号为：72', '2016-03-31 15:32:06');
INSERT INTO `zb_operation_log` VALUES ('1265', '115', '产品部提交合同成功，产品ID：72', '2016-03-31 15:36:14');
INSERT INTO `zb_operation_log` VALUES ('1266', '115', '法务 产品审核区，通过操作!产品ID：72', '2016-03-31 15:36:26');
INSERT INTO `zb_operation_log` VALUES ('1267', '115', '产品审核通过，产品ID:72', '2016-03-31 15:37:01');
INSERT INTO `zb_operation_log` VALUES ('1268', '115', '缪小峰为编号为72的产品编辑费率方案', '2016-03-31 15:38:23');
INSERT INTO `zb_operation_log` VALUES ('1269', '1', '从上线区暂停产品', '2016-03-31 15:44:24');
INSERT INTO `zb_operation_log` VALUES ('1270', '1', '从上线区暂停产品', '2016-03-31 15:50:01');
INSERT INTO `zb_operation_log` VALUES ('1271', '1', '系统管理员为编号为70的产品编辑费率方案', '2016-03-31 15:50:19');
INSERT INTO `zb_operation_log` VALUES ('1272', '1', '从上线区起售产品', '2016-03-31 15:51:09');
INSERT INTO `zb_operation_log` VALUES ('1273', '1', '从上线区下架产品', '2016-03-31 15:51:15');
INSERT INTO `zb_operation_log` VALUES ('1274', '1', '系统管理员：创建用户帐号【feilvshenhe@zb.com】', '2016-03-31 15:57:07');
INSERT INTO `zb_operation_log` VALUES ('1275', '1', '系统管理员：创建用户帐号【feilvshenhe2@zb.com】', '2016-03-31 16:01:22');
INSERT INTO `zb_operation_log` VALUES ('1276', '1', '从上线区暂停产品', '2016-03-31 16:06:00');
INSERT INTO `zb_operation_log` VALUES ('1277', '1', '从上线区下架产品', '2016-03-31 16:06:58');
INSERT INTO `zb_operation_log` VALUES ('1278', '1', '从上线区起售产品', '2016-03-31 16:09:26');
INSERT INTO `zb_operation_log` VALUES ('1279', '1', '产品被退回，产品ID68', '2016-04-01 09:58:58');
INSERT INTO `zb_operation_log` VALUES ('1280', '1', '系统管理员,部门：开发部,提交新产品，产品ID：68', '2016-04-01 10:00:06');
INSERT INTO `zb_operation_log` VALUES ('1281', '96', '运营部吴玉海做了评分理由及态度,产品编号为：68', '2016-04-01 10:02:37');
INSERT INTO `zb_operation_log` VALUES ('1282', '115', '产品部提交合同成功，产品ID：68', '2016-04-01 10:03:25');
INSERT INTO `zb_operation_log` VALUES ('1283', '115', '法务 产品审核区，通过操作!产品ID：68', '2016-04-01 10:03:38');
INSERT INTO `zb_operation_log` VALUES ('1284', '115', '分管领导终止产品，产品ID68', '2016-04-01 10:03:43');
INSERT INTO `zb_operation_log` VALUES ('1285', '1', '系统管理员,部门：开发部,提交新产品，产品ID：72', '2016-04-06 13:05:58');
INSERT INTO `zb_operation_log` VALUES ('1286', '120', '运营部上会2做了评分理由及态度,产品编号为：72', '2016-04-06 13:27:25');

-- ----------------------------
-- Table structure for zb_organization
-- ----------------------------
DROP TABLE IF EXISTS `zb_organization`;
CREATE TABLE `zb_organization` (
  `organization_id` int(10) unsigned NOT NULL AUTO_INCREMENT,
  `organization_name` varchar(255) NOT NULL DEFAULT '' COMMENT '机构简称',
  `organization_full_name` varchar(255) NOT NULL DEFAULT '' COMMENT '机构全称',
  `status` tinyint(1) unsigned NOT NULL DEFAULT '1' COMMENT '1:启用 2：禁用 3:注销',
  `update_time` datetime NOT NULL DEFAULT '0000-00-00 00:00:00',
  PRIMARY KEY (`organization_id`)
) ENGINE=InnoDB AUTO_INCREMENT=119 DEFAULT CHARSET=utf8 COMMENT='机构表';

-- ----------------------------
-- Records of zb_organization
-- ----------------------------
INSERT INTO `zb_organization` VALUES ('109', '资邦投资', '资邦（上海）投资咨询有限公司', '1', '2016-01-17 16:52:23');
INSERT INTO `zb_organization` VALUES ('110', '睡眠质量', 'ZZzzz', '3', '2016-01-20 17:35:41');
INSERT INTO `zb_organization` VALUES ('111', '222', '111', '3', '2016-01-20 17:34:50');
INSERT INTO `zb_organization` VALUES ('112', 'dfdf', 'dfdf', '3', '2016-01-20 17:46:29');
INSERT INTO `zb_organization` VALUES ('113', 'dfdf', 'dfdf', '3', '2016-01-20 17:46:25');
INSERT INTO `zb_organization` VALUES ('114', '谷歌啊啊', '测试', '3', '2016-01-22 14:26:04');
INSERT INTO `zb_organization` VALUES ('115', '啊', '杀杀杀&amp;为无色', '3', '2016-01-29 22:10:58');
INSERT INTO `zb_organization` VALUES ('116', '啊大大大大', 'a速度', '3', '2016-01-22 16:17:41');
INSERT INTO `zb_organization` VALUES ('117', '&amp;ssss', '&amp;qqq', '3', '2016-01-27 17:22:06');
INSERT INTO `zb_organization` VALUES ('118', '1313123', '&amp;&amp;&amp;adad', '1', '2016-02-22 14:06:07');

-- ----------------------------
-- Table structure for zb_perform
-- ----------------------------
DROP TABLE IF EXISTS `zb_perform`;
CREATE TABLE `zb_perform` (
  `id` int(11) unsigned NOT NULL AUTO_INCREMENT COMMENT 'id',
  `time` int(11) unsigned NOT NULL COMMENT '时间',
  `type` tinyint(2) NOT NULL COMMENT '类型',
  `value` varchar(255) DEFAULT NULL COMMENT '序列化数据',
  `sort` int(11) unsigned DEFAULT '50' COMMENT '排序标识',
  PRIMARY KEY (`id`)
) ENGINE=InnoDB AUTO_INCREMENT=5 DEFAULT CHARSET=utf8;

-- ----------------------------
-- Records of zb_perform
-- ----------------------------
INSERT INTO `zb_perform` VALUES ('1', '1329245890', '1', 's:3:\"123\";', '50');
INSERT INTO `zb_perform` VALUES ('2', '1450245911', '1', 's:3:\"123\";', '50');
INSERT INTO `zb_perform` VALUES ('3', '1450245912', '1', 's:3:\"123\";', '50');
INSERT INTO `zb_perform` VALUES ('4', '1450245939', '2', 's:3:\"123\";', '50');

-- ----------------------------
-- Table structure for zb_position
-- ----------------------------
DROP TABLE IF EXISTS `zb_position`;
CREATE TABLE `zb_position` (
  `id` int(10) NOT NULL AUTO_INCREMENT,
  `pid` int(10) unsigned NOT NULL DEFAULT '0' COMMENT '上级ID',
  `organization_id` int(10) unsigned NOT NULL DEFAULT '1' COMMENT '机构ID 默认1 资邦财富',
  `department_id` int(10) NOT NULL COMMENT '部门id',
  `name` varchar(32) NOT NULL DEFAULT '' COMMENT '职位名称',
  `description` varchar(128) NOT NULL DEFAULT '' COMMENT '职位描述',
  `if_leader` tinyint(4) NOT NULL DEFAULT '0' COMMENT '0 普通职员 1 部门leader',
  `status` tinyint(1) unsigned NOT NULL DEFAULT '1' COMMENT '1有效 2无效',
  `update_time` datetime NOT NULL DEFAULT '0000-00-00 00:00:00' COMMENT '更新时间',
  PRIMARY KEY (`id`)
) ENGINE=InnoDB AUTO_INCREMENT=60 DEFAULT CHARSET=utf8 COMMENT='职位表';

-- ----------------------------
-- Records of zb_position
-- ----------------------------
INSERT INTO `zb_position` VALUES ('42', '0', '109', '67', '分管领导', '', '1', '1', '2016-01-26 16:44:00');
INSERT INTO `zb_position` VALUES ('43', '0', '109', '55', '产品总监', '', '1', '1', '2016-01-17 16:54:28');
INSERT INTO `zb_position` VALUES ('44', '0', '109', '55', '产品专员', '', '0', '1', '2016-01-17 16:54:44');
INSERT INTO `zb_position` VALUES ('45', '0', '109', '56', '运营总监', '', '1', '1', '2016-01-17 16:55:36');
INSERT INTO `zb_position` VALUES ('46', '0', '109', '56', '运营专员', '', '0', '1', '2016-01-21 11:35:15');
INSERT INTO `zb_position` VALUES ('47', '0', '109', '57', '法务', '', '0', '1', '2016-01-20 22:22:47');
INSERT INTO `zb_position` VALUES ('48', '0', '109', '58', '调研总监', '', '1', '1', '2016-01-20 22:22:38');
INSERT INTO `zb_position` VALUES ('49', '0', '109', '58', '调研专员', '', '0', '1', '2016-01-21 11:36:54');
INSERT INTO `zb_position` VALUES ('50', '0', '109', '59', '财富管理中心总监', '', '1', '1', '2016-01-17 17:45:52');
INSERT INTO `zb_position` VALUES ('51', '0', '109', '59', '财富管理中心专员', '', '0', '1', '2016-01-17 17:46:09');
INSERT INTO `zb_position` VALUES ('52', '0', '109', '55', '3434', '', '1', '3', '2016-01-20 17:45:11');
INSERT INTO `zb_position` VALUES ('53', '0', '109', '55', '张少龙', '', '0', '3', '2016-01-21 13:52:26');
INSERT INTO `zb_position` VALUES ('54', '0', '115', '60', '12', '', '0', '3', '2016-01-24 19:49:04');
INSERT INTO `zb_position` VALUES ('55', '0', '115', '65', '大大大', '', '0', '3', '2016-01-29 11:27:59');
INSERT INTO `zb_position` VALUES ('56', '0', '109', '68', '系统开发员', '', '0', '1', '2016-01-29 11:24:50');
INSERT INTO `zb_position` VALUES ('57', '0', '109', '68', '开发经理', '', '1', '1', '2016-01-29 11:25:22');
INSERT INTO `zb_position` VALUES ('58', '0', '109', '68', '33', '', '1', '1', '2016-02-19 14:52:56');
INSERT INTO `zb_position` VALUES ('59', '0', '109', '68', '33', '', '1', '1', '2016-02-23 16:03:37');

-- ----------------------------
-- Table structure for zb_product
-- ----------------------------
DROP TABLE IF EXISTS `zb_product`;
CREATE TABLE `zb_product` (
  `id` int(10) unsigned NOT NULL AUTO_INCREMENT,
  `product_num` varchar(50) NOT NULL DEFAULT '' COMMENT '产品编码',
  `category_id` smallint(6) unsigned NOT NULL DEFAULT '0' COMMENT '产品类别，0表示不确定',
  `full_name` varchar(255) NOT NULL DEFAULT '' COMMENT '全称',
  `short_name` varchar(120) NOT NULL COMMENT '简称',
  `creater` varchar(30) NOT NULL COMMENT '推荐人',
  `creater_uid` int(8) unsigned NOT NULL DEFAULT '0' COMMENT '推荐人uid(为当前操作用户的id,关联zb_user表)',
  `contact_tel` varchar(30) NOT NULL COMMENT '联系人的电话',
  `contacter` varchar(50) NOT NULL COMMENT '联系人',
  `channel_fee` varchar(255) NOT NULL COMMENT '渠道费用',
  `term` varchar(255) NOT NULL DEFAULT '' COMMENT '周期时长，0-0个月',
  `online_start_time` datetime DEFAULT '0000-00-00 00:00:00' COMMENT '开始上线时间',
  `end_time` datetime NOT NULL DEFAULT '0000-00-00 00:00:00' COMMENT '结束时间',
  `total_moeny` decimal(13,2) NOT NULL DEFAULT '0.00' COMMENT '产品总金额',
  `introduction` text NOT NULL COMMENT '简介',
  `law_remark` text COMMENT '法务意见',
  `fee_status` tinyint(3) unsigned NOT NULL DEFAULT '0' COMMENT '费率状态 0-未进入费率阶段 1-未提交  2-已提交 3-未通过 4-已通过 ',
  `status` tinyint(4) unsigned NOT NULL DEFAULT '99' COMMENT '1未完成 2 待评分 3 合同待上传 4 合同待审核 5 产品待审核  6 销售中 7 已过期 8 被撤销, 9 被终止 10 暂下架 11 已下架 99 预录入',
  `add_time` datetime DEFAULT '0000-00-00 00:00:00' COMMENT '添加时间',
  `update_time` datetime DEFAULT '0000-00-00 00:00:00' COMMENT '更新时间',
  PRIMARY KEY (`id`),
  KEY `full_name` (`full_name`) USING BTREE,
  KEY `abbr_name` (`short_name`) USING BTREE
) ENGINE=InnoDB AUTO_INCREMENT=73 DEFAULT CHARSET=utf8 COMMENT='产品基本通用信息表';

-- ----------------------------
-- Records of zb_product
-- ----------------------------
INSERT INTO `zb_product` VALUES ('1', '20160129234314', '2', '发大水', '范德萨', '测试', '1', '', '', '2', '3', '0000-00-00 00:00:00', '2016-01-29 00:00:00', '0.00', '', '', '0', '8', '2016-01-29 23:43:14', '2016-02-22 10:17:13');
INSERT INTO `zb_product` VALUES ('2', '20160201094731', '5', '华华债券', '华华', '测试', '1', '', '', '11%', '90', '2016-02-01 10:07:12', '2016-03-11 00:00:00', '0.00', '', '', '3', '8', '2016-02-01 09:47:31', '2016-02-22 10:03:13');
INSERT INTO `zb_product` VALUES ('3', '20160201104229', '12', '城城久恒', '城恒', '我是产品专员123', '53', '', '', '9%', '90', '2016-02-01 11:06:03', '2016-02-25 00:00:00', '0.00', '', '测试一下', '3', '8', '2016-02-01 10:42:29', '2016-02-01 14:12:23');
INSERT INTO `zb_product` VALUES ('4', '20160201111328', '5', 'XFILE引擎', 'XFILE', '我是产品专员123', '53', '', '', '6', '80', '2016-02-01 11:33:10', '2016-02-26 00:00:00', '0.00', '', null, '1', '8', '2016-02-01 11:13:28', '2016-02-22 15:00:59');
INSERT INTO `zb_product` VALUES ('10', '20160201134127', '12', '鹏华行业成长', '鹏华行业', '我是产品专员123', '53', '021-52634569', '沈漫雨', '9', '90', '0000-00-00 00:00:00', '2016-02-25 00:00:00', '0.00', '', null, '0', '1', '2016-02-01 13:41:27', '2016-03-28 14:06:59');
INSERT INTO `zb_product` VALUES ('11', '20160201135756', '12', '123', '12321', '我是产品专员123', '53', '', '', '40', '80', '2016-02-19 11:29:19', '2016-02-26 00:00:00', '0.00', '', '如果您的计算机或网络受到防火墙或者代理服务器的保护，请确认 Firefox 已被授权访问网络。如果您的计算机或网络受到防火墙或者代理服务器的保护，请确认 Firefox 已被授权访问网络。如果您的计算机或网络受到防火墙或者代理服务器的保护，请确认 Firefox 已被授权访问网络。如果您的计算机或网络受到防火墙或者代理服务器的保护，请确认 Firefox 已被授权访问网络。如果您的计算机或网络受到防火墙或者代理服务器的保护，请确认 Firefox 已被授权访问网络。如果您的计算机或网络受到防火墙或者代理服务器的保护，请确认 Firefox 已被授权访问网络。如果您的计算机或网络受到防火墙或者代理服务器的保护，请确认 Firefox 已被授权访问网络。如果您的计算机或网络受到防火墙或者代理服务器的保护，请确认 Firefox 已被授权访问网络。这次可以了！！！很好！', '1', '6', '2016-02-01 13:57:56', '2016-03-17 14:20:32');
INSERT INTO `zb_product` VALUES ('13', '20160201140929', '12', '阿斯顿萨', '人反感', '我是产品专员123', '53', '', '', '9%', '80', '2016-02-01 14:43:51', '2016-02-13 00:00:00', '0.00', '', null, '2', '8', '2016-02-01 14:09:29', '2016-02-22 15:00:14');
INSERT INTO `zb_product` VALUES ('14', '20160203105858', '5', '瀚华进进', '瀚华', '张璞产品', '95', '', '', '7%', '90', '2016-02-03 13:20:12', '2016-03-01 00:00:00', '0.00', '', '如果您的计算机或网络受到防火墙或者代理服务器的保护，请确认 Firefox 已被授权访问网络。', '2', '3', '2016-02-03 10:58:58', '2016-03-31 11:40:25');
INSERT INTO `zb_product` VALUES ('15', '20160203110251', '8', '测试产品20160203', '测试产品20160203', '张璞产品', '95', '', '', '232%', '23', '2016-02-03 11:28:43', '2016-02-03 00:00:00', '0.00', '', '3434', '3', '3', '2016-02-03 11:02:51', '2016-03-01 15:35:08');
INSERT INTO `zb_product` VALUES ('16', '20160203112328', '13', '瀚源一号', '新能源', '张璞产品', '95', '', '', '5', '90', '0000-00-00 00:00:00', '2016-02-27 00:00:00', '0.00', '', null, '0', '1', '2016-02-03 11:23:28', '2016-03-29 16:57:13');
INSERT INTO `zb_product` VALUES ('17', '20160203142507', '3', '泽熙2期基金', '泽熙2期', '张璞产品', '95', '113', '', '9%', '180', '2016-02-03 14:39:47', '2016-02-10 00:00:00', '0.00', '', '66666', '4', '5', '2016-02-03 14:25:07', '2016-03-30 17:33:00');
INSERT INTO `zb_product` VALUES ('18', '20160203142915', '3', '清水源1号基金', '清水源1号', '张璞产品', '95', '', '', '5%', '360', '0000-00-00 00:00:00', '2016-02-02 00:00:00', '0.00', '', null, '0', '8', '2016-02-03 14:29:15', '2016-02-22 10:25:25');
INSERT INTO `zb_product` VALUES ('19', '20160203143112', '2', '新方程1期基金', '新方程1期', '张璞产品1', '95', '', '', '7', '160', '0000-00-00 00:00:00', '2016-02-10 00:00:00', '0.00', '', null, '0', '8', '2016-02-03 14:31:12', '2016-03-16 14:28:31');
INSERT INTO `zb_product` VALUES ('20', '20160205162547', '2', '是大幅的撒', '范德萨', '测试', '1', '', '', '3', '2', '0000-00-00 00:00:00', '2016-02-06 00:00:00', '0.00', '', null, '0', '8', '2016-02-05 16:25:47', '2016-02-22 15:00:54');
INSERT INTO `zb_product` VALUES ('21', '20160205162648', '3', '萨地方萨地方', '萨地方撒旦发', '测试1', '1', '', '', '2', '343434343', '0000-00-00 00:00:00', '2016-02-06 00:00:00', '0.00', '', null, '0', '8', '2016-02-05 16:26:48', '2016-03-18 15:07:27');
INSERT INTO `zb_product` VALUES ('22', '20160205182057', '2', 'adFDSA1111111', 'ASDFD111111111', '测试', '1', '', '', '4', '3', '0000-00-00 00:00:00', '2016-02-11 00:00:00', '0.00', '', null, '0', '2', '2016-02-05 18:20:57', '2016-03-16 14:00:37');
INSERT INTO `zb_product` VALUES ('23', '20160205183348', '2', '地方撒发大水', '法撒旦是', '测试', '1', '4214321', '的发生发', '3', '30', '0000-00-00 00:00:00', '2016-02-04 00:00:00', '0.00', '', null, '0', '2', '2016-02-05 18:33:48', '2016-02-05 18:34:35');
INSERT INTO `zb_product` VALUES ('24', '20160219152902', '3', 'ew', 'we', '测试', '1', '121', 'we', 'we', '12', '0000-00-00 00:00:00', '2016-02-19 00:00:00', '0.00', '', null, '0', '8', '2016-02-19 15:29:02', '2016-02-19 15:29:02');
INSERT INTO `zb_product` VALUES ('25', '20160219152925', '6', '12', '12', '测试1', '1', '', '', '12', '12', '0000-00-00 00:00:00', '2016-02-12 00:00:00', '0.00', '', null, '0', '8', '2016-02-19 15:29:25', '2016-02-19 17:16:52');
INSERT INTO `zb_product` VALUES ('26', '20160219154501', '5', '343', '34', '测试', '1', '343', '', '34', '34', '0000-00-00 00:00:00', '2016-02-19 00:00:00', '0.00', '', null, '0', '99', '2016-02-19 15:45:01', '2016-02-19 15:45:48');
INSERT INTO `zb_product` VALUES ('27', '20160219170812', '3', '3434', '34', '向丽芝', '94', '34', '34', '34', '34', '0000-00-00 00:00:00', '2016-02-19 00:00:00', '0.00', '', null, '0', '99', '2016-02-19 17:08:12', '2016-02-19 17:08:46');
INSERT INTO `zb_product` VALUES ('28', '20160222150207', '2', '343', '34', '测试', '1', '', '', '34', '34', '0000-00-00 00:00:00', '2016-02-22 00:00:00', '0.00', '', null, '0', '99', '2016-02-22 15:02:07', '2016-02-22 15:03:01');
INSERT INTO `zb_product` VALUES ('29', '20160222150457', '6', 'we', '12', '测试', '1', '', '', '12', '12', '0000-00-00 00:00:00', '2016-02-26 00:00:00', '0.00', '', null, '0', '99', '2016-02-22 15:04:57', '2016-02-22 15:05:38');
INSERT INTO `zb_product` VALUES ('30', '20160222150607', '7', '2122', '12', '测试', '1', '', '', '12', '12', '0000-00-00 00:00:00', '2016-02-25 00:00:00', '0.00', '', null, '0', '99', '2016-02-22 15:06:07', '2016-02-22 15:06:36');
INSERT INTO `zb_product` VALUES ('31', '20160222150925', '5', '122', '12', '测试', '1', '', '', '12', '12', '0000-00-00 00:00:00', '2016-02-26 00:00:00', '0.00', '', null, '0', '99', '2016-02-22 15:09:25', '2016-02-22 15:10:05');
INSERT INTO `zb_product` VALUES ('32', '20160222165250', '4', '13123', '13132', '测试', '1', '', '', '11', '1313', '0000-00-00 00:00:00', '2016-02-25 00:00:00', '0.00', '', null, '0', '99', '2016-02-22 16:52:50', '2016-02-22 16:52:55');
INSERT INTO `zb_product` VALUES ('33', '20160222165617', '13', 'meclin测试1', 'meclin测试', '测试', '1', '1311', '123', '1', '1', '0000-00-00 00:00:00', '2016-02-24 00:00:00', '0.00', '', null, '0', '99', '2016-02-22 16:56:17', '2016-02-22 16:56:30');
INSERT INTO `zb_product` VALUES ('34', '20160222165833', '13', '123123', '123123', '测试', '1', '', '', '1', '123123', '0000-00-00 00:00:00', '2016-02-11 00:00:00', '0.00', '', null, '0', '8', '2016-02-22 16:58:33', '2016-02-22 16:58:58');
INSERT INTO `zb_product` VALUES ('35', '20160222170019', '13', '我随意侧。', '我随意侧。', '测试', '1', '13123', '123123', '1', '1', '0000-00-00 00:00:00', '2016-02-10 00:00:00', '0.00', '', null, '0', '99', '2016-02-22 17:00:19', '2016-02-22 17:00:55');
INSERT INTO `zb_product` VALUES ('36', '20160222170127', '13', '123123111', '123123', '测试', '1', '', '', '1', '2', '0000-00-00 00:00:00', '2023-12-31 00:00:00', '0.00', '', null, '0', '8', '2016-02-22 17:01:27', '2016-02-22 17:02:06');
INSERT INTO `zb_product` VALUES ('37', '20160222170226', '5', '测试产3', '产品名字简称', '测试', '1', '', '', '10', '5', '0000-00-00 00:00:00', '2016-02-22 00:00:00', '0.00', '', null, '0', '8', '2016-02-22 17:02:26', '2016-02-22 17:15:36');
INSERT INTO `zb_product` VALUES ('38', '20160223141710', '5', '产品全称', '产品简称', '测试', '1', '22154872888', '王刚', '10', '12', '0000-00-00 00:00:00', '2016-02-23 00:00:00', '0.00', '', null, '0', '1', '2016-02-23 14:17:10', '2016-03-28 16:59:46');
INSERT INTO `zb_product` VALUES ('39', '20160223142338', '9', '123123', '13123', '测试', '1', '', '', '1', '1', '0000-00-00 00:00:00', '2016-02-26 00:00:00', '0.00', '', null, '0', '2', '2016-02-23 14:23:38', '2016-03-25 14:44:10');
INSERT INTO `zb_product` VALUES ('40', '20160223161831', '9', '34', '34', '测试', '1', '34', '34', '34', '34', '0000-00-00 00:00:00', '2016-02-23 00:00:00', '0.00', '', null, '0', '8', '2016-02-23 16:18:31', '2016-03-23 15:26:56');
INSERT INTO `zb_product` VALUES ('41', '20160223163220', '8', '223', '232', '测试', '1', '', '', '23', '23', '0000-00-00 00:00:00', '2016-02-23 00:00:00', '0.00', '', null, '0', '8', '2016-02-23 16:32:20', '2016-03-22 10:02:24');
INSERT INTO `zb_product` VALUES ('42', '20160323151408', '5', '测试查看', '查看', '测试', '1', '', '', '5', '30', '0000-00-00 00:00:00', '2016-05-31 00:00:00', '0.00', '', null, '0', '99', '2016-03-23 15:14:08', '2016-03-23 15:50:16');
INSERT INTO `zb_product` VALUES ('43', '20160325111829', '6', '大米电饭锅', '电饭锅', '测试', '1', '02156321456', '杜可风', '11', '90', '0000-00-00 00:00:00', '2016-04-07 00:00:00', '0.00', '', null, '0', '2', '2016-03-25 11:18:29', '2016-03-28 14:59:34');
INSERT INTO `zb_product` VALUES ('44', '20160325112824', '4', '清水源', '清水源', '测试', '1', '13817321032', '吴玉海', '3', '90', '0000-00-00 00:00:00', '2016-07-31 00:00:00', '0.00', '', null, '0', '99', '2016-03-25 11:28:24', '2016-03-25 11:28:24');
INSERT INTO `zb_product` VALUES ('45', '20160325144315', '2', '111', '111', '测试', '1', '111', '1111', '11', '1', '0000-00-00 00:00:00', '2016-03-31 00:00:00', '0.00', '', null, '0', '99', '2016-03-25 14:43:15', '2016-03-25 14:43:15');
INSERT INTO `zb_product` VALUES ('46', '20160325151155', '6', '车贷组合贷', '车贷信行', '缪小峰', '115', '', '', '8', '90', '0000-00-00 00:00:00', '2016-04-07 00:00:00', '0.00', '', null, '0', '2', '2016-03-25 15:11:55', '2016-03-28 14:22:18');
INSERT INTO `zb_product` VALUES ('47', '20160325165958', '4', 'jkj', 'jlk', '测试', '1', '', '', '10', '34', '0000-00-00 00:00:00', '2016-03-25 00:00:00', '0.00', '', null, '0', '99', '2016-03-25 16:59:58', '2016-03-25 17:00:01');
INSERT INTO `zb_product` VALUES ('48', '20160325170346', '3', '清水源1', '清水源1', '测试', '1', '13817321032', '吴玉海', '3', '90', '0000-00-00 00:00:00', '2016-06-30 00:00:00', '0.00', '', null, '0', '99', '2016-03-25 17:03:46', '2016-03-25 17:03:46');
INSERT INTO `zb_product` VALUES ('49', '20160325170441', '4', 'test20160325', '3434', '测试', '1', '', '', '34', '123', '0000-00-00 00:00:00', '2016-03-25 00:00:00', '0.00', '', null, '0', '99', '2016-03-25 17:04:41', '2016-03-25 17:04:45');
INSERT INTO `zb_product` VALUES ('50', '20160325170512', '5', 'test1002', 'test1002', '测试', '1', '12', '12', '12', '12', '0000-00-00 00:00:00', '2016-03-25 00:00:00', '0.00', '', null, '0', '99', '2016-03-25 17:05:12', '2016-03-25 17:05:12');
INSERT INTO `zb_product` VALUES ('51', '20160325170612', '5', '120', 'v', '测试', '1', '123232', '120', '12', '123', '0000-00-00 00:00:00', '2016-03-25 00:00:00', '0.00', '', null, '0', '99', '2016-03-25 17:06:12', '2016-03-25 17:06:12');
INSERT INTO `zb_product` VALUES ('52', '20160325171217', '5', '34324', '234', '测试', '1', '3432', '234', '23', '234', '0000-00-00 00:00:00', '2016-03-25 00:00:00', '0.00', '', null, '0', '99', '2016-03-25 17:12:17', '2016-03-25 17:12:17');
INSERT INTO `zb_product` VALUES ('53', '20160325171832', '5', 'test12', '12', '测试', '1', '12', '12', '12', '12', '0000-00-00 00:00:00', '2016-03-25 00:00:00', '0.00', '', null, '0', '99', '2016-03-25 17:18:32', '2016-03-25 17:18:32');
INSERT INTO `zb_product` VALUES ('54', '20160325173416', '4', '2323', '23', '测试', '1', '', '', '23', '23', '0000-00-00 00:00:00', '2016-03-25 00:00:00', '0.00', '', null, '0', '99', '2016-03-25 17:34:16', '2016-03-25 17:34:24');
INSERT INTO `zb_product` VALUES ('55', '20160325173447', '6', '123456', '123456', '测试', '1', '1212', '', '23', '11', '0000-00-00 00:00:00', '2016-03-25 00:00:00', '0.00', '', null, '0', '99', '2016-03-25 17:34:47', '2016-03-25 17:44:32');
INSERT INTO `zb_product` VALUES ('56', '20160328104052', '6', '清水源', '清水', '测试', '1', '', '', '3', '90', '0000-00-00 00:00:00', '2016-07-31 00:00:00', '0.00', '', null, '0', '8', '2016-03-28 10:40:52', '2016-03-28 10:54:56');
INSERT INTO `zb_product` VALUES ('57', '20160328141528', '5', 'testtest', 'test', '测试', '1', '12', '12', '12', '12', '0000-00-00 00:00:00', '2016-03-28 00:00:00', '0.00', '', null, '0', '99', '2016-03-28 14:15:28', '2016-03-28 14:15:28');
INSERT INTO `zb_product` VALUES ('58', '20160328142647', '6', '新疆黑啤', '啤酒', '波波', '112', '', '', '8%', '90', '2016-03-28 15:42:07', '2016-04-07 00:00:00', '0.00', '', null, '3', '6', '2016-03-28 14:26:47', '2016-03-28 15:59:52');
INSERT INTO `zb_product` VALUES ('59', '20160328142721', '6', 'test20160328', '产品简称', '测试', '1', '10', '10', '10', '10', '0000-00-00 00:00:00', '2016-03-28 00:00:00', '0.00', '', null, '0', '8', '2016-03-28 14:27:21', '2016-03-28 14:27:21');
INSERT INTO `zb_product` VALUES ('60', '20160328143519', '3', '测试328', '测试', '测试', '1', '1383232323', '打牌', '8', '1', '0000-00-00 00:00:00', '2016-03-30 00:00:00', '0.00', '', null, '0', '99', '2016-03-28 14:35:19', '2016-03-29 09:42:43');
INSERT INTO `zb_product` VALUES ('61', '20160328151703', '5', '测试清水源', '清水源', '测试', '1', '138234204924', '小文', '3%', '90', '2016-03-29 14:26:18', '2016-06-30 00:00:00', '0.00', '', '法规部通过', '3', '6', '2016-03-28 15:17:03', '2016-03-29 14:30:51');
INSERT INTO `zb_product` VALUES ('62', '20160328160852', '6', '大火风起', '消防队', '缪小峰', '115', '', '', '5%', '80', '2016-03-29 15:27:58', '2016-03-31 00:00:00', '0.00', '', '撒娇的设计符合设计是不能发布的是那么方便科技时代卡上的烦恼什么奶粉都是第三方的发的士大夫似的犯得上发射点', '4', '6', '2016-03-28 16:08:52', '2016-03-30 10:58:17');
INSERT INTO `zb_product` VALUES ('63', '20160328162215', '7', 'test20160328_1002产品全称产品全称产品全称产品全称产品全称产品全称产品全称产品全称产品全称产品全称产品全称产品全称', '产品简称产品简称产品简称产品简称产品简称', '测试', '1', '2323', '23232323', '100', '232', '0000-00-00 00:00:00', '2016-03-28 00:00:00', '0.00', '', null, '0', '99', '2016-03-28 16:22:15', '2016-03-28 16:22:15');
INSERT INTO `zb_product` VALUES ('64', '20160328165625', '6', 'test1003_20160328', '产品简称兄道弟', '测试', '1', '12157487401', 'test', '0', '1020', '0000-00-00 00:00:00', '2016-03-28 00:00:00', '0.00', '', null, '0', '99', '2016-03-28 16:56:25', '2016-03-28 17:05:31');
INSERT INTO `zb_product` VALUES ('65', '20160328172253', '3', 'sdfas', 'sdf', 'shanghaui001', '117', '138324144324343', 'sdfjl', '4', '90', '0000-00-00 00:00:00', '2016-03-02 00:00:00', '0.00', '', null, '0', '99', '2016-03-28 17:22:53', '2016-03-28 17:22:53');
INSERT INTO `zb_product` VALUES ('66', '20160329091321', '6', 'test1004_20160329', '简称', '测试', '1', '18129304123', '联系人', '90', '200', '0000-00-00 00:00:00', '2016-03-29 00:00:00', '0.00', '', null, '0', '99', '2016-03-29 09:13:21', '2016-03-29 11:14:58');
INSERT INTO `zb_product` VALUES ('67', '20160330134427', '5', '中国外贸信托啥地方啥地方啥地方啥地方收', '外贸信托', '测试', '1', '13811112222', '赵明洋', '3.5%', '90', '2016-03-30 17:17:36', '2016-11-30 00:00:00', '0.00', '', '合同审核通过', '2', '11', '2016-03-30 13:44:27', '2016-03-31 16:06:58');
INSERT INTO `zb_product` VALUES ('68', '20160331095440', '8', '银华利联', '黄金投资', '缪小峰', '115', '021-56871234', '卫建华', '9', '90', '0000-00-00 00:00:00', '2016-04-08 00:00:00', '0.00', '', null, '0', '1', '2016-03-31 09:54:40', '2016-04-06 13:05:45');
INSERT INTO `zb_product` VALUES ('69', '20160331104113', '5', '大海景丰', '海洋投资', '缪小峰', '115', '021-54120909', '朱令惠', '8', '60', '2016-03-31 14:15:18', '2016-04-09 00:00:00', '0.00', '', null, '1', '6', '2016-03-31 10:41:13', '2016-03-31 14:10:51');
INSERT INTO `zb_product` VALUES ('70', '20160331104829', '3', '中国投资资源', '投资资源', '系统管理员', '1', '13766667777', '赵明', '5%', '90', '2016-03-31 14:53:38', '2016-07-31 00:00:00', '0.00', '', '合同审核通过', '4', '6', '2016-03-31 10:48:29', '2016-03-31 16:09:26');
INSERT INTO `zb_product` VALUES ('71', '20160331112555', '4', 'test100520160331', '简称', '系统管理员', '1', '13120840915', '10', '100', '10', '2016-03-31 14:37:39', '2016-04-01 00:00:00', '0.00', '', null, '1', '10', '2016-03-31 11:25:55', '2016-03-31 15:44:24');
INSERT INTO `zb_product` VALUES ('72', '20160331152738', '3', '中欧经济回报', '海外资产', '缪小峰', '115', '021-56120987', '丰山清', '8%', '80', '2016-03-31 15:37:01', '2016-04-07 00:00:00', '0.00', '', null, '4', '3', '2016-03-31 15:27:38', '2016-04-06 13:27:25');

-- ----------------------------
-- Table structure for zb_product_attachment
-- ----------------------------
DROP TABLE IF EXISTS `zb_product_attachment`;
CREATE TABLE `zb_product_attachment` (
  `id` int(10) unsigned NOT NULL AUTO_INCREMENT COMMENT '附件编号（自增id）',
  `type` tinyint(1) unsigned NOT NULL DEFAULT '1' COMMENT '附件类型,0-不确定，1-图片，2-合同',
  `product_id` int(11) unsigned NOT NULL DEFAULT '0' COMMENT '产品id',
  `uid` int(11) unsigned NOT NULL DEFAULT '0' COMMENT '上传用户ID',
  `attachment_name` varchar(256) NOT NULL DEFAULT '' COMMENT '附件名称',
  `attachment_url` varchar(256) NOT NULL DEFAULT '' COMMENT '附件路径',
  `source` tinyint(1) unsigned NOT NULL DEFAULT '1' COMMENT '来源 1产品部 2法务部',
  `status` tinyint(1) unsigned NOT NULL DEFAULT '1' COMMENT '附件状态，1-可用，2-删除,3-不可用',
  `add_time` datetime NOT NULL DEFAULT '0000-00-00 00:00:00' COMMENT '添加时间',
  `update_time` datetime NOT NULL DEFAULT '0000-00-00 00:00:00',
  PRIMARY KEY (`id`)
) ENGINE=InnoDB AUTO_INCREMENT=79 DEFAULT CHARSET=utf8 COMMENT='产品附件信息表';

-- ----------------------------
-- Records of zb_product_attachment
-- ----------------------------
INSERT INTO `zb_product_attachment` VALUES ('1', '2', '2', '53', '1.png', 'http://7xjhy8.com1.z0.glb.clouddn.com/2016-02-01_56aeba19ab312.png', '1', '2', '2016-02-01 09:51:21', '0000-00-00 00:00:00');
INSERT INTO `zb_product_attachment` VALUES ('2', '2', '2', '65', '已投资金额0元.png', 'http://7xjhy8.com1.z0.glb.clouddn.com/2016-02-01_56aebc4e90f82.png', '2', '2', '2016-02-01 10:00:46', '0000-00-00 00:00:00');
INSERT INTO `zb_product_attachment` VALUES ('3', '1', '1', '1', 'IE10下OTC首页.png', 'http://7xjhy8.com1.z0.glb.clouddn.com/2016-02-01_56aec53a5ba6d.png', '1', '1', '2016-02-01 10:38:50', '0000-00-00 00:00:00');
INSERT INTO `zb_product_attachment` VALUES ('4', '2', '3', '53', '1.png', 'http://7xjhy8.com1.z0.glb.clouddn.com/2016-02-01_56aec7a92650a.png', '1', '1', '2016-02-01 10:49:13', '0000-00-00 00:00:00');
INSERT INTO `zb_product_attachment` VALUES ('5', '2', '3', '65', '已投资金额0元.png', 'http://7xjhy8.com1.z0.glb.clouddn.com/2016-02-01_56aec919421c0.png', '2', '1', '2016-02-01 10:55:21', '0000-00-00 00:00:00');
INSERT INTO `zb_product_attachment` VALUES ('6', '2', '4', '53', '1.png', 'http://7xjhy8.com1.z0.glb.clouddn.com/2016-02-01_56aece341ebe0.png', '1', '2', '2016-02-01 11:17:08', '0000-00-00 00:00:00');
INSERT INTO `zb_product_attachment` VALUES ('7', '2', '4', '65', '已投资金额0元.png', 'http://7xjhy8.com1.z0.glb.clouddn.com/2016-02-01_56aece4ca24bc.png', '2', '2', '2016-02-01 11:17:32', '0000-00-00 00:00:00');
INSERT INTO `zb_product_attachment` VALUES ('8', '2', '4', '53', '1.png', 'http://7xjhy8.com1.z0.glb.clouddn.com/2016-02-01_56aed18c82ea1.png', '1', '2', '2016-02-01 11:31:24', '0000-00-00 00:00:00');
INSERT INTO `zb_product_attachment` VALUES ('9', '2', '4', '65', '已投资金额0元.png', 'http://7xjhy8.com1.z0.glb.clouddn.com/2016-02-01_56aed1d7a6655.png', '2', '2', '2016-02-01 11:32:39', '0000-00-00 00:00:00');
INSERT INTO `zb_product_attachment` VALUES ('10', '2', '1', '1', 'IE10下OTC首页.png', 'http://7xjhy8.com1.z0.glb.clouddn.com/2016-02-01_56aef307d646f.png', '1', '2', '2016-02-01 13:54:16', '0000-00-00 00:00:00');
INSERT INTO `zb_product_attachment` VALUES ('11', '2', '1', '1', 'IE10下OTC首页.png', 'http://7xjhy8.com1.z0.glb.clouddn.com/2016-02-01_56aef323c3bc0.png', '2', '2', '2016-02-01 13:54:44', '0000-00-00 00:00:00');
INSERT INTO `zb_product_attachment` VALUES ('12', '2', '11', '53', 'interfaces', 'http://7xjhy8.com1.z0.glb.clouddn.com/2016-02-01_56aefcc497c5a.', '1', '2', '2016-02-01 14:35:48', '0000-00-00 00:00:00');
INSERT INTO `zb_product_attachment` VALUES ('13', '2', '13', '53', 'LoginTest.java', 'http://7xjhy8.com1.z0.glb.clouddn.com/2016-02-01_56aefe31c7c7b.java', '1', '2', '2016-02-01 14:41:53', '0000-00-00 00:00:00');
INSERT INTO `zb_product_attachment` VALUES ('14', '2', '13', '65', 'HomePage.java', 'http://7xjhy8.com1.z0.glb.clouddn.com/2016-02-01_56aefe6712bf9.java', '2', '2', '2016-02-01 14:42:47', '0000-00-00 00:00:00');
INSERT INTO `zb_product_attachment` VALUES ('15', '1', '15', '95', '投资产品录入新增界面，最小、最大投资金额、份数字段未控制.png', 'http://7xjhy8.com1.z0.glb.clouddn.com/2016-02-03_56b16e0adfa27.png', '1', '1', '2016-02-03 11:03:39', '0000-00-00 00:00:00');
INSERT INTO `zb_product_attachment` VALUES ('16', '2', '15', '95', '投资产品录入新增界面，最小、最大投资金额、份数字段未控制.png', 'http://7xjhy8.com1.z0.glb.clouddn.com/2016-02-03_56b172b5329c9.png', '1', '1', '2016-02-03 11:23:37', '0000-00-00 00:00:00');
INSERT INTO `zb_product_attachment` VALUES ('17', '2', '15', '93', '产品上传合同没有权限控制.png', 'http://7xjhy8.com1.z0.glb.clouddn.com/2016-02-03_56b172fcd9257.png', '2', '1', '2016-02-03 11:24:50', '0000-00-00 00:00:00');
INSERT INTO `zb_product_attachment` VALUES ('18', '2', '14', '95', 'interfaces', 'http://7xjhy8.com1.z0.glb.clouddn.com/2016-02-03_56b1777266e3c.', '1', '2', '2016-02-03 11:43:46', '0000-00-00 00:00:00');
INSERT INTO `zb_product_attachment` VALUES ('19', '2', '14', '93', '47.0.2526.106.manifest', 'http://7xjhy8.com1.z0.glb.clouddn.com/2016-02-03_56b17790e07c2.manifest', '2', '2', '2016-02-03 11:44:16', '0000-00-00 00:00:00');
INSERT INTO `zb_product_attachment` VALUES ('20', '1', '17', '95', '17通讯录.docx', 'http://7xjhy8.com1.z0.glb.clouddn.com/2016-02-03_56b19d6c9459a.docx', '1', '2', '2016-02-03 14:25:50', '0000-00-00 00:00:00');
INSERT INTO `zb_product_attachment` VALUES ('21', '1', '17', '95', '17通讯录.docx', 'http://7xjhy8.com1.z0.glb.clouddn.com/2016-02-03_56b19daa70bb7.docx', '1', '1', '2016-02-03 14:26:52', '0000-00-00 00:00:00');
INSERT INTO `zb_product_attachment` VALUES ('22', '1', '18', '95', '17通讯录.docx', 'http://7xjhy8.com1.z0.glb.clouddn.com/2016-02-03_56b19e6ec4370.docx', '1', '1', '2016-02-03 14:30:07', '0000-00-00 00:00:00');
INSERT INTO `zb_product_attachment` VALUES ('23', '1', '18', '95', 'OTC产品说明.docx', 'http://7xjhy8.com1.z0.glb.clouddn.com/2016-02-03_56b19e7dc22ba.docx', '1', '1', '2016-02-03 14:30:21', '0000-00-00 00:00:00');
INSERT INTO `zb_product_attachment` VALUES ('24', '2', '17', '95', '17通讯录.docx', 'http://7xjhy8.com1.z0.glb.clouddn.com/2016-02-03_56b19fdebdbb6.docx', '1', '2', '2016-02-03 14:36:15', '0000-00-00 00:00:00');
INSERT INTO `zb_product_attachment` VALUES ('25', '2', '17', '93', '12016-01-28_56a9c85806674.docx', 'http://7xjhy8.com1.z0.glb.clouddn.com/2016-02-03_56b1a03968b65.docx', '2', '2', '2016-02-03 14:37:45', '2016-02-03 14:37:50');
INSERT INTO `zb_product_attachment` VALUES ('26', '2', '17', '93', '12016-01-28_56a9c85806674.docx', 'http://7xjhy8.com1.z0.glb.clouddn.com/2016-02-03_56b1a045827fa.docx', '2', '2', '2016-02-03 14:37:58', '0000-00-00 00:00:00');
INSERT INTO `zb_product_attachment` VALUES ('27', '1', '1', '1', 'angular.js-master.zip', 'http://7xjhy8.com1.z0.glb.clouddn.com/2016-02-03_56b1b7b7743ec.zip', '1', '1', '2016-02-03 16:19:15', '0000-00-00 00:00:00');
INSERT INTO `zb_product_attachment` VALUES ('28', '1', '21', '1', '产品评分表.xlsx', 'http://7xjhy8.com1.z0.glb.clouddn.com/2016-02-05_56b45ce52feaa.xlsx', '1', '1', '2016-02-05 16:27:17', '0000-00-00 00:00:00');
INSERT INTO `zb_product_attachment` VALUES ('29', '1', '21', '1', '门店.png', 'http://7xjhy8.com1.z0.glb.clouddn.com/2016-02-05_56b45ce9ccb83.png', '1', '1', '2016-02-05 16:27:21', '0000-00-00 00:00:00');
INSERT INTO `zb_product_attachment` VALUES ('30', '1', '22', '1', '门店.png', 'http://7xjhy8.com1.z0.glb.clouddn.com/2016-02-05_56b4779b65a85.png', '1', '1', '2016-02-05 18:21:15', '0000-00-00 00:00:00');
INSERT INTO `zb_product_attachment` VALUES ('31', '1', '22', '1', '产品评分表.xlsx', 'http://7xjhy8.com1.z0.glb.clouddn.com/2016-02-05_56b477db41af2.xlsx', '1', '1', '2016-02-05 18:22:19', '0000-00-00 00:00:00');
INSERT INTO `zb_product_attachment` VALUES ('32', '2', '11', '1', '2016-01-20_569f04167b6ac.docx', 'http://7xjhy8.com1.z0.glb.clouddn.com/2016-02-17_56c41a60cd28d.docx', '1', '2', '2016-02-17 14:59:45', '2016-02-17 15:00:05');
INSERT INTO `zb_product_attachment` VALUES ('33', '2', '11', '1', '2016-01-28_56a8eb6d27f82.docx', 'http://7xjhy8.com1.z0.glb.clouddn.com/2016-02-17_56c41a6fe6845.docx', '1', '2', '2016-02-17 15:00:00', '2016-02-17 15:00:03');
INSERT INTO `zb_product_attachment` VALUES ('34', '2', '11', '1', 'desktop_new.png', 'http://7xjhy8.com1.z0.glb.clouddn.com/2016-02-19_56c68b433c852.png', '1', '2', '2016-02-19 11:25:57', '0000-00-00 00:00:00');
INSERT INTO `zb_product_attachment` VALUES ('35', '2', '11', '1', '资邦财富投资管理平台-开发进度.docx', 'http://7xjhy8.com1.z0.glb.clouddn.com/2016-02-19_56c68b9cddedb.docx', '2', '2', '2016-02-19 11:27:25', '0000-00-00 00:00:00');
INSERT INTO `zb_product_attachment` VALUES ('36', '1', '26', '1', '3.gif', 'http://7xjhy8.com1.z0.glb.clouddn.com/2016-02-19_56c6c82722d2a.gif', '1', '1', '2016-02-19 15:45:44', '0000-00-00 00:00:00');
INSERT INTO `zb_product_attachment` VALUES ('37', '1', '27', '94', '3.gif', 'http://7xjhy8.com1.z0.glb.clouddn.com/2016-02-19_56c6dba3d2458.gif', '1', '1', '2016-02-19 17:08:52', '0000-00-00 00:00:00');
INSERT INTO `zb_product_attachment` VALUES ('38', '1', '28', '1', '产品评分不输入评分意见，产品审核查询界面显示为：null.png', 'http://7xjhy8.com1.z0.glb.clouddn.com/2016-02-22_56cab2b490cea.png', '1', '1', '2016-02-22 15:03:18', '0000-00-00 00:00:00');
INSERT INTO `zb_product_attachment` VALUES ('39', '1', '28', '1', '产品评分不输入评分意见，产品审核查询界面显示为：null.png', 'http://7xjhy8.com1.z0.glb.clouddn.com/2016-02-22_56cab2c270eda.png', '1', '1', '2016-02-22 15:03:34', '0000-00-00 00:00:00');
INSERT INTO `zb_product_attachment` VALUES ('40', '1', '29', '1', '产品评分不输入评分意见，产品审核查询界面显示为：null.png', 'http://7xjhy8.com1.z0.glb.clouddn.com/2016-02-22_56cab33f4a74e.png', '1', '1', '2016-02-22 15:05:36', '0000-00-00 00:00:00');
INSERT INTO `zb_product_attachment` VALUES ('41', '1', '30', '1', '产品评分不输入评分意见，产品审核查询界面显示为：null.png', 'http://7xjhy8.com1.z0.glb.clouddn.com/2016-02-22_56cab381673eb.png', '1', '1', '2016-02-22 15:06:42', '0000-00-00 00:00:00');
INSERT INTO `zb_product_attachment` VALUES ('42', '1', '31', '1', '产品评分不输入评分意见，产品审核查询界面显示为：null.png', 'http://7xjhy8.com1.z0.glb.clouddn.com/2016-02-22_56cab449f106c.png', '1', '1', '2016-02-22 15:10:03', '0000-00-00 00:00:00');
INSERT INTO `zb_product_attachment` VALUES ('43', '1', '22', '1', 'Nginx 安全配置指南技术手册.pdf', 'http://7xjhy8.com1.z0.glb.clouddn.com/2016-02-22_Nginx+%E5%AE%89%E5%85%A8%E9%85%8D%E7%BD%AE%E6%8C%87%E5%8D%97%E6%8A%80%E6%9C%AF%E6%89%8B%E5%86%8C.pdf', '1', '1', '2016-02-22 16:28:32', '0000-00-00 00:00:00');
INSERT INTO `zb_product_attachment` VALUES ('44', '1', '22', '1', '资邦财富投资管理平台.doc', 'http://7xjhy8.com1.z0.glb.clouddn.com/2016-02-22_%E8%B5%84%E9%82%A6%E8%B4%A2%E5%AF%8C%E6%8A%95%E8%B5%84%E7%AE%A1%E7%90%86%E5%B9%B3%E5%8F%B0.doc', '1', '1', '2016-02-22 16:36:32', '0000-00-00 00:00:00');
INSERT INTO `zb_product_attachment` VALUES ('45', '1', '55', '1', '提示信息范例2.png', 'http://7xjhy8.com1.z0.glb.clouddn.com/2016-03-25_%E6%8F%90%E7%A4%BA%E4%BF%A1%E6%81%AF%E8%8C%83%E4%BE%8B2.png', '1', '1', '2016-03-25 17:44:29', '0000-00-00 00:00:00');
INSERT INTO `zb_product_attachment` VALUES ('46', '1', '56', '1', '投资管理平台-产品手册_吴玉海.doc', 'http://7xjhy8.com1.z0.glb.clouddn.com/2016-03-28_%E6%8A%95%E8%B5%84%E7%AE%A1%E7%90%86%E5%B9%B3%E5%8F%B0-%E4%BA%A7%E5%93%81%E6%89%8B%E5%86%8C_%E5%90%B4%E7%8E%89%E6%B5%B7.doc', '1', '1', '2016-03-28 10:53:31', '0000-00-00 00:00:00');
INSERT INTO `zb_product_attachment` VALUES ('47', '1', '61', '1', '投资管理平台-产品手册_吴玉海.doc', 'http://7xjhy8.com1.z0.glb.clouddn.com/2016-03-28_%E6%8A%95%E8%B5%84%E7%AE%A1%E7%90%86%E5%B9%B3%E5%8F%B0-%E4%BA%A7%E5%93%81%E6%89%8B%E5%86%8C_%E5%90%B4%E7%8E%89%E6%B5%B7.doc', '1', '1', '2016-03-28 15:20:20', '0000-00-00 00:00:00');
INSERT INTO `zb_product_attachment` VALUES ('48', '2', '58', '115', '1.png', 'http://7xjhy8.com1.z0.glb.clouddn.com/2016-03-28_1.png', '1', '1', '2016-03-28 15:39:10', '0000-00-00 00:00:00');
INSERT INTO `zb_product_attachment` VALUES ('49', '2', '58', '115', 'SOL_CENT.JPG', 'http://7xjhy8.com1.z0.glb.clouddn.com/2016-03-28_SOL_CENT.JPG', '2', '1', '2016-03-28 15:40:18', '0000-00-00 00:00:00');
INSERT INTO `zb_product_attachment` VALUES ('50', '2', '62', '115', 'SOL_CENT.JPG', 'http://7xjhy8.com1.z0.glb.clouddn.com/2016-03-28_SOL_CENT.JPG', '1', '2', '2016-03-28 16:26:53', '0000-00-00 00:00:00');
INSERT INTO `zb_product_attachment` VALUES ('51', '2', '62', '115', 'SOL_CENT.JPG', 'http://7xjhy8.com1.z0.glb.clouddn.com/2016-03-28_SOL_CENT.JPG', '2', '2', '2016-03-28 16:27:47', '0000-00-00 00:00:00');
INSERT INTO `zb_product_attachment` VALUES ('52', '2', '62', '115', 'SOL_CENT.JPG', 'http://7xjhy8.com1.z0.glb.clouddn.com/2016-03-28_SOL_CENT.JPG', '1', '2', '2016-03-28 16:36:35', '0000-00-00 00:00:00');
INSERT INTO `zb_product_attachment` VALUES ('53', '2', '62', '115', 'SOL_CENT.JPG', 'http://7xjhy8.com1.z0.glb.clouddn.com/2016-03-28_SOL_CENT.JPG', '2', '2', '2016-03-28 16:37:17', '0000-00-00 00:00:00');
INSERT INTO `zb_product_attachment` VALUES ('54', '1', '64', '1', '产品上传合同没有权限控制.png', 'http://7xjhy8.com1.z0.glb.clouddn.com/2016-03-28_%E4%BA%A7%E5%93%81%E4%B8%8A%E4%BC%A0%E5%90%88%E5%90%8C%E6%B2%A1%E6%9C%89%E6%9D%83%E9%99%90%E6%8E%A7%E5%88%B6.png', '1', '1', '2016-03-28 17:05:28', '0000-00-00 00:00:00');
INSERT INTO `zb_product_attachment` VALUES ('55', '2', '61', '119', '投资管理平台-产品手册_吴玉海.doc', 'http://7xjhy8.com1.z0.glb.clouddn.com/2016-03-29_%E6%8A%95%E8%B5%84%E7%AE%A1%E7%90%86%E5%B9%B3%E5%8F%B0-%E4%BA%A7%E5%93%81%E6%89%8B%E5%86%8C_%E5%90%B4%E7%8E%89%E6%B5%B7.doc', '1', '2', '2016-03-29 09:48:13', '2016-03-29 10:02:12');
INSERT INTO `zb_product_attachment` VALUES ('56', '2', '61', '119', '投资管理平台-产品手册_吴玉海.doc', 'http://7xjhy8.com1.z0.glb.clouddn.com/2016-03-29_%E6%8A%95%E8%B5%84%E7%AE%A1%E7%90%86%E5%B9%B3%E5%8F%B0-%E4%BA%A7%E5%93%81%E6%89%8B%E5%86%8C_%E5%90%B4%E7%8E%89%E6%B5%B7.doc', '2', '1', '2016-03-29 10:02:25', '0000-00-00 00:00:00');
INSERT INTO `zb_product_attachment` VALUES ('57', '1', '66', '1', 'secondarytile.png', 'http://7xjhy8.com1.z0.glb.clouddn.com/2016-03-29_secondarytile.png', '1', '1', '2016-03-29 11:00:31', '0000-00-00 00:00:00');
INSERT INTO `zb_product_attachment` VALUES ('58', '1', '67', '1', '投资管理平台-产品手册_吴玉海.doc', 'http://7xjhy8.com1.z0.glb.clouddn.com/2016-03-30_%E6%8A%95%E8%B5%84%E7%AE%A1%E7%90%86%E5%B9%B3%E5%8F%B0-%E4%BA%A7%E5%93%81%E6%89%8B%E5%86%8C_%E5%90%B4%E7%8E%89%E6%B5%B7.doc', '1', '1', '2016-03-30 13:48:21', '0000-00-00 00:00:00');
INSERT INTO `zb_product_attachment` VALUES ('59', '2', '67', '1', '软著和产品需要-软件使用说明书样本.doc', 'http://7xjhy8.com1.z0.glb.clouddn.com/2016-03-30_%E8%BD%AF%E8%91%97%E5%92%8C%E4%BA%A7%E5%93%81%E9%9C%80%E8%A6%81-%E8%BD%AF%E4%BB%B6%E4%BD%BF%E7%94%A8%E8%AF%B4%E6%98%8E%E4%B9%A6%E6%A0%B7%E6%9C%AC.doc', '1', '1', '2016-03-30 16:59:49', '0000-00-00 00:00:00');
INSERT INTO `zb_product_attachment` VALUES ('60', '2', '67', '1', '资产交易功能清单.xlsx', 'http://7xjhy8.com1.z0.glb.clouddn.com/2016-03-30_%E8%B5%84%E4%BA%A7%E4%BA%A4%E6%98%93%E5%8A%9F%E8%83%BD%E6%B8%85%E5%8D%95.xlsx', '2', '1', '2016-03-30 17:07:12', '0000-00-00 00:00:00');
INSERT INTO `zb_product_attachment` VALUES ('61', '2', '17', '1', 'css.css', 'http://7xjhy8.com1.z0.glb.clouddn.com/2016-03-30_css.css', '1', '1', '2016-03-30 17:31:57', '0000-00-00 00:00:00');
INSERT INTO `zb_product_attachment` VALUES ('62', '2', '17', '1', '模块', 'http://7xjhy8.com1.z0.glb.clouddn.com/2016-03-30_%E6%A8%A1%E5%9D%97.', '2', '1', '2016-03-30 17:32:33', '0000-00-00 00:00:00');
INSERT INTO `zb_product_attachment` VALUES ('63', '1', '69', '115', '移动端问题.xlsx', 'http://7xjhy8.com1.z0.glb.clouddn.com/2016-03-31_%E7%A7%BB%E5%8A%A8%E7%AB%AF%E9%97%AE%E9%A2%98.xlsx', '1', '1', '2016-03-31 10:45:48', '0000-00-00 00:00:00');
INSERT INTO `zb_product_attachment` VALUES ('64', '1', '70', '1', '资产交易功能清单.xlsx', 'http://7xjhy8.com1.z0.glb.clouddn.com/2016-03-31_%E8%B5%84%E4%BA%A7%E4%BA%A4%E6%98%93%E5%8A%9F%E8%83%BD%E6%B8%85%E5%8D%95.xlsx', '1', '1', '2016-03-31 10:55:37', '0000-00-00 00:00:00');
INSERT INTO `zb_product_attachment` VALUES ('65', '2', '68', '1', '移动端问题.xlsx', 'http://7xjhy8.com1.z0.glb.clouddn.com/2016-03-31_%E7%A7%BB%E5%8A%A8%E7%AB%AF%E9%97%AE%E9%A2%98.xlsx', '1', '2', '2016-03-31 11:32:31', '0000-00-00 00:00:00');
INSERT INTO `zb_product_attachment` VALUES ('66', '1', '71', '1', 'secondarytile.png', 'http://7xjhy8.com1.z0.glb.clouddn.com/2016-03-31_secondarytile.png', '1', '1', '2016-03-31 11:33:13', '0000-00-00 00:00:00');
INSERT INTO `zb_product_attachment` VALUES ('67', '2', '68', '1', 'index.htm', 'http://7xjhy8.com1.z0.glb.clouddn.com/2016-03-31_index.htm', '2', '2', '2016-03-31 12:02:29', '0000-00-00 00:00:00');
INSERT INTO `zb_product_attachment` VALUES ('68', '2', '69', '115', '移动端问题.xlsx', 'http://7xjhy8.com1.z0.glb.clouddn.com/2016-03-31_%E7%A7%BB%E5%8A%A8%E7%AB%AF%E9%97%AE%E9%A2%98.xlsx', '1', '1', '2016-03-31 13:46:44', '0000-00-00 00:00:00');
INSERT INTO `zb_product_attachment` VALUES ('69', '2', '69', '1', '1.png', 'http://7xjhy8.com1.z0.glb.clouddn.com/2016-03-31_1.png', '2', '1', '2016-03-31 14:10:15', '0000-00-00 00:00:00');
INSERT INTO `zb_product_attachment` VALUES ('70', '2', '71', '94', 'secondarytile.png', 'http://7xjhy8.com1.z0.glb.clouddn.com/2016-03-31_secondarytile.png', '1', '1', '2016-03-31 14:34:48', '0000-00-00 00:00:00');
INSERT INTO `zb_product_attachment` VALUES ('71', '2', '71', '94', 'secondarytile.png', 'http://7xjhy8.com1.z0.glb.clouddn.com/2016-03-31_secondarytile.png', '2', '1', '2016-03-31 14:36:54', '0000-00-00 00:00:00');
INSERT INTO `zb_product_attachment` VALUES ('72', '2', '68', '1', '1.png', 'http://7xjhy8.com1.z0.glb.clouddn.com/2016-03-31_1.png', '1', '2', '2016-03-31 14:37:39', '0000-00-00 00:00:00');
INSERT INTO `zb_product_attachment` VALUES ('73', '2', '70', '1', '资产交易功能清单.xlsx', 'http://7xjhy8.com1.z0.glb.clouddn.com/2016-03-31_%E8%B5%84%E4%BA%A7%E4%BA%A4%E6%98%93%E5%8A%9F%E8%83%BD%E6%B8%85%E5%8D%95.xlsx', '1', '1', '2016-03-31 14:39:34', '0000-00-00 00:00:00');
INSERT INTO `zb_product_attachment` VALUES ('74', '2', '70', '1', '资产交易平台2.xlsx', 'http://7xjhy8.com1.z0.glb.clouddn.com/2016-03-31_%E8%B5%84%E4%BA%A7%E4%BA%A4%E6%98%93%E5%B9%B3%E5%8F%B02.xlsx', '2', '1', '2016-03-31 14:42:01', '0000-00-00 00:00:00');
INSERT INTO `zb_product_attachment` VALUES ('75', '2', '72', '115', '1.png', 'http://7xjhy8.com1.z0.glb.clouddn.com/2016-03-31_1.png', '1', '2', '2016-03-31 15:36:10', '0000-00-00 00:00:00');
INSERT INTO `zb_product_attachment` VALUES ('76', '2', '72', '115', '1.png', 'http://7xjhy8.com1.z0.glb.clouddn.com/2016-03-31_1.png', '2', '2', '2016-03-31 15:36:22', '0000-00-00 00:00:00');
INSERT INTO `zb_product_attachment` VALUES ('77', '2', '68', '115', '1.png', 'http://7xjhy8.com1.z0.glb.clouddn.com/2016-04-01_1.png', '1', '2', '2016-04-01 10:03:10', '0000-00-00 00:00:00');
INSERT INTO `zb_product_attachment` VALUES ('78', '2', '68', '115', '1.png', 'http://7xjhy8.com1.z0.glb.clouddn.com/2016-04-01_1.png', '2', '2', '2016-04-01 10:03:33', '0000-00-00 00:00:00');

-- ----------------------------
-- Table structure for zb_product_category
-- ----------------------------
DROP TABLE IF EXISTS `zb_product_category`;
CREATE TABLE `zb_product_category` (
  `id` int(10) unsigned NOT NULL AUTO_INCREMENT,
  `pid` int(10) unsigned NOT NULL DEFAULT '0' COMMENT '上级分类ID',
  `category_name` varchar(255) NOT NULL DEFAULT '' COMMENT '类型名称',
  `add_time` datetime NOT NULL DEFAULT '0000-00-00 00:00:00' COMMENT '添加时间',
  `status` tinyint(1) unsigned NOT NULL DEFAULT '1' COMMENT '状态 1启用 2禁用 3注销',
  `leavel` tinyint(2) unsigned NOT NULL DEFAULT '3' COMMENT '层级',
  PRIMARY KEY (`id`)
) ENGINE=InnoDB AUTO_INCREMENT=88 DEFAULT CHARSET=utf8 COMMENT='产品类型表';

-- ----------------------------
-- Records of zb_product_category
-- ----------------------------
INSERT INTO `zb_product_category` VALUES ('1', '0', '基金', '2016-01-22 20:09:00', '1', '1');
INSERT INTO `zb_product_category` VALUES ('2', '1', '股票', '2016-01-22 20:09:00', '1', '2');
INSERT INTO `zb_product_category` VALUES ('3', '1', '债券', '2016-01-22 20:09:00', '1', '2');
INSERT INTO `zb_product_category` VALUES ('4', '1', '期货期权', '2016-01-22 20:09:00', '1', '2');
INSERT INTO `zb_product_category` VALUES ('5', '1', '定增', '2016-01-22 20:09:00', '1', '2');
INSERT INTO `zb_product_category` VALUES ('6', '1', '混合', '2016-01-22 20:09:00', '1', '2');
INSERT INTO `zb_product_category` VALUES ('7', '1', 'FOF', '2016-01-22 20:09:00', '1', '2');
INSERT INTO `zb_product_category` VALUES ('8', '1', '新三板', '2016-01-22 20:09:00', '1', '2');
INSERT INTO `zb_product_category` VALUES ('9', '1', '并购重组', '2016-01-22 20:09:00', '1', '2');
INSERT INTO `zb_product_category` VALUES ('10', '1', '创业投资', '2016-01-22 20:09:00', '1', '2');
INSERT INTO `zb_product_category` VALUES ('11', '1', '固定收益', '2016-01-22 20:09:00', '1', '2');
INSERT INTO `zb_product_category` VALUES ('12', '1', '影视类', '2016-01-22 20:09:00', '1', '2');
INSERT INTO `zb_product_category` VALUES ('13', '1', '其他', '2016-01-22 20:09:00', '1', '2');
INSERT INTO `zb_product_category` VALUES ('84', '0', '债券', '2016-02-01 14:16:40', '3', '1');
INSERT INTO `zb_product_category` VALUES ('85', '0', '事实上', '2016-02-01 14:16:52', '3', '1');
INSERT INTO `zb_product_category` VALUES ('86', '0', '啊是的撒', '2016-02-01 14:18:50', '3', '1');
INSERT INTO `zb_product_category` VALUES ('87', '1', '广告费用', '2016-02-01 14:21:51', '3', '2');

-- ----------------------------
-- Table structure for zb_product_category_field
-- ----------------------------
DROP TABLE IF EXISTS `zb_product_category_field`;
CREATE TABLE `zb_product_category_field` (
  `id` int(10) unsigned NOT NULL AUTO_INCREMENT,
  `category_id` mediumint(8) unsigned NOT NULL DEFAULT '0' COMMENT '类型id',
  `field_name` varchar(255) NOT NULL DEFAULT '' COMMENT '字段的名称',
  `field_en_name` varchar(255) DEFAULT '' COMMENT '字段的英文名称',
  `field_type` tinyint(4) unsigned NOT NULL DEFAULT '1' COMMENT '字段类型 1:输入框 2下拉菜单 3单选 4多选 5富文本 6编辑器富文本',
  `field_option` varchar(255) NOT NULL DEFAULT '' COMMENT '字段可选项 field_type 为 3,4,5时 需提供选项',
  `status` tinyint(4) unsigned NOT NULL DEFAULT '1' COMMENT '是否有效，1-有效 2-无效 3-注销',
  `clock` tinyint(4) unsigned NOT NULL DEFAULT '0' COMMENT '锁定状态 0:未锁定 1:已锁定(产品录入时把category_id对应的field锁定状态修改为1)',
  `is_special` tinyint(1) unsigned NOT NULL DEFAULT '0' COMMENT '0 不是特殊 1通用',
  `add_time` datetime NOT NULL DEFAULT '0000-00-00 00:00:00' COMMENT '增加时间',
  `update_time` datetime NOT NULL DEFAULT '0000-00-00 00:00:00' COMMENT '修改时间',
  PRIMARY KEY (`id`)
) ENGINE=InnoDB AUTO_INCREMENT=45 DEFAULT CHARSET=utf8 COMMENT='产品类型字段列表';

-- ----------------------------
-- Records of zb_product_category_field
-- ----------------------------
INSERT INTO `zb_product_category_field` VALUES ('1', '0', '基金管理人', '基金管理人', '1', '', '2', '0', '1', '2016-01-15 10:41:37', '0000-00-00 00:00:00');
INSERT INTO `zb_product_category_field` VALUES ('2', '0', '基金托管人', '基金托管人', '1', '', '2', '0', '1', '2016-01-15 10:42:01', '0000-00-00 00:00:00');
INSERT INTO `zb_product_category_field` VALUES ('3', '0', '投资顾问', '投资顾问', '1', '', '2', '0', '1', '2016-01-15 10:42:21', '0000-00-00 00:00:00');
INSERT INTO `zb_product_category_field` VALUES ('4', '0', '基金规模', '基金规模', '1', '', '2', '0', '1', '2016-01-15 10:43:25', '0000-00-00 00:00:00');
INSERT INTO `zb_product_category_field` VALUES ('5', '0', '期限', '期限', '1', '', '2', '0', '1', '2016-01-15 10:43:30', '0000-00-00 00:00:00');
INSERT INTO `zb_product_category_field` VALUES ('6', '0', '项目收益', '项目收益', '2', '', '2', '0', '1', '2016-01-15 10:43:56', '0000-00-00 00:00:00');
INSERT INTO `zb_product_category_field` VALUES ('7', '0', '资金投向', '', '2', '', '2', '0', '1', '2016-01-15 10:44:10', '0000-00-00 00:00:00');
INSERT INTO `zb_product_category_field` VALUES ('8', '0', '收益来源', '', '2', '', '2', '0', '1', '2016-01-15 10:44:37', '0000-00-00 00:00:00');
INSERT INTO `zb_product_category_field` VALUES ('9', '0', '项目风控', '', '2', '', '2', '0', '1', '2016-01-15 10:44:57', '0000-00-00 00:00:00');
INSERT INTO `zb_product_category_field` VALUES ('10', '0', '基金管理人简介', '', '2', '', '2', '0', '1', '2016-01-15 10:45:21', '0000-00-00 00:00:00');
INSERT INTO `zb_product_category_field` VALUES ('11', '0', '投资顾问简介', '', '2', '', '2', '0', '1', '2016-01-15 10:45:39', '0000-00-00 00:00:00');
INSERT INTO `zb_product_category_field` VALUES ('12', '0', '项目简介', '', '2', '', '2', '0', '1', '2016-01-15 10:46:04', '0000-00-00 00:00:00');
INSERT INTO `zb_product_category_field` VALUES ('15', '2', '测是', '', '1', '', '2', '0', '0', '2016-01-25 20:55:15', '0000-00-00 00:00:00');
INSERT INTO `zb_product_category_field` VALUES ('16', '2', '测试啊', '', '2', '8,9', '2', '0', '0', '2016-01-25 20:55:19', '0000-00-00 00:00:00');
INSERT INTO `zb_product_category_field` VALUES ('17', '2', '测试啊', '', '2', '8,9', '2', '0', '0', '2016-01-25 20:55:31', '0000-00-00 00:00:00');
INSERT INTO `zb_product_category_field` VALUES ('18', '0', '测试啊', '', '2', '8,9,0', '1', '0', '0', '2016-01-25 21:06:45', '0000-00-00 00:00:00');
INSERT INTO `zb_product_category_field` VALUES ('19', '0', 'www', '', '2', 'www', '1', '0', '0', '2016-01-26 14:15:08', '0000-00-00 00:00:00');
INSERT INTO `zb_product_category_field` VALUES ('20', '0', '新的', '', '1', '0', '1', '0', '0', '2016-01-25 20:10:27', '2016-01-26 15:24:40');
INSERT INTO `zb_product_category_field` VALUES ('21', '2', '剪刀666', '', '1', '', '1', '0', '0', '2016-01-25 20:11:55', '2016-01-26 16:29:32');
INSERT INTO `zb_product_category_field` VALUES ('22', '2', '局了', '', '1', '', '2', '0', '0', '2016-01-26 09:43:38', '0000-00-00 00:00:00');
INSERT INTO `zb_product_category_field` VALUES ('23', '2', '2323', '', '1', '', '1', '0', '0', '2016-01-26 14:13:10', '0000-00-00 00:00:00');
INSERT INTO `zb_product_category_field` VALUES ('24', '2', '3434', '', '2', '2323', '1', '0', '0', '2016-01-26 14:13:25', '0000-00-00 00:00:00');
INSERT INTO `zb_product_category_field` VALUES ('25', '2', '123', '', '5', '', '1', '0', '0', '2016-01-26 14:13:35', '0000-00-00 00:00:00');
INSERT INTO `zb_product_category_field` VALUES ('26', '0', '1110', '', '1', '', '1', '0', '0', '2016-01-26 14:16:41', '2016-01-26 15:28:14');
INSERT INTO `zb_product_category_field` VALUES ('27', '4', 'xin鹅鹅鹅', '', '1', '', '1', '0', '0', '2016-01-26 14:36:58', '2016-01-27 09:51:26');
INSERT INTO `zb_product_category_field` VALUES ('28', '2', 'xxx', '', '2', 'd', '1', '0', '0', '2016-01-26 16:32:23', '0000-00-00 00:00:00');
INSERT INTO `zb_product_category_field` VALUES ('29', '3', 'fdfssd', '', '1', '', '1', '0', '0', '2016-01-27 09:46:00', '0000-00-00 00:00:00');
INSERT INTO `zb_product_category_field` VALUES ('30', '10', '3434', '', '1', '', '1', '0', '0', '2016-01-27 14:49:44', '0000-00-00 00:00:00');
INSERT INTO `zb_product_category_field` VALUES ('31', '10', '22', '', '2', '23', '1', '0', '0', '2016-01-27 14:49:52', '0000-00-00 00:00:00');
INSERT INTO `zb_product_category_field` VALUES ('32', '10', '34', '', '5', '', '1', '0', '0', '2016-01-27 14:49:59', '0000-00-00 00:00:00');
INSERT INTO `zb_product_category_field` VALUES ('33', '10', '34343', '', '2', '3434', '1', '0', '0', '2016-01-27 14:50:09', '0000-00-00 00:00:00');
INSERT INTO `zb_product_category_field` VALUES ('38', '13', '罗塞蒂', '', '1', '', '2', '0', '0', '2016-02-01 13:54:22', '0000-00-00 00:00:00');
INSERT INTO `zb_product_category_field` VALUES ('39', '12', '片类', '', '1', '', '2', '0', '0', '2016-02-01 13:47:32', '0000-00-00 00:00:00');
INSERT INTO `zb_product_category_field` VALUES ('40', '12', '片类', '', '1', '', '2', '0', '0', '2016-02-01 13:54:28', '0000-00-00 00:00:00');
INSERT INTO `zb_product_category_field` VALUES ('41', '12', '票价', '', '2', '50,100,200', '2', '0', '0', '2016-02-01 14:00:58', '2016-02-01 13:55:07');
INSERT INTO `zb_product_category_field` VALUES ('42', '12', '5忍5日', '', '5', '', '1', '0', '0', '2016-02-01 14:05:21', '0000-00-00 00:00:00');
INSERT INTO `zb_product_category_field` VALUES ('43', '0', '产品介绍', '', '6', '', '1', '0', '1', '2016-02-04 19:15:48', '0000-00-00 00:00:00');
INSERT INTO `zb_product_category_field` VALUES ('44', '13', 'sdfds', '', '1', '', '1', '0', '0', '2016-03-28 17:03:55', '0000-00-00 00:00:00');

-- ----------------------------
-- Table structure for zb_product_category_field_value
-- ----------------------------
DROP TABLE IF EXISTS `zb_product_category_field_value`;
CREATE TABLE `zb_product_category_field_value` (
  `id` int(10) unsigned NOT NULL AUTO_INCREMENT,
  `product_id` int(10) unsigned NOT NULL DEFAULT '0' COMMENT '产品id',
  `field_id` int(11) NOT NULL COMMENT '类型下字段id（来自product_category_field的field_id）',
  `field_name` varchar(255) NOT NULL COMMENT '参数字段 来自(product_category_field的field_name)',
  `field_value` text COMMENT 'field值',
  `add_time` datetime NOT NULL DEFAULT '0000-00-00 00:00:00' COMMENT '添加时间',
  `update_time` datetime NOT NULL DEFAULT '0000-00-00 00:00:00' COMMENT '更新时间',
  `status` tinyint(1) unsigned NOT NULL DEFAULT '1' COMMENT '记录状态，0-无效，1-有效，2-删除',
  PRIMARY KEY (`id`)
) ENGINE=InnoDB AUTO_INCREMENT=232 DEFAULT CHARSET=utf8 COMMENT='产品分类字段表';

-- ----------------------------
-- Records of zb_product_category_field_value
-- ----------------------------
INSERT INTO `zb_product_category_field_value` VALUES ('1', '1', '21', '剪刀666', '地方撒', '2016-01-29 23:43:15', '2016-02-01 10:38:31', '1');
INSERT INTO `zb_product_category_field_value` VALUES ('2', '1', '23', '2323', '范德萨', '2016-01-29 23:43:15', '2016-02-01 10:38:31', '1');
INSERT INTO `zb_product_category_field_value` VALUES ('3', '1', '24', '3434', '萨地方', '2016-01-29 23:43:15', '2016-02-01 10:38:31', '1');
INSERT INTO `zb_product_category_field_value` VALUES ('4', '1', '28', 'xxx', '范德萨', '2016-01-29 23:43:15', '2016-02-01 10:38:31', '1');
INSERT INTO `zb_product_category_field_value` VALUES ('5', '1', '25', '123', '', '2016-01-29 23:43:15', '2016-02-01 10:38:31', '1');
INSERT INTO `zb_product_category_field_value` VALUES ('6', '2', '1', '基金管理人', '陈俊彤', '2016-02-01 09:47:31', '2016-02-01 09:47:58', '1');
INSERT INTO `zb_product_category_field_value` VALUES ('7', '2', '2', '基金托管人', '郑虹', '2016-02-01 09:47:31', '2016-02-01 09:47:58', '1');
INSERT INTO `zb_product_category_field_value` VALUES ('8', '2', '3', '投资顾问', '张赫宣', '2016-02-01 09:47:31', '2016-02-01 09:47:58', '1');
INSERT INTO `zb_product_category_field_value` VALUES ('9', '2', '4', '基金规模', '100万', '2016-02-01 09:47:31', '2016-02-01 09:47:58', '1');
INSERT INTO `zb_product_category_field_value` VALUES ('10', '2', '5', '期限', '90天', '2016-02-01 09:47:31', '2016-02-01 09:47:58', '1');
INSERT INTO `zb_product_category_field_value` VALUES ('11', '2', '6', '项目收益', '就是资金流入现值总额与资金流出现值总额相等、净现值等于零时的折现率。', '2016-02-01 09:47:31', '2016-02-01 09:47:58', '1');
INSERT INTO `zb_product_category_field_value` VALUES ('12', '2', '7', '资金投向', ' 扩大直接融资规模,规范项目收益债券发行管理工作', '2016-02-01 09:47:31', '2016-02-01 09:47:58', '1');
INSERT INTO `zb_product_category_field_value` VALUES ('13', '2', '8', '收益来源', '母公司可以作为项目公司的第一差额补偿人(含担保性质方)', '2016-02-01 09:47:31', '2016-02-01 09:47:58', '1');
INSERT INTO `zb_product_category_field_value` VALUES ('14', '2', '9', '项目风控', ' 从未来发展趋势看,项目收益债逐渐取代城投债,并将成为发改委主要审批品种', '2016-02-01 09:47:31', '2016-02-01 09:47:58', '1');
INSERT INTO `zb_product_category_field_value` VALUES ('15', '2', '10', '基金管理人简介', '2014年7月11日，银行间市场交易商协会（以下简称“交易商协会”）发布《银行间债券市场非金融企业项目收益票据业务指引》', '2016-02-01 09:47:31', '2016-02-01 09:47:58', '1');
INSERT INTO `zb_product_category_field_value` VALUES ('16', '2', '11', '投资顾问简介', '我国债券市场重要组成部分的企业债的监管部门，国家发展和改革委员会（以下简称“发改委”）也很快推出了类似产品。', '2016-02-01 09:47:31', '2016-02-01 09:47:58', '1');
INSERT INTO `zb_product_category_field_value` VALUES ('17', '2', '12', '项目简介', '项目收益类债券本质上其实是一种资产证券化产品，其支持资产就是募投项目本身，并以募投项目产生的现金流作为偿债来源发行债券。', '2016-02-01 09:47:31', '2016-02-01 09:47:58', '1');
INSERT INTO `zb_product_category_field_value` VALUES ('18', '3', '1', '基金管理人', '金志文', '2016-02-01 10:42:29', '2016-02-01 10:42:46', '1');
INSERT INTO `zb_product_category_field_value` VALUES ('19', '3', '2', '基金托管人', '卓义峰', '2016-02-01 10:42:29', '2016-02-01 10:42:46', '1');
INSERT INTO `zb_product_category_field_value` VALUES ('20', '3', '3', '投资顾问', '郑虹', '2016-02-01 10:42:29', '2016-02-01 10:42:46', '1');
INSERT INTO `zb_product_category_field_value` VALUES ('21', '3', '4', '基金规模', '9000万', '2016-02-01 10:42:29', '2016-02-01 10:42:46', '1');
INSERT INTO `zb_product_category_field_value` VALUES ('22', '3', '5', '期限', '90天', '2016-02-01 10:42:29', '2016-02-01 10:42:46', '1');
INSERT INTO `zb_product_category_field_value` VALUES ('23', '3', '6', '项目收益', '根据《业务指引》，项目收益票据是指“非金融企业（以下简称企业）在银行间债券市场发行的，募集资金用于项目建设且以项目产生的经营性现金流为主要偿债来源的债务融资工具”。', '2016-02-01 10:42:29', '2016-02-01 10:42:46', '1');
INSERT INTO `zb_product_category_field_value` VALUES ('24', '3', '7', '资金投向', '发改委目前尚未针对项目收益债出台任何相关文件', '2016-02-01 10:42:29', '2016-02-01 10:42:46', '1');
INSERT INTO `zb_product_category_field_value` VALUES ('25', '3', '8', '收益来源', '项目收益类债券自诞生起就被寄予了很高的期望，国家层面上希望化解地方政府融资平台债务风险，未来城投债将会逐渐消亡，但是公共性融资需求不会消亡，必然需要新的替代产品。', '2016-02-01 10:42:29', '2016-02-01 10:42:46', '1');
INSERT INTO `zb_product_category_field_value` VALUES ('26', '3', '9', '项目风控', '项目收益类债券与地方政府债券以及PPP模式一起被认为是城投债的最佳替代品种，在这种情况下，项目收益类债券未来必然会迎来大发展，债券从业人员有必要对其进行认真研究。', '2016-02-01 10:42:29', '2016-02-01 10:42:46', '1');
INSERT INTO `zb_product_category_field_value` VALUES ('27', '3', '10', '基金管理人简介', '大规模的基础设施投资带来的拉动作用是维持我国经济高速增长的重要原因之一，但在这个过程中，地方政府通过融资平台积累了大量的债务', '2016-02-01 10:42:29', '2016-02-01 10:42:46', '1');
INSERT INTO `zb_product_category_field_value` VALUES ('28', '3', '11', '投资顾问简介', '全国人大给出的数据是30万亿左右，算上大量的隐性债务，真实的数据恐远远不止于此，而且规模还在不断增加。地方政府债务风险的不断积聚，为中国经济发展埋下了一颗“定时炸弹”。', '2016-02-01 10:42:29', '2016-02-01 10:42:46', '1');
INSERT INTO `zb_product_category_field_value` VALUES ('29', '3', '12', '项目简介', '项目收益类债券正是在这一背景下推出的，其以项目自身的现金流作为还款来源的特性正契合了“不增加政府偿债责任”的需求。', '2016-02-01 10:42:29', '2016-02-01 10:42:46', '1');
INSERT INTO `zb_product_category_field_value` VALUES ('30', '4', '1', '基金管理人', '李昊瀚', '2016-02-01 11:13:28', '2016-02-01 11:13:45', '1');
INSERT INTO `zb_product_category_field_value` VALUES ('31', '4', '2', '基金托管人', '权振东', '2016-02-01 11:13:28', '2016-02-01 11:13:45', '1');
INSERT INTO `zb_product_category_field_value` VALUES ('32', '4', '3', '投资顾问', '金志文', '2016-02-01 11:13:28', '2016-02-01 11:13:45', '1');
INSERT INTO `zb_product_category_field_value` VALUES ('33', '4', '4', '基金规模', '600万', '2016-02-01 11:13:28', '2016-02-01 11:13:45', '1');
INSERT INTO `zb_product_category_field_value` VALUES ('34', '4', '5', '期限', '80天', '2016-02-01 11:13:28', '2016-02-01 11:13:45', '1');
INSERT INTO `zb_product_category_field_value` VALUES ('35', '4', '6', '项目收益', '123', '2016-02-01 11:13:28', '2016-02-01 11:13:45', '1');
INSERT INTO `zb_product_category_field_value` VALUES ('36', '4', '7', '资金投向', '456', '2016-02-01 11:13:28', '2016-02-01 11:13:45', '1');
INSERT INTO `zb_product_category_field_value` VALUES ('37', '4', '8', '收益来源', '789', '2016-02-01 11:13:28', '2016-02-01 11:13:45', '1');
INSERT INTO `zb_product_category_field_value` VALUES ('38', '4', '9', '项目风控', '100', '2016-02-01 11:13:28', '2016-02-01 11:13:45', '1');
INSERT INTO `zb_product_category_field_value` VALUES ('39', '4', '10', '基金管理人简介', '101', '2016-02-01 11:13:28', '2016-02-01 11:13:45', '1');
INSERT INTO `zb_product_category_field_value` VALUES ('40', '4', '11', '投资顾问简介', '102', '2016-02-01 11:13:28', '2016-02-01 11:13:45', '1');
INSERT INTO `zb_product_category_field_value` VALUES ('41', '4', '12', '项目简介', '103', '2016-02-01 11:13:28', '2016-02-01 11:13:45', '1');
INSERT INTO `zb_product_category_field_value` VALUES ('102', '10', '1', '基金管理人', '陶虹旭', '2016-02-01 13:41:27', '2016-02-01 13:41:27', '1');
INSERT INTO `zb_product_category_field_value` VALUES ('103', '10', '2', '基金托管人', '王燕', '2016-02-01 13:41:27', '2016-02-01 13:41:27', '1');
INSERT INTO `zb_product_category_field_value` VALUES ('104', '10', '3', '投资顾问', '张赫宣', '2016-02-01 13:41:27', '2016-02-01 13:41:27', '1');
INSERT INTO `zb_product_category_field_value` VALUES ('105', '10', '4', '基金规模', '800万', '2016-02-01 13:41:27', '2016-02-01 13:41:27', '1');
INSERT INTO `zb_product_category_field_value` VALUES ('106', '10', '5', '期限', '80天', '2016-02-01 13:41:27', '2016-02-01 13:41:27', '1');
INSERT INTO `zb_product_category_field_value` VALUES ('107', '10', '6', '项目收益', '行业标准Class10，传输速度可达40MB/s；', '2016-02-01 13:41:27', '2016-02-01 13:41:27', '1');
INSERT INTO `zb_product_category_field_value` VALUES ('108', '10', '7', '资金投向', '适合高清视频录制和高分辨率照片拍摄；', '2016-02-01 13:41:27', '2016-02-01 13:41:27', '1');
INSERT INTO `zb_product_category_field_value` VALUES ('109', '10', '8', '收益来源', '8G/16G/32G/64G四种容量选择', '2016-02-01 13:41:27', '2016-02-01 13:41:27', '1');
INSERT INTO `zb_product_category_field_value` VALUES ('110', '10', '9', '项目风控', '索尼SDHC/SDXC存储卡全方位发挥您手中的索尼数码产品卓著性能', '2016-02-01 13:41:27', '2016-02-01 13:41:27', '1');
INSERT INTO `zb_product_category_field_value` VALUES ('111', '10', '10', '基金管理人简介', '提供5年保修;', '2016-02-01 13:41:27', '2016-02-01 13:41:27', '1');
INSERT INTO `zb_product_category_field_value` VALUES ('112', '10', '11', '投资顾问简介', '提供数据救援软件下载（免费）及数据救援服务（有偿）；', '2016-02-01 13:41:27', '2016-02-01 13:41:27', '1');
INSERT INTO `zb_product_category_field_value` VALUES ('113', '10', '12', '项目简介', '独有备忘标签区域便于分类', '2016-02-01 13:41:27', '2016-02-01 13:41:27', '1');
INSERT INTO `zb_product_category_field_value` VALUES ('114', '11', '41', '票价', '50', '2016-02-01 13:57:56', '2016-02-01 14:33:08', '1');
INSERT INTO `zb_product_category_field_value` VALUES ('115', '13', '42', '5忍5日', '', '2016-02-01 14:09:29', '2016-02-01 14:38:18', '1');
INSERT INTO `zb_product_category_field_value` VALUES ('116', '14', '1', '基金管理人', '王燕', '2016-02-03 10:58:58', '2016-02-03 11:00:44', '1');
INSERT INTO `zb_product_category_field_value` VALUES ('117', '14', '2', '基金托管人', '云杰', '2016-02-03 10:58:58', '2016-02-03 11:00:44', '1');
INSERT INTO `zb_product_category_field_value` VALUES ('118', '14', '3', '投资顾问', '陶虹旭', '2016-02-03 10:58:58', '2016-02-03 11:00:44', '1');
INSERT INTO `zb_product_category_field_value` VALUES ('119', '14', '4', '基金规模', '8000000', '2016-02-03 10:58:58', '2016-02-03 11:00:44', '1');
INSERT INTO `zb_product_category_field_value` VALUES ('120', '14', '5', '期限', '90天', '2016-02-03 10:58:58', '2016-02-03 11:00:44', '1');
INSERT INTO `zb_product_category_field_value` VALUES ('121', '14', '6', '项目收益', '在编制实施“十三五”规划和专项规划时,优先将老区重大工程项目纳入并给予...|闲钱存盈活期', '2016-02-03 10:58:58', '2016-02-03 11:00:44', '1');
INSERT INTO `zb_product_category_field_value` VALUES ('122', '14', '7', '资金投向', '投资收益是对外投资所取得的利润、股利和债券利息等收入减去投资损失后的净收益', '2016-02-03 10:58:58', '2016-02-03 11:00:44', '1');
INSERT INTO `zb_product_category_field_value` VALUES ('123', '14', '8', '收益来源', '移动互联网固定收益的财富管理平台', '2016-02-03 10:58:58', '2016-02-03 11:00:44', '1');
INSERT INTO `zb_product_category_field_value` VALUES ('124', '14', '9', '项目风控', '100%股权采用收益法评估时2016年营业收入、净利润等数据预测', '2016-02-03 10:58:58', '2016-02-03 11:00:44', '1');
INSERT INTO `zb_product_category_field_value` VALUES ('125', '14', '10', '基金管理人简介', '项目计划书，突显项目优势，突显项目核心竞争力，紧扣投资方关注点，迅速打动投资方.15年代写报告经验，甲级资质单位，严格保密制度。', '2016-02-03 10:58:58', '2016-02-03 11:00:44', '1');
INSERT INTO `zb_product_category_field_value` VALUES ('126', '14', '11', '投资顾问简介', '国内外现状、知识产权状况和发展趋势;技术突破对产业技术进步的重要意义和作用', '2016-02-03 10:58:58', '2016-02-03 11:00:44', '1');
INSERT INTO `zb_product_category_field_value` VALUES ('127', '14', '12', '项目简介', '就项目的内容和目标进行阐述。4、项目可行性分析:⑴对项目进行可行性方面的分析,包括项目已有的单位、实力情况、现有条件、工作基础以及优势。', '2016-02-03 10:58:58', '2016-02-03 11:00:44', '1');
INSERT INTO `zb_product_category_field_value` VALUES ('128', '15', '1', '基金管理人', '232', '2016-02-03 11:02:51', '2016-02-03 11:05:49', '1');
INSERT INTO `zb_product_category_field_value` VALUES ('129', '15', '2', '基金托管人', '23', '2016-02-03 11:02:51', '2016-02-03 11:05:49', '1');
INSERT INTO `zb_product_category_field_value` VALUES ('130', '15', '3', '投资顾问', '23', '2016-02-03 11:02:51', '2016-02-03 11:05:49', '1');
INSERT INTO `zb_product_category_field_value` VALUES ('131', '15', '4', '基金规模', '23', '2016-02-03 11:02:51', '2016-02-03 11:05:49', '1');
INSERT INTO `zb_product_category_field_value` VALUES ('132', '15', '5', '期限', '23', '2016-02-03 11:02:51', '2016-02-03 11:05:49', '1');
INSERT INTO `zb_product_category_field_value` VALUES ('133', '15', '6', '项目收益', '23', '2016-02-03 11:02:51', '2016-02-03 11:05:49', '1');
INSERT INTO `zb_product_category_field_value` VALUES ('134', '15', '7', '资金投向', '23', '2016-02-03 11:02:51', '2016-02-03 11:05:49', '1');
INSERT INTO `zb_product_category_field_value` VALUES ('135', '15', '8', '收益来源', '23', '2016-02-03 11:02:51', '2016-02-03 11:05:49', '1');
INSERT INTO `zb_product_category_field_value` VALUES ('136', '15', '9', '项目风控', '23', '2016-02-03 11:02:51', '2016-02-03 11:05:49', '1');
INSERT INTO `zb_product_category_field_value` VALUES ('137', '15', '10', '基金管理人简介', '23', '2016-02-03 11:02:51', '2016-02-03 11:05:49', '1');
INSERT INTO `zb_product_category_field_value` VALUES ('138', '15', '11', '投资顾问简介', '23', '2016-02-03 11:02:51', '2016-02-03 11:05:49', '1');
INSERT INTO `zb_product_category_field_value` VALUES ('139', '15', '12', '项目简介', '23', '2016-02-03 11:02:51', '2016-02-03 11:05:49', '1');
INSERT INTO `zb_product_category_field_value` VALUES ('140', '16', '1', '基金管理人', '斯蒂芬', '2016-02-03 11:23:28', '2016-02-03 11:23:48', '1');
INSERT INTO `zb_product_category_field_value` VALUES ('141', '16', '2', '基金托管人', '张可得', '2016-02-03 11:23:28', '2016-02-03 11:23:48', '1');
INSERT INTO `zb_product_category_field_value` VALUES ('142', '16', '3', '投资顾问', '五彩里', '2016-02-03 11:23:28', '2016-02-03 11:23:48', '1');
INSERT INTO `zb_product_category_field_value` VALUES ('143', '16', '4', '基金规模', '', '2016-02-03 11:23:28', '2016-02-03 11:23:48', '1');
INSERT INTO `zb_product_category_field_value` VALUES ('144', '16', '5', '期限', '90天', '2016-02-03 11:23:28', '2016-02-03 11:23:48', '1');
INSERT INTO `zb_product_category_field_value` VALUES ('145', '16', '6', '项目收益', '123热风速度', '2016-02-03 11:23:28', '2016-02-03 11:23:48', '1');
INSERT INTO `zb_product_category_field_value` VALUES ('146', '16', '7', '资金投向', '的官方的发阿', '2016-02-03 11:23:28', '2016-02-03 11:23:48', '1');
INSERT INTO `zb_product_category_field_value` VALUES ('147', '16', '8', '收益来源', '阿道夫个风格黄', '2016-02-03 11:23:28', '2016-02-03 11:23:48', '1');
INSERT INTO `zb_product_category_field_value` VALUES ('148', '16', '9', '项目风控', '将很快和客户进', '2016-02-03 11:23:28', '2016-02-03 11:23:48', '1');
INSERT INTO `zb_product_category_field_value` VALUES ('149', '16', '10', '基金管理人简介', '阿魏酸的任务二', '2016-02-03 11:23:28', '2016-02-03 11:23:48', '1');
INSERT INTO `zb_product_category_field_value` VALUES ('150', '16', '11', '投资顾问简介', '突然有涂鸦天', '2016-02-03 11:23:28', '2016-02-03 11:23:48', '1');
INSERT INTO `zb_product_category_field_value` VALUES ('151', '16', '12', '项目简介', '阿撒大速度', '2016-02-03 11:23:28', '2016-02-03 11:23:48', '1');
INSERT INTO `zb_product_category_field_value` VALUES ('152', '17', '29', 'fdfssd', '1', '2016-02-03 14:25:07', '2016-02-03 14:26:15', '1');
INSERT INTO `zb_product_category_field_value` VALUES ('153', '18', '29', 'fdfssd', '11', '2016-02-03 14:29:15', '2016-02-03 14:30:24', '1');
INSERT INTO `zb_product_category_field_value` VALUES ('154', '19', '21', '剪刀666', '', '2016-02-03 14:31:12', '2016-02-03 14:31:41', '1');
INSERT INTO `zb_product_category_field_value` VALUES ('155', '19', '23', '2323', '', '2016-02-03 14:31:12', '2016-02-03 14:31:41', '1');
INSERT INTO `zb_product_category_field_value` VALUES ('156', '19', '24', '3434', '', '2016-02-03 14:31:12', '2016-02-03 14:31:41', '1');
INSERT INTO `zb_product_category_field_value` VALUES ('157', '19', '28', 'xxx', '', '2016-02-03 14:31:12', '2016-02-03 14:31:41', '1');
INSERT INTO `zb_product_category_field_value` VALUES ('158', '19', '25', '123', '', '2016-02-03 14:31:12', '2016-02-03 14:31:41', '1');
INSERT INTO `zb_product_category_field_value` VALUES ('159', '20', '21', '剪刀666', '反对萨芬的是', '2016-02-05 16:25:47', '2016-02-05 16:25:59', '1');
INSERT INTO `zb_product_category_field_value` VALUES ('160', '20', '23', '2323', '发大水', '2016-02-05 16:25:47', '2016-02-05 16:25:59', '1');
INSERT INTO `zb_product_category_field_value` VALUES ('161', '20', '24', '3434', '发大水', '2016-02-05 16:25:47', '2016-02-05 16:25:59', '1');
INSERT INTO `zb_product_category_field_value` VALUES ('162', '20', '28', 'xxx', '发大水', '2016-02-05 16:25:47', '2016-02-05 16:25:59', '1');
INSERT INTO `zb_product_category_field_value` VALUES ('163', '20', '25', '123', null, '2016-02-05 16:25:47', '2016-02-05 16:25:59', '1');
INSERT INTO `zb_product_category_field_value` VALUES ('164', '21', '29', 'fdfssd', '啊的萨芬萨地方萨地方', '2016-02-05 16:26:48', '2016-03-18 15:07:27', '1');
INSERT INTO `zb_product_category_field_value` VALUES ('165', '22', '21', '剪刀666', 'FDSAFDSA', '2016-02-05 18:20:57', '2016-02-25 13:57:39', '1');
INSERT INTO `zb_product_category_field_value` VALUES ('166', '22', '23', '2323', 'FDSAF', '2016-02-05 18:20:57', '2016-02-25 13:57:39', '1');
INSERT INTO `zb_product_category_field_value` VALUES ('167', '22', '24', '3434', 'AFSDFDSA', '2016-02-05 18:20:57', '2016-02-25 13:57:39', '1');
INSERT INTO `zb_product_category_field_value` VALUES ('168', '22', '28', 'xxx', 'FDSAFDS12313', '2016-02-05 18:20:57', '2016-02-25 13:57:39', '1');
INSERT INTO `zb_product_category_field_value` VALUES ('169', '22', '25', '123', null, '2016-02-05 18:20:57', '2016-02-25 13:57:39', '1');
INSERT INTO `zb_product_category_field_value` VALUES ('170', '23', '21', '剪刀666', '发大水负担', '2016-02-05 18:33:48', '2016-02-05 18:34:35', '1');
INSERT INTO `zb_product_category_field_value` VALUES ('171', '23', '23', '2323', '啊地方撒发大水', '2016-02-05 18:33:48', '2016-02-05 18:34:35', '1');
INSERT INTO `zb_product_category_field_value` VALUES ('172', '23', '24', '3434', '范德萨发大水', '2016-02-05 18:33:48', '2016-02-05 18:34:35', '1');
INSERT INTO `zb_product_category_field_value` VALUES ('173', '23', '28', 'xxx', '啊发大水', '2016-02-05 18:33:48', '2016-02-05 18:34:35', '1');
INSERT INTO `zb_product_category_field_value` VALUES ('174', '23', '25', '123', null, '2016-02-05 18:33:48', '2016-02-05 18:34:35', '1');
INSERT INTO `zb_product_category_field_value` VALUES ('175', '24', '29', 'fdfssd', '121', '2016-02-19 15:29:02', '2016-02-19 15:29:02', '1');
INSERT INTO `zb_product_category_field_value` VALUES ('176', '25', '43', '产品介绍', '12', '2016-02-19 15:29:25', '2016-02-19 17:16:52', '1');
INSERT INTO `zb_product_category_field_value` VALUES ('177', '26', '43', '产品介绍', '343', '2016-02-19 15:45:01', '2016-02-19 15:45:01', '1');
INSERT INTO `zb_product_category_field_value` VALUES ('178', '27', '29', 'fdfssd', '34', '2016-02-19 17:08:12', '2016-02-19 17:08:12', '1');
INSERT INTO `zb_product_category_field_value` VALUES ('179', '28', '21', '剪刀666', '34', '2016-02-22 15:02:07', '2016-02-22 15:03:01', '1');
INSERT INTO `zb_product_category_field_value` VALUES ('180', '28', '23', '2323', '34', '2016-02-22 15:02:07', '2016-02-22 15:03:01', '1');
INSERT INTO `zb_product_category_field_value` VALUES ('181', '28', '24', '3434', '34', '2016-02-22 15:02:07', '2016-02-22 15:03:01', '1');
INSERT INTO `zb_product_category_field_value` VALUES ('182', '28', '28', 'xxx', '34', '2016-02-22 15:02:07', '2016-02-22 15:03:01', '1');
INSERT INTO `zb_product_category_field_value` VALUES ('183', '28', '25', '123', null, '2016-02-22 15:02:07', '2016-02-22 15:03:01', '1');
INSERT INTO `zb_product_category_field_value` VALUES ('184', '29', '43', '产品介绍', '12', '2016-02-22 15:04:57', '2016-02-22 15:04:57', '1');
INSERT INTO `zb_product_category_field_value` VALUES ('185', '30', '43', '产品介绍', '12', '2016-02-22 15:06:07', '2016-02-22 15:06:07', '1');
INSERT INTO `zb_product_category_field_value` VALUES ('186', '31', '43', '产品介绍', '12', '2016-02-22 15:09:25', '2016-02-22 15:10:05', '1');
INSERT INTO `zb_product_category_field_value` VALUES ('187', '32', '27', 'xin鹅鹅鹅', '123', '2016-02-22 16:52:50', '2016-02-22 16:52:55', '1');
INSERT INTO `zb_product_category_field_value` VALUES ('188', '33', '43', '产品介绍', '随意', '2016-02-22 16:56:17', '2016-02-22 16:56:30', '1');
INSERT INTO `zb_product_category_field_value` VALUES ('189', '34', '43', '产品介绍', '1111', '2016-02-22 16:58:33', '2016-02-22 16:58:58', '1');
INSERT INTO `zb_product_category_field_value` VALUES ('190', '35', '43', '产品介绍', '111', '2016-02-22 17:00:19', '2016-02-22 17:00:55', '1');
INSERT INTO `zb_product_category_field_value` VALUES ('191', '36', '43', '产品介绍', '111', '2016-02-22 17:01:27', '2016-02-22 17:02:06', '1');
INSERT INTO `zb_product_category_field_value` VALUES ('192', '37', '43', '产品介绍', '324234234234', '2016-02-22 17:02:26', '2016-02-22 17:15:36', '1');
INSERT INTO `zb_product_category_field_value` VALUES ('193', '38', '43', '产品介绍', '22', '2016-02-23 14:17:10', '2016-03-28 16:59:46', '1');
INSERT INTO `zb_product_category_field_value` VALUES ('194', '39', '43', '产品介绍', '123123', '2016-02-23 14:23:38', '2016-03-25 14:44:04', '1');
INSERT INTO `zb_product_category_field_value` VALUES ('195', '40', '43', '产品介绍', '', '2016-02-23 16:18:31', '2016-02-23 16:18:31', '1');
INSERT INTO `zb_product_category_field_value` VALUES ('196', '41', '43', '产品介绍', '2323', '2016-02-23 16:32:20', '2016-02-23 16:33:14', '1');
INSERT INTO `zb_product_category_field_value` VALUES ('197', '42', '43', '产品介绍', '简单介绍', '2016-03-23 15:14:08', '2016-03-23 15:50:16', '1');
INSERT INTO `zb_product_category_field_value` VALUES ('198', '43', '43', '产品介绍', '风格风格恢复好', '2016-03-25 11:18:29', '2016-03-28 14:04:31', '1');
INSERT INTO `zb_product_category_field_value` VALUES ('199', '44', '27', 'xin鹅鹅鹅', '策策', '2016-03-25 11:28:24', '2016-03-25 11:28:24', '1');
INSERT INTO `zb_product_category_field_value` VALUES ('200', '45', '21', '剪刀666', '1', '2016-03-25 14:43:15', '2016-03-25 14:43:15', '1');
INSERT INTO `zb_product_category_field_value` VALUES ('201', '45', '23', '2323', '', '2016-03-25 14:43:15', '2016-03-25 14:43:15', '1');
INSERT INTO `zb_product_category_field_value` VALUES ('202', '45', '24', '3434', '', '2016-03-25 14:43:15', '2016-03-25 14:43:15', '1');
INSERT INTO `zb_product_category_field_value` VALUES ('203', '45', '28', 'xxx', '', '2016-03-25 14:43:15', '2016-03-25 14:43:15', '1');
INSERT INTO `zb_product_category_field_value` VALUES ('204', '45', '25', '123', null, '2016-03-25 14:43:15', '2016-03-25 14:43:15', '1');
INSERT INTO `zb_product_category_field_value` VALUES ('205', '46', '43', '产品介绍', '', '2016-03-25 15:11:55', '2016-03-25 15:12:38', '1');
INSERT INTO `zb_product_category_field_value` VALUES ('206', '47', '27', 'xin鹅鹅鹅', 'tyy', '2016-03-25 16:59:58', '2016-03-25 16:59:58', '1');
INSERT INTO `zb_product_category_field_value` VALUES ('207', '48', '29', 'fdfssd', '描述字段', '2016-03-25 17:03:46', '2016-03-25 17:03:46', '1');
INSERT INTO `zb_product_category_field_value` VALUES ('208', '49', '27', 'xin鹅鹅鹅', '', '2016-03-25 17:04:41', '2016-03-25 17:04:41', '1');
INSERT INTO `zb_product_category_field_value` VALUES ('209', '50', '43', '产品介绍', '12', '2016-03-25 17:05:12', '2016-03-25 17:05:12', '1');
INSERT INTO `zb_product_category_field_value` VALUES ('210', '51', '43', '产品介绍', '123', '2016-03-25 17:06:12', '2016-03-25 17:06:12', '1');
INSERT INTO `zb_product_category_field_value` VALUES ('211', '52', '43', '产品介绍', '34', '2016-03-25 17:12:17', '2016-03-25 17:12:17', '1');
INSERT INTO `zb_product_category_field_value` VALUES ('212', '53', '43', '产品介绍', '12', '2016-03-25 17:18:32', '2016-03-25 17:18:32', '1');
INSERT INTO `zb_product_category_field_value` VALUES ('213', '54', '27', 'xin鹅鹅鹅', '', '2016-03-25 17:34:16', '2016-03-25 17:34:24', '1');
INSERT INTO `zb_product_category_field_value` VALUES ('214', '55', '43', '产品介绍', '2323', '2016-03-25 17:34:47', '2016-03-25 17:44:32', '1');
INSERT INTO `zb_product_category_field_value` VALUES ('215', '56', '43', '产品介绍', '清水源私募基金', '2016-03-28 10:40:52', '2016-03-28 10:54:56', '1');
INSERT INTO `zb_product_category_field_value` VALUES ('216', '57', '43', '产品介绍', '2323323', '2016-03-28 14:15:28', '2016-03-28 14:15:28', '1');
INSERT INTO `zb_product_category_field_value` VALUES ('217', '58', '43', '产品介绍', '是对方电话分机多少', '2016-03-28 14:26:47', '2016-03-28 14:51:44', '1');
INSERT INTO `zb_product_category_field_value` VALUES ('218', '59', '43', '产品介绍', '产品介绍', '2016-03-28 14:27:21', '2016-03-28 14:27:21', '1');
INSERT INTO `zb_product_category_field_value` VALUES ('219', '60', '29', 'fdfssd', '', '2016-03-28 14:35:19', '2016-03-29 09:42:43', '1');
INSERT INTO `zb_product_category_field_value` VALUES ('220', '61', '43', '产品介绍', '清水源私募基金', '2016-03-28 15:17:03', '2016-03-28 17:00:01', '1');
INSERT INTO `zb_product_category_field_value` VALUES ('221', '62', '43', '产品介绍', '让他鬼地方鬼地方', '2016-03-28 16:08:52', '2016-03-28 16:09:16', '1');
INSERT INTO `zb_product_category_field_value` VALUES ('222', '63', '43', '产品介绍', '产品介绍', '2016-03-28 16:22:15', '2016-03-28 16:22:15', '1');
INSERT INTO `zb_product_category_field_value` VALUES ('223', '64', '43', '产品介绍', '产品介绍产品介绍产品介绍产品介绍', '2016-03-28 16:56:25', '2016-03-28 17:05:31', '1');
INSERT INTO `zb_product_category_field_value` VALUES ('224', '65', '29', 'fdfssd', 'sadf', '2016-03-28 17:22:53', '2016-03-28 17:22:53', '1');
INSERT INTO `zb_product_category_field_value` VALUES ('225', '66', '43', '产品介绍', '产品介绍', '2016-03-29 09:13:21', '2016-03-29 11:14:58', '1');
INSERT INTO `zb_product_category_field_value` VALUES ('226', '67', '43', '产品介绍', '外贸基金募集', '2016-03-30 13:44:27', '2016-03-30 13:48:42', '1');
INSERT INTO `zb_product_category_field_value` VALUES ('227', '68', '43', '产品介绍', '测试产品', '2016-03-31 09:54:40', '2016-03-31 09:58:32', '1');
INSERT INTO `zb_product_category_field_value` VALUES ('228', '69', '43', '产品介绍', '定时产品', '2016-03-31 10:41:13', '2016-03-31 10:45:50', '1');
INSERT INTO `zb_product_category_field_value` VALUES ('229', '70', '29', 'fdfssd', '投资资源私募基金', '2016-03-31 10:48:29', '2016-03-31 10:55:43', '1');
INSERT INTO `zb_product_category_field_value` VALUES ('230', '71', '27', 'xin鹅鹅鹅', 'w33', '2016-03-31 11:25:55', '2016-03-31 11:34:52', '1');
INSERT INTO `zb_product_category_field_value` VALUES ('231', '72', '29', 'fdfssd', '天龙寺和尚', '2016-03-31 15:27:38', '2016-03-31 15:29:07', '1');

-- ----------------------------
-- Table structure for zb_product_date_data
-- ----------------------------
DROP TABLE IF EXISTS `zb_product_date_data`;
CREATE TABLE `zb_product_date_data` (
  `id` int(11) unsigned NOT NULL AUTO_INCREMENT COMMENT '自增id',
  `tb_type` tinyint(1) unsigned NOT NULL DEFAULT '0' COMMENT '表格类型：1-签单表格，2-打款表格',
  `pid` int(11) unsigned NOT NULL,
  `year` year(4) NOT NULL COMMENT '年份',
  `month` tinyint(2) unsigned NOT NULL COMMENT '月份',
  `date` tinyint(2) NOT NULL COMMENT '日期',
  `num` int(10) unsigned NOT NULL DEFAULT '0' COMMENT '金额（单位：万元）',
  `add_time` datetime NOT NULL DEFAULT '0000-00-00 00:00:00' COMMENT '添加时间',
  `update_time` datetime NOT NULL DEFAULT '0000-00-00 00:00:00' COMMENT '更新时间',
  `status` tinyint(1) unsigned NOT NULL DEFAULT '1' COMMENT '该记录是否有效，0-无效，1-有效',
  PRIMARY KEY (`id`)
) ENGINE=InnoDB DEFAULT CHARSET=utf8 COMMENT='产品日期数据表，用于保存和签单表格结构相同的数据。';

-- ----------------------------
-- Records of zb_product_date_data
-- ----------------------------

-- ----------------------------
-- Table structure for zb_product_fees_log
-- ----------------------------
DROP TABLE IF EXISTS `zb_product_fees_log`;
CREATE TABLE `zb_product_fees_log` (
  `id` int(10) unsigned NOT NULL AUTO_INCREMENT,
  `product_id` int(10) unsigned NOT NULL DEFAULT '0' COMMENT '产品ID',
  `uid` int(10) unsigned NOT NULL DEFAULT '0' COMMENT '审核用户 ID',
  `user_department` varchar(255) NOT NULL DEFAULT '' COMMENT '审核用户所在部门',
  `type` tinyint(1) unsigned NOT NULL DEFAULT '1' COMMENT '审核结果类别 1同意 2退回',
  `status` tinyint(1) unsigned NOT NULL DEFAULT '1' COMMENT '通过状态 1有效 2无效',
  `reason` tinytext NOT NULL COMMENT '退回理由',
  `add_time` datetime NOT NULL DEFAULT '0000-00-00 00:00:00',
  `update_time` datetime NOT NULL DEFAULT '0000-00-00 00:00:00',
  PRIMARY KEY (`id`)
) ENGINE=InnoDB AUTO_INCREMENT=35 DEFAULT CHARSET=utf8 COMMENT='产品费率方案审核记录表';

-- ----------------------------
-- Records of zb_product_fees_log
-- ----------------------------
INSERT INTO `zb_product_fees_log` VALUES ('1', '2', '59', '产品部', '2', '1', '发票有吗？', '2016-02-01 10:15:45', '0000-00-00 00:00:00');
INSERT INTO `zb_product_fees_log` VALUES ('2', '2', '63', '调研部', '1', '2', '', '2016-02-01 10:30:28', '0000-00-00 00:00:00');
INSERT INTO `zb_product_fees_log` VALUES ('3', '2', '63', '调研部', '2', '1', 'frfdgdfg', '2016-02-01 10:32:25', '0000-00-00 00:00:00');
INSERT INTO `zb_product_fees_log` VALUES ('4', '2', '59', '产品部', '1', '2', '同意', '2016-02-01 10:36:27', '0000-00-00 00:00:00');
INSERT INTO `zb_product_fees_log` VALUES ('5', '3', '59', '产品部', '2', '1', '大师傅似的', '2016-02-01 11:08:15', '0000-00-00 00:00:00');
INSERT INTO `zb_product_fees_log` VALUES ('6', '2', '63', '调研部', '1', '2', '近几年今年', '2016-02-01 14:36:24', '0000-00-00 00:00:00');
INSERT INTO `zb_product_fees_log` VALUES ('7', '15', '100', '财富管理中心', '1', '2', '2332323', '2016-02-03 13:49:21', '0000-00-00 00:00:00');
INSERT INTO `zb_product_fees_log` VALUES ('8', '17', '74', '产品部', '1', '2', '同意', '2016-02-03 14:43:53', '0000-00-00 00:00:00');
INSERT INTO `zb_product_fees_log` VALUES ('9', '17', '100', '财富管理中心', '1', '2', 'tongyi', '2016-02-03 14:44:09', '0000-00-00 00:00:00');
INSERT INTO `zb_product_fees_log` VALUES ('10', '17', '92', '战略发展部', '2', '1', 'xxxc', '2016-02-03 14:44:43', '0000-00-00 00:00:00');
INSERT INTO `zb_product_fees_log` VALUES ('11', '17', '74', '产品部', '1', '1', '再次同意', '2016-02-03 14:45:15', '0000-00-00 00:00:00');
INSERT INTO `zb_product_fees_log` VALUES ('12', '17', '92', '战略发展部', '1', '1', '', '2016-02-03 14:45:37', '0000-00-00 00:00:00');
INSERT INTO `zb_product_fees_log` VALUES ('13', '17', '100', '财富管理中心', '1', '1', 'hgbhjmbh', '2016-02-03 14:46:12', '0000-00-00 00:00:00');
INSERT INTO `zb_product_fees_log` VALUES ('14', '13', '1', '开发部', '1', '1', 'dsfds额同方股份回购', '2016-02-19 15:37:21', '0000-00-00 00:00:00');
INSERT INTO `zb_product_fees_log` VALUES ('15', '2', '1', '开发部', '2', '1', '测试数据', '2016-02-22 14:31:06', '0000-00-00 00:00:00');
INSERT INTO `zb_product_fees_log` VALUES ('16', '15', '1', '开发部', '1', '2', '', '2016-02-29 17:13:13', '0000-00-00 00:00:00');
INSERT INTO `zb_product_fees_log` VALUES ('17', '14', '1', '开发部', '1', '1', 'dd', '2016-03-21 15:24:13', '0000-00-00 00:00:00');
INSERT INTO `zb_product_fees_log` VALUES ('18', '15', '1', '开发部', '2', '1', 'dd', '2016-03-21 15:24:28', '0000-00-00 00:00:00');
INSERT INTO `zb_product_fees_log` VALUES ('19', '17', '1', '开发部', '1', '1', '', '2016-03-23 17:22:28', '0000-00-00 00:00:00');
INSERT INTO `zb_product_fees_log` VALUES ('20', '61', '1', '开发部', '1', '2', '', '2016-03-29 14:48:36', '0000-00-00 00:00:00');
INSERT INTO `zb_product_fees_log` VALUES ('21', '58', '115', '开发部', '1', '2', '', '2016-03-29 16:15:09', '0000-00-00 00:00:00');
INSERT INTO `zb_product_fees_log` VALUES ('22', '61', '1', '开发部', '2', '1', '', '2016-03-29 16:58:30', '0000-00-00 00:00:00');
INSERT INTO `zb_product_fees_log` VALUES ('23', '58', '115', '开发部', '2', '1', '', '2016-03-29 17:02:04', '0000-00-00 00:00:00');
INSERT INTO `zb_product_fees_log` VALUES ('24', '62', '115', '开发部', '1', '1', '', '2016-03-30 13:44:38', '0000-00-00 00:00:00');
INSERT INTO `zb_product_fees_log` VALUES ('25', '62', '1', '开发部', '1', '1', '撒旦撒旦撒', '2016-03-30 13:45:31', '0000-00-00 00:00:00');
INSERT INTO `zb_product_fees_log` VALUES ('26', '62', '112', '战略发展部', '1', '1', 'sadsadsa', '2016-03-30 13:46:44', '0000-00-00 00:00:00');
INSERT INTO `zb_product_fees_log` VALUES ('27', '67', '1', '开发部', '1', '1', '费率审核通过', '2016-03-30 18:04:21', '0000-00-00 00:00:00');
INSERT INTO `zb_product_fees_log` VALUES ('28', '72', '1', '开发部', '1', '1', '', '2016-03-31 15:41:17', '0000-00-00 00:00:00');
INSERT INTO `zb_product_fees_log` VALUES ('29', '72', '115', '开发部', '1', '1', '', '2016-03-31 15:42:05', '0000-00-00 00:00:00');
INSERT INTO `zb_product_fees_log` VALUES ('30', '72', '112', '战略发展部', '1', '1', '', '2016-03-31 15:42:52', '0000-00-00 00:00:00');
INSERT INTO `zb_product_fees_log` VALUES ('31', '70', '119', '财富管理中心', '1', '1', '', '2016-03-31 15:51:19', '0000-00-00 00:00:00');
INSERT INTO `zb_product_fees_log` VALUES ('32', '70', '121', '法务部', '1', '1', '', '2016-03-31 15:59:45', '0000-00-00 00:00:00');
INSERT INTO `zb_product_fees_log` VALUES ('33', '70', '123', '法务部', '1', '1', '', '2016-03-31 16:02:43', '0000-00-00 00:00:00');
INSERT INTO `zb_product_fees_log` VALUES ('34', '70', '1', '开发部', '1', '1', '', '2016-03-31 16:13:19', '0000-00-00 00:00:00');

-- ----------------------------
-- Table structure for zb_product_group_score
-- ----------------------------
DROP TABLE IF EXISTS `zb_product_group_score`;
CREATE TABLE `zb_product_group_score` (
  `id` int(10) unsigned NOT NULL AUTO_INCREMENT,
  `product_id` int(10) unsigned NOT NULL DEFAULT '0' COMMENT '产品ID',
  `uid` int(10) unsigned NOT NULL COMMENT '评分用户ID',
  `group_id` int(10) unsigned NOT NULL COMMENT '打分项ID(关联评分配置表打分项ID)',
  `score` tinyint(4) unsigned NOT NULL COMMENT '分数',
  `add_time` datetime NOT NULL DEFAULT '0000-00-00 00:00:00',
  `status` tinyint(1) unsigned NOT NULL DEFAULT '1' COMMENT '是否有效 1-有效 2-无效',
  PRIMARY KEY (`id`)
) ENGINE=InnoDB AUTO_INCREMENT=406 DEFAULT CHARSET=utf8 COMMENT='产品评分项打分表';

-- ----------------------------
-- Records of zb_product_group_score
-- ----------------------------
INSERT INTO `zb_product_group_score` VALUES ('1', '2', '1', '6', '8', '2016-02-01 09:48:36', '2');
INSERT INTO `zb_product_group_score` VALUES ('2', '2', '1', '7', '9', '2016-02-01 09:48:36', '2');
INSERT INTO `zb_product_group_score` VALUES ('3', '2', '1', '8', '8', '2016-02-01 09:48:36', '2');
INSERT INTO `zb_product_group_score` VALUES ('4', '2', '1', '9', '8', '2016-02-01 09:48:36', '2');
INSERT INTO `zb_product_group_score` VALUES ('5', '2', '73', '6', '7', '2016-02-01 09:49:34', '2');
INSERT INTO `zb_product_group_score` VALUES ('6', '2', '73', '7', '7', '2016-02-01 09:49:34', '2');
INSERT INTO `zb_product_group_score` VALUES ('7', '2', '73', '8', '7', '2016-02-01 09:49:34', '2');
INSERT INTO `zb_product_group_score` VALUES ('8', '2', '73', '9', '7', '2016-02-01 09:49:34', '2');
INSERT INTO `zb_product_group_score` VALUES ('9', '2', '63', '6', '8', '2016-02-01 09:50:13', '2');
INSERT INTO `zb_product_group_score` VALUES ('10', '2', '63', '7', '8', '2016-02-01 09:50:13', '2');
INSERT INTO `zb_product_group_score` VALUES ('11', '2', '63', '8', '8', '2016-02-01 09:50:13', '2');
INSERT INTO `zb_product_group_score` VALUES ('12', '2', '63', '9', '8', '2016-02-01 09:50:13', '2');
INSERT INTO `zb_product_group_score` VALUES ('13', '3', '73', '2', '10', '2016-02-01 10:44:26', '1');
INSERT INTO `zb_product_group_score` VALUES ('14', '3', '73', '3', '10', '2016-02-01 10:44:26', '1');
INSERT INTO `zb_product_group_score` VALUES ('15', '3', '73', '4', '10', '2016-02-01 10:44:26', '1');
INSERT INTO `zb_product_group_score` VALUES ('16', '3', '73', '5', '10', '2016-02-01 10:44:26', '1');
INSERT INTO `zb_product_group_score` VALUES ('17', '3', '1', '2', '7', '2016-02-01 10:47:06', '1');
INSERT INTO `zb_product_group_score` VALUES ('18', '3', '1', '3', '7', '2016-02-01 10:47:06', '1');
INSERT INTO `zb_product_group_score` VALUES ('19', '3', '1', '4', '7', '2016-02-01 10:47:06', '1');
INSERT INTO `zb_product_group_score` VALUES ('20', '3', '1', '5', '7', '2016-02-01 10:47:06', '1');
INSERT INTO `zb_product_group_score` VALUES ('21', '3', '59', '2', '7', '2016-02-01 10:47:45', '1');
INSERT INTO `zb_product_group_score` VALUES ('22', '3', '59', '3', '6', '2016-02-01 10:47:45', '1');
INSERT INTO `zb_product_group_score` VALUES ('23', '3', '59', '4', '5', '2016-02-01 10:47:45', '1');
INSERT INTO `zb_product_group_score` VALUES ('24', '3', '59', '5', '1', '2016-02-01 10:47:45', '1');
INSERT INTO `zb_product_group_score` VALUES ('25', '1', '1', '6', '255', '2016-02-01 11:15:14', '2');
INSERT INTO `zb_product_group_score` VALUES ('26', '1', '1', '7', '255', '2016-02-01 11:15:14', '2');
INSERT INTO `zb_product_group_score` VALUES ('27', '1', '1', '8', '255', '2016-02-01 11:15:14', '2');
INSERT INTO `zb_product_group_score` VALUES ('28', '1', '1', '9', '255', '2016-02-01 11:15:14', '2');
INSERT INTO `zb_product_group_score` VALUES ('29', '4', '73', '6', '1', '2016-02-01 11:15:14', '2');
INSERT INTO `zb_product_group_score` VALUES ('30', '4', '73', '7', '1', '2016-02-01 11:15:14', '2');
INSERT INTO `zb_product_group_score` VALUES ('31', '4', '73', '8', '1', '2016-02-01 11:15:14', '2');
INSERT INTO `zb_product_group_score` VALUES ('32', '4', '73', '9', '5', '2016-02-01 11:15:14', '2');
INSERT INTO `zb_product_group_score` VALUES ('33', '4', '59', '6', '2', '2016-02-01 11:15:44', '2');
INSERT INTO `zb_product_group_score` VALUES ('34', '4', '59', '7', '2', '2016-02-01 11:15:44', '2');
INSERT INTO `zb_product_group_score` VALUES ('35', '4', '59', '8', '2', '2016-02-01 11:15:44', '2');
INSERT INTO `zb_product_group_score` VALUES ('36', '4', '59', '9', '2', '2016-02-01 11:15:44', '2');
INSERT INTO `zb_product_group_score` VALUES ('37', '4', '63', '6', '3', '2016-02-01 11:16:20', '2');
INSERT INTO `zb_product_group_score` VALUES ('38', '4', '63', '7', '3', '2016-02-01 11:16:20', '2');
INSERT INTO `zb_product_group_score` VALUES ('39', '4', '63', '8', '3', '2016-02-01 11:16:20', '2');
INSERT INTO `zb_product_group_score` VALUES ('40', '4', '63', '9', '3', '2016-02-01 11:16:20', '2');
INSERT INTO `zb_product_group_score` VALUES ('41', '4', '63', '6', '1', '2016-02-01 11:21:57', '2');
INSERT INTO `zb_product_group_score` VALUES ('42', '4', '63', '7', '1', '2016-02-01 11:21:57', '2');
INSERT INTO `zb_product_group_score` VALUES ('43', '4', '63', '8', '1', '2016-02-01 11:21:57', '2');
INSERT INTO `zb_product_group_score` VALUES ('44', '4', '63', '9', '1', '2016-02-01 11:21:57', '2');
INSERT INTO `zb_product_group_score` VALUES ('45', '4', '73', '6', '2', '2016-02-01 11:22:22', '2');
INSERT INTO `zb_product_group_score` VALUES ('46', '4', '73', '7', '2', '2016-02-01 11:22:22', '2');
INSERT INTO `zb_product_group_score` VALUES ('47', '4', '73', '8', '2', '2016-02-01 11:22:22', '2');
INSERT INTO `zb_product_group_score` VALUES ('48', '4', '73', '9', '2', '2016-02-01 11:22:22', '2');
INSERT INTO `zb_product_group_score` VALUES ('49', '4', '59', '6', '4', '2016-02-01 11:22:47', '2');
INSERT INTO `zb_product_group_score` VALUES ('50', '4', '59', '7', '4', '2016-02-01 11:22:47', '2');
INSERT INTO `zb_product_group_score` VALUES ('51', '4', '59', '8', '4', '2016-02-01 11:22:47', '2');
INSERT INTO `zb_product_group_score` VALUES ('52', '4', '59', '9', '4', '2016-02-01 11:22:47', '2');
INSERT INTO `zb_product_group_score` VALUES ('57', '1', '59', '6', '4', '2016-02-01 11:23:01', '2');
INSERT INTO `zb_product_group_score` VALUES ('58', '1', '59', '7', '4', '2016-02-01 11:23:01', '2');
INSERT INTO `zb_product_group_score` VALUES ('59', '1', '59', '8', '4', '2016-02-01 11:23:01', '2');
INSERT INTO `zb_product_group_score` VALUES ('60', '1', '59', '9', '4', '2016-02-01 11:23:01', '2');
INSERT INTO `zb_product_group_score` VALUES ('61', '4', '59', '6', '1', '2016-02-01 11:29:52', '2');
INSERT INTO `zb_product_group_score` VALUES ('62', '4', '59', '7', '2', '2016-02-01 11:29:52', '2');
INSERT INTO `zb_product_group_score` VALUES ('63', '4', '59', '8', '2', '2016-02-01 11:29:52', '2');
INSERT INTO `zb_product_group_score` VALUES ('64', '4', '59', '9', '2', '2016-02-01 11:29:52', '2');
INSERT INTO `zb_product_group_score` VALUES ('65', '4', '73', '6', '1', '2016-02-01 11:30:18', '2');
INSERT INTO `zb_product_group_score` VALUES ('66', '4', '73', '7', '1', '2016-02-01 11:30:18', '2');
INSERT INTO `zb_product_group_score` VALUES ('67', '4', '73', '8', '1', '2016-02-01 11:30:18', '2');
INSERT INTO `zb_product_group_score` VALUES ('68', '4', '73', '9', '1', '2016-02-01 11:30:18', '2');
INSERT INTO `zb_product_group_score` VALUES ('69', '4', '63', '6', '3', '2016-02-01 11:30:57', '2');
INSERT INTO `zb_product_group_score` VALUES ('70', '4', '63', '7', '3', '2016-02-01 11:30:57', '2');
INSERT INTO `zb_product_group_score` VALUES ('71', '4', '63', '8', '3', '2016-02-01 11:30:57', '2');
INSERT INTO `zb_product_group_score` VALUES ('72', '4', '63', '9', '3', '2016-02-01 11:30:57', '2');
INSERT INTO `zb_product_group_score` VALUES ('73', '1', '94', '6', '30', '2016-02-01 11:52:43', '2');
INSERT INTO `zb_product_group_score` VALUES ('74', '1', '94', '7', '255', '2016-02-01 11:52:43', '2');
INSERT INTO `zb_product_group_score` VALUES ('75', '1', '94', '8', '255', '2016-02-01 11:52:43', '2');
INSERT INTO `zb_product_group_score` VALUES ('76', '1', '94', '9', '255', '2016-02-01 11:52:43', '2');
INSERT INTO `zb_product_group_score` VALUES ('77', '10', '94', '2', '20', '2016-02-01 13:53:14', '2');
INSERT INTO `zb_product_group_score` VALUES ('78', '10', '94', '3', '255', '2016-02-01 13:53:14', '2');
INSERT INTO `zb_product_group_score` VALUES ('79', '10', '94', '4', '255', '2016-02-01 13:53:14', '2');
INSERT INTO `zb_product_group_score` VALUES ('80', '10', '94', '5', '21', '2016-02-01 13:53:14', '2');
INSERT INTO `zb_product_group_score` VALUES ('81', '11', '59', '48', '7', '2016-02-01 14:33:52', '2');
INSERT INTO `zb_product_group_score` VALUES ('82', '11', '73', '48', '7', '2016-02-01 14:34:25', '2');
INSERT INTO `zb_product_group_score` VALUES ('83', '11', '63', '48', '9', '2016-02-01 14:34:57', '2');
INSERT INTO `zb_product_group_score` VALUES ('84', '13', '73', '49', '2', '2016-02-01 14:39:24', '2');
INSERT INTO `zb_product_group_score` VALUES ('85', '13', '73', '50', '2', '2016-02-01 14:39:24', '2');
INSERT INTO `zb_product_group_score` VALUES ('86', '13', '59', '49', '1', '2016-02-01 14:40:40', '2');
INSERT INTO `zb_product_group_score` VALUES ('87', '13', '59', '50', '2', '2016-02-01 14:40:40', '2');
INSERT INTO `zb_product_group_score` VALUES ('88', '13', '63', '49', '23', '2016-02-01 14:41:06', '2');
INSERT INTO `zb_product_group_score` VALUES ('89', '13', '63', '50', '213', '2016-02-01 14:41:06', '2');
INSERT INTO `zb_product_group_score` VALUES ('90', '15', '94', '2', '232', '2016-02-03 11:12:28', '1');
INSERT INTO `zb_product_group_score` VALUES ('91', '15', '94', '3', '226', '2016-02-03 11:12:28', '1');
INSERT INTO `zb_product_group_score` VALUES ('92', '15', '94', '4', '255', '2016-02-03 11:12:28', '1');
INSERT INTO `zb_product_group_score` VALUES ('93', '15', '94', '5', '255', '2016-02-03 11:12:28', '1');
INSERT INTO `zb_product_group_score` VALUES ('94', '14', '96', '6', '7', '2016-02-03 11:13:25', '2');
INSERT INTO `zb_product_group_score` VALUES ('95', '14', '96', '7', '7', '2016-02-03 11:13:25', '2');
INSERT INTO `zb_product_group_score` VALUES ('96', '14', '96', '8', '7', '2016-02-03 11:13:25', '2');
INSERT INTO `zb_product_group_score` VALUES ('97', '14', '96', '9', '8', '2016-02-03 11:13:25', '2');
INSERT INTO `zb_product_group_score` VALUES ('98', '15', '96', '2', '230', '2016-02-03 11:20:25', '1');
INSERT INTO `zb_product_group_score` VALUES ('99', '15', '96', '3', '255', '2016-02-03 11:20:25', '1');
INSERT INTO `zb_product_group_score` VALUES ('100', '15', '96', '4', '255', '2016-02-03 11:20:25', '1');
INSERT INTO `zb_product_group_score` VALUES ('101', '15', '96', '5', '255', '2016-02-03 11:20:25', '1');
INSERT INTO `zb_product_group_score` VALUES ('102', '15', '98', '2', '23', '2016-02-03 11:22:30', '1');
INSERT INTO `zb_product_group_score` VALUES ('103', '15', '98', '3', '23', '2016-02-03 11:22:30', '1');
INSERT INTO `zb_product_group_score` VALUES ('104', '15', '98', '4', '255', '2016-02-03 11:22:30', '1');
INSERT INTO `zb_product_group_score` VALUES ('105', '15', '98', '5', '255', '2016-02-03 11:22:30', '1');
INSERT INTO `zb_product_group_score` VALUES ('106', '14', '98', '6', '3', '2016-02-03 11:32:47', '2');
INSERT INTO `zb_product_group_score` VALUES ('107', '14', '98', '7', '4', '2016-02-03 11:32:47', '2');
INSERT INTO `zb_product_group_score` VALUES ('108', '14', '98', '8', '5', '2016-02-03 11:32:47', '2');
INSERT INTO `zb_product_group_score` VALUES ('109', '14', '98', '9', '6', '2016-02-03 11:32:47', '2');
INSERT INTO `zb_product_group_score` VALUES ('110', '14', '1', '6', '5', '2016-02-03 11:36:23', '2');
INSERT INTO `zb_product_group_score` VALUES ('111', '14', '1', '7', '5', '2016-02-03 11:36:23', '2');
INSERT INTO `zb_product_group_score` VALUES ('112', '14', '1', '8', '6', '2016-02-03 11:36:23', '2');
INSERT INTO `zb_product_group_score` VALUES ('113', '14', '1', '9', '6', '2016-02-03 11:36:23', '2');
INSERT INTO `zb_product_group_score` VALUES ('114', '14', '1', '6', '3', '2016-02-03 11:38:59', '2');
INSERT INTO `zb_product_group_score` VALUES ('115', '14', '1', '7', '4', '2016-02-03 11:38:59', '2');
INSERT INTO `zb_product_group_score` VALUES ('116', '14', '1', '8', '5', '2016-02-03 11:38:59', '2');
INSERT INTO `zb_product_group_score` VALUES ('117', '14', '1', '9', '6', '2016-02-03 11:38:59', '2');
INSERT INTO `zb_product_group_score` VALUES ('118', '14', '96', '6', '10', '2016-02-03 11:40:01', '2');
INSERT INTO `zb_product_group_score` VALUES ('119', '14', '96', '7', '10', '2016-02-03 11:40:01', '2');
INSERT INTO `zb_product_group_score` VALUES ('120', '14', '96', '8', '10', '2016-02-03 11:40:01', '2');
INSERT INTO `zb_product_group_score` VALUES ('121', '14', '96', '9', '9', '2016-02-03 11:40:01', '2');
INSERT INTO `zb_product_group_score` VALUES ('122', '14', '94', '6', '8', '2016-02-03 11:41:41', '2');
INSERT INTO `zb_product_group_score` VALUES ('123', '14', '94', '7', '8', '2016-02-03 11:41:41', '2');
INSERT INTO `zb_product_group_score` VALUES ('124', '14', '94', '8', '8', '2016-02-03 11:41:41', '2');
INSERT INTO `zb_product_group_score` VALUES ('125', '14', '94', '9', '8', '2016-02-03 11:41:41', '2');
INSERT INTO `zb_product_group_score` VALUES ('126', '17', '96', '6', '255', '2016-02-03 14:29:09', '2');
INSERT INTO `zb_product_group_score` VALUES ('127', '17', '96', '7', '255', '2016-02-03 14:29:09', '2');
INSERT INTO `zb_product_group_score` VALUES ('128', '17', '96', '8', '255', '2016-02-03 14:29:09', '2');
INSERT INTO `zb_product_group_score` VALUES ('129', '17', '96', '9', '255', '2016-02-03 14:29:09', '2');
INSERT INTO `zb_product_group_score` VALUES ('130', '17', '74', '6', '7', '2016-02-03 14:29:22', '2');
INSERT INTO `zb_product_group_score` VALUES ('131', '17', '74', '7', '7', '2016-02-03 14:29:22', '2');
INSERT INTO `zb_product_group_score` VALUES ('132', '17', '74', '8', '4', '2016-02-03 14:29:22', '2');
INSERT INTO `zb_product_group_score` VALUES ('133', '17', '74', '9', '4', '2016-02-03 14:29:22', '2');
INSERT INTO `zb_product_group_score` VALUES ('134', '17', '98', '6', '5', '2016-02-03 14:31:06', '2');
INSERT INTO `zb_product_group_score` VALUES ('135', '17', '98', '7', '4', '2016-02-03 14:31:06', '2');
INSERT INTO `zb_product_group_score` VALUES ('136', '17', '98', '8', '4', '2016-02-03 14:31:06', '2');
INSERT INTO `zb_product_group_score` VALUES ('137', '17', '98', '9', '3', '2016-02-03 14:31:06', '2');
INSERT INTO `zb_product_group_score` VALUES ('138', '18', '1', '6', '255', '2016-02-22 09:27:10', '1');
INSERT INTO `zb_product_group_score` VALUES ('139', '18', '1', '7', '33', '2016-02-22 09:27:10', '1');
INSERT INTO `zb_product_group_score` VALUES ('140', '18', '1', '8', '44', '2016-02-22 09:27:10', '1');
INSERT INTO `zb_product_group_score` VALUES ('141', '18', '1', '9', '44', '2016-02-22 09:27:10', '1');
INSERT INTO `zb_product_group_score` VALUES ('142', '18', '94', '6', '2', '2016-02-22 10:24:13', '1');
INSERT INTO `zb_product_group_score` VALUES ('143', '18', '94', '7', '3', '2016-02-22 10:24:13', '1');
INSERT INTO `zb_product_group_score` VALUES ('144', '18', '94', '8', '4', '2016-02-22 10:24:13', '1');
INSERT INTO `zb_product_group_score` VALUES ('145', '18', '94', '9', '5', '2016-02-22 10:24:13', '1');
INSERT INTO `zb_product_group_score` VALUES ('146', '18', '98', '6', '3', '2016-02-22 10:25:25', '1');
INSERT INTO `zb_product_group_score` VALUES ('147', '18', '98', '7', '4', '2016-02-22 10:25:25', '1');
INSERT INTO `zb_product_group_score` VALUES ('148', '18', '98', '8', '4', '2016-02-22 10:25:25', '1');
INSERT INTO `zb_product_group_score` VALUES ('149', '18', '98', '9', '3', '2016-02-22 10:25:25', '1');
INSERT INTO `zb_product_group_score` VALUES ('150', '10', '1', '2', '2', '2016-02-22 10:33:44', '2');
INSERT INTO `zb_product_group_score` VALUES ('151', '10', '1', '3', '2', '2016-02-22 10:33:44', '2');
INSERT INTO `zb_product_group_score` VALUES ('152', '10', '1', '4', '1', '2016-02-22 10:33:44', '2');
INSERT INTO `zb_product_group_score` VALUES ('153', '10', '1', '5', '4', '2016-02-22 10:33:44', '2');
INSERT INTO `zb_product_group_score` VALUES ('154', '10', '98', '2', '3', '2016-02-22 10:35:44', '2');
INSERT INTO `zb_product_group_score` VALUES ('155', '10', '98', '3', '3', '2016-02-22 10:35:44', '2');
INSERT INTO `zb_product_group_score` VALUES ('156', '10', '98', '4', '3', '2016-02-22 10:35:44', '2');
INSERT INTO `zb_product_group_score` VALUES ('157', '10', '98', '5', '4', '2016-02-22 10:35:44', '2');
INSERT INTO `zb_product_group_score` VALUES ('158', '1', '94', '6', '28', '2016-02-22 10:42:42', '1');
INSERT INTO `zb_product_group_score` VALUES ('159', '1', '94', '7', '255', '2016-02-22 10:42:42', '1');
INSERT INTO `zb_product_group_score` VALUES ('160', '1', '94', '8', '255', '2016-02-22 10:42:42', '1');
INSERT INTO `zb_product_group_score` VALUES ('161', '1', '94', '9', '255', '2016-02-22 10:42:42', '1');
INSERT INTO `zb_product_group_score` VALUES ('162', '23', '1', '6', '5', '2016-02-26 11:20:10', '2');
INSERT INTO `zb_product_group_score` VALUES ('163', '23', '1', '7', '1', '2016-02-26 11:20:10', '2');
INSERT INTO `zb_product_group_score` VALUES ('164', '23', '1', '8', '1', '2016-02-26 11:20:10', '2');
INSERT INTO `zb_product_group_score` VALUES ('165', '23', '1', '9', '1', '2016-02-26 11:20:10', '2');
INSERT INTO `zb_product_group_score` VALUES ('166', '22', '1', '6', '1', '2016-03-17 18:14:05', '2');
INSERT INTO `zb_product_group_score` VALUES ('167', '22', '1', '7', '4', '2016-03-17 18:14:05', '2');
INSERT INTO `zb_product_group_score` VALUES ('168', '22', '1', '8', '4', '2016-03-17 18:14:05', '2');
INSERT INTO `zb_product_group_score` VALUES ('169', '22', '1', '9', '4', '2016-03-17 18:14:05', '2');
INSERT INTO `zb_product_group_score` VALUES ('170', '19', '1', '6', '2', '2016-03-21 14:23:51', '1');
INSERT INTO `zb_product_group_score` VALUES ('171', '19', '1', '7', '3', '2016-03-21 14:23:51', '1');
INSERT INTO `zb_product_group_score` VALUES ('172', '19', '1', '8', '3', '2016-03-21 14:23:51', '1');
INSERT INTO `zb_product_group_score` VALUES ('173', '19', '1', '9', '2', '2016-03-21 14:23:51', '1');
INSERT INTO `zb_product_group_score` VALUES ('174', '2', '1', '6', '1', '2016-03-21 14:33:17', '1');
INSERT INTO `zb_product_group_score` VALUES ('175', '2', '1', '7', '1', '2016-03-21 14:33:17', '1');
INSERT INTO `zb_product_group_score` VALUES ('176', '2', '1', '8', '1', '2016-03-21 14:33:17', '1');
INSERT INTO `zb_product_group_score` VALUES ('177', '2', '1', '9', '1', '2016-03-21 14:33:17', '1');
INSERT INTO `zb_product_group_score` VALUES ('178', '41', '1', '2', '3', '2016-03-22 14:09:17', '1');
INSERT INTO `zb_product_group_score` VALUES ('179', '41', '1', '3', '3', '2016-03-22 14:09:17', '1');
INSERT INTO `zb_product_group_score` VALUES ('180', '41', '1', '4', '3', '2016-03-22 14:09:17', '1');
INSERT INTO `zb_product_group_score` VALUES ('181', '41', '1', '5', '3', '2016-03-22 14:09:17', '1');
INSERT INTO `zb_product_group_score` VALUES ('182', '41', '94', '2', '4', '2016-03-22 15:23:33', '1');
INSERT INTO `zb_product_group_score` VALUES ('183', '41', '94', '3', '3', '2016-03-22 15:23:33', '1');
INSERT INTO `zb_product_group_score` VALUES ('184', '41', '94', '4', '6', '2016-03-22 15:23:33', '1');
INSERT INTO `zb_product_group_score` VALUES ('185', '41', '94', '5', '5', '2016-03-22 15:23:33', '1');
INSERT INTO `zb_product_group_score` VALUES ('186', '39', '1', '2', '4', '2016-03-25 14:44:54', '1');
INSERT INTO `zb_product_group_score` VALUES ('187', '39', '1', '3', '4', '2016-03-25 14:44:54', '1');
INSERT INTO `zb_product_group_score` VALUES ('188', '39', '1', '4', '4', '2016-03-25 14:44:54', '1');
INSERT INTO `zb_product_group_score` VALUES ('189', '39', '1', '5', '4', '2016-03-25 14:44:54', '1');
INSERT INTO `zb_product_group_score` VALUES ('190', '58', '115', '6', '4', '2016-03-28 15:18:43', '1');
INSERT INTO `zb_product_group_score` VALUES ('191', '58', '115', '7', '4', '2016-03-28 15:18:43', '1');
INSERT INTO `zb_product_group_score` VALUES ('192', '58', '115', '8', '4', '2016-03-28 15:18:43', '1');
INSERT INTO `zb_product_group_score` VALUES ('193', '58', '115', '9', '5', '2016-03-28 15:18:43', '1');
INSERT INTO `zb_product_group_score` VALUES ('194', '58', '112', '6', '7', '2016-03-28 15:19:38', '1');
INSERT INTO `zb_product_group_score` VALUES ('195', '58', '112', '7', '5', '2016-03-28 15:19:38', '1');
INSERT INTO `zb_product_group_score` VALUES ('196', '58', '112', '8', '4', '2016-03-28 15:19:38', '1');
INSERT INTO `zb_product_group_score` VALUES ('197', '58', '112', '9', '2', '2016-03-28 15:19:38', '1');
INSERT INTO `zb_product_group_score` VALUES ('198', '58', '96', '6', '4', '2016-03-28 15:20:12', '1');
INSERT INTO `zb_product_group_score` VALUES ('199', '58', '96', '7', '5', '2016-03-28 15:20:12', '1');
INSERT INTO `zb_product_group_score` VALUES ('200', '58', '96', '8', '6', '2016-03-28 15:20:12', '1');
INSERT INTO `zb_product_group_score` VALUES ('201', '58', '96', '9', '7', '2016-03-28 15:20:12', '1');
INSERT INTO `zb_product_group_score` VALUES ('202', '62', '115', '6', '5', '2016-03-28 16:24:25', '2');
INSERT INTO `zb_product_group_score` VALUES ('203', '62', '115', '7', '6', '2016-03-28 16:24:25', '2');
INSERT INTO `zb_product_group_score` VALUES ('204', '62', '115', '8', '7', '2016-03-28 16:24:25', '2');
INSERT INTO `zb_product_group_score` VALUES ('205', '62', '115', '9', '8', '2016-03-28 16:24:25', '2');
INSERT INTO `zb_product_group_score` VALUES ('206', '62', '1', '6', '4', '2016-03-28 16:24:54', '2');
INSERT INTO `zb_product_group_score` VALUES ('207', '62', '1', '7', '5', '2016-03-28 16:24:54', '2');
INSERT INTO `zb_product_group_score` VALUES ('208', '62', '1', '8', '5', '2016-03-28 16:24:54', '2');
INSERT INTO `zb_product_group_score` VALUES ('209', '62', '1', '9', '7', '2016-03-28 16:24:54', '2');
INSERT INTO `zb_product_group_score` VALUES ('210', '62', '96', '6', '6', '2016-03-28 16:25:25', '2');
INSERT INTO `zb_product_group_score` VALUES ('211', '62', '96', '7', '6', '2016-03-28 16:25:25', '2');
INSERT INTO `zb_product_group_score` VALUES ('212', '62', '96', '8', '7', '2016-03-28 16:25:25', '2');
INSERT INTO `zb_product_group_score` VALUES ('213', '62', '96', '9', '8', '2016-03-28 16:25:25', '2');
INSERT INTO `zb_product_group_score` VALUES ('214', '62', '115', '6', '3', '2016-03-28 16:33:34', '1');
INSERT INTO `zb_product_group_score` VALUES ('215', '62', '115', '7', '3', '2016-03-28 16:33:34', '1');
INSERT INTO `zb_product_group_score` VALUES ('216', '62', '115', '8', '4', '2016-03-28 16:33:34', '1');
INSERT INTO `zb_product_group_score` VALUES ('217', '62', '115', '9', '4', '2016-03-28 16:33:34', '1');
INSERT INTO `zb_product_group_score` VALUES ('218', '62', '1', '6', '5', '2016-03-28 16:34:03', '1');
INSERT INTO `zb_product_group_score` VALUES ('219', '62', '1', '7', '6', '2016-03-28 16:34:03', '1');
INSERT INTO `zb_product_group_score` VALUES ('220', '62', '1', '8', '7', '2016-03-28 16:34:03', '1');
INSERT INTO `zb_product_group_score` VALUES ('221', '62', '1', '9', '6', '2016-03-28 16:34:03', '1');
INSERT INTO `zb_product_group_score` VALUES ('222', '62', '96', '6', '4', '2016-03-28 16:34:27', '1');
INSERT INTO `zb_product_group_score` VALUES ('223', '62', '96', '7', '5', '2016-03-28 16:34:27', '1');
INSERT INTO `zb_product_group_score` VALUES ('224', '62', '96', '8', '6', '2016-03-28 16:34:27', '1');
INSERT INTO `zb_product_group_score` VALUES ('225', '62', '96', '9', '7', '2016-03-28 16:34:27', '1');
INSERT INTO `zb_product_group_score` VALUES ('226', '61', '117', '6', '85', '2016-03-28 17:46:23', '1');
INSERT INTO `zb_product_group_score` VALUES ('227', '61', '117', '7', '75', '2016-03-28 17:46:23', '1');
INSERT INTO `zb_product_group_score` VALUES ('228', '61', '117', '8', '80', '2016-03-28 17:46:23', '1');
INSERT INTO `zb_product_group_score` VALUES ('229', '61', '117', '9', '82', '2016-03-28 17:46:23', '1');
INSERT INTO `zb_product_group_score` VALUES ('230', '61', '118', '6', '54', '2016-03-29 09:35:42', '1');
INSERT INTO `zb_product_group_score` VALUES ('231', '61', '118', '7', '65', '2016-03-29 09:35:42', '1');
INSERT INTO `zb_product_group_score` VALUES ('232', '61', '118', '8', '85', '2016-03-29 09:35:42', '1');
INSERT INTO `zb_product_group_score` VALUES ('233', '61', '118', '9', '88', '2016-03-29 09:35:42', '1');
INSERT INTO `zb_product_group_score` VALUES ('234', '61', '119', '6', '86', '2016-03-29 09:37:32', '1');
INSERT INTO `zb_product_group_score` VALUES ('235', '61', '119', '7', '88', '2016-03-29 09:37:32', '1');
INSERT INTO `zb_product_group_score` VALUES ('236', '61', '119', '8', '90', '2016-03-29 09:37:32', '1');
INSERT INTO `zb_product_group_score` VALUES ('237', '61', '119', '9', '97', '2016-03-29 09:37:32', '1');
INSERT INTO `zb_product_group_score` VALUES ('238', '56', '1', '6', '40', '2016-03-29 15:56:50', '1');
INSERT INTO `zb_product_group_score` VALUES ('239', '0', '1', '7', '0', '2016-03-29 15:56:50', '1');
INSERT INTO `zb_product_group_score` VALUES ('240', '0', '1', '8', '30', '2016-03-29 15:56:50', '1');
INSERT INTO `zb_product_group_score` VALUES ('241', '0', '1', '9', '20', '2016-03-29 15:56:50', '1');
INSERT INTO `zb_product_group_score` VALUES ('250', '46', '1', '6', '20', '2016-03-29 16:24:25', '2');
INSERT INTO `zb_product_group_score` VALUES ('251', '0', '1', '7', '20', '2016-03-29 16:24:25', '1');
INSERT INTO `zb_product_group_score` VALUES ('252', '0', '1', '8', '20', '2016-03-29 16:24:25', '1');
INSERT INTO `zb_product_group_score` VALUES ('253', '0', '1', '9', '20', '2016-03-29 16:24:25', '1');
INSERT INTO `zb_product_group_score` VALUES ('258', '43', '1', '6', '255', '2016-03-29 16:40:23', '2');
INSERT INTO `zb_product_group_score` VALUES ('259', '43', '1', '7', '255', '2016-03-29 16:40:23', '2');
INSERT INTO `zb_product_group_score` VALUES ('260', '43', '1', '8', '255', '2016-03-29 16:40:23', '2');
INSERT INTO `zb_product_group_score` VALUES ('261', '43', '1', '9', '255', '2016-03-29 16:40:23', '2');
INSERT INTO `zb_product_group_score` VALUES ('262', '43', '115', '6', '3', '2016-03-29 16:57:52', '2');
INSERT INTO `zb_product_group_score` VALUES ('263', '0', '115', '7', '8', '2016-03-29 16:57:52', '1');
INSERT INTO `zb_product_group_score` VALUES ('264', '0', '115', '8', '6', '2016-03-29 16:57:52', '1');
INSERT INTO `zb_product_group_score` VALUES ('265', '0', '115', '9', '9', '2016-03-29 16:57:52', '1');
INSERT INTO `zb_product_group_score` VALUES ('266', '46', '1', '6', '20', '2016-03-29 17:33:27', '2');
INSERT INTO `zb_product_group_score` VALUES ('267', '0', '1', '7', '20', '2016-03-29 17:33:27', '1');
INSERT INTO `zb_product_group_score` VALUES ('268', '0', '1', '8', '20', '2016-03-29 17:33:27', '1');
INSERT INTO `zb_product_group_score` VALUES ('269', '0', '1', '9', '20', '2016-03-29 17:33:27', '1');
INSERT INTO `zb_product_group_score` VALUES ('270', '43', '1', '6', '10', '2016-03-29 17:35:42', '2');
INSERT INTO `zb_product_group_score` VALUES ('271', '0', '1', '7', '10', '2016-03-29 17:35:42', '1');
INSERT INTO `zb_product_group_score` VALUES ('272', '0', '1', '8', '10', '2016-03-29 17:35:42', '1');
INSERT INTO `zb_product_group_score` VALUES ('273', '0', '1', '9', '10', '2016-03-29 17:35:42', '1');
INSERT INTO `zb_product_group_score` VALUES ('274', '22', '1', '6', '40', '2016-03-29 17:44:40', '1');
INSERT INTO `zb_product_group_score` VALUES ('275', '0', '1', '7', '10', '2016-03-29 17:44:40', '1');
INSERT INTO `zb_product_group_score` VALUES ('276', '0', '1', '8', '20', '2016-03-29 17:44:40', '1');
INSERT INTO `zb_product_group_score` VALUES ('277', '0', '1', '9', '20', '2016-03-29 17:44:40', '1');
INSERT INTO `zb_product_group_score` VALUES ('278', '23', '1', '6', '10', '2016-03-29 17:45:20', '1');
INSERT INTO `zb_product_group_score` VALUES ('279', '0', '1', '7', '50', '2016-03-29 17:45:20', '1');
INSERT INTO `zb_product_group_score` VALUES ('280', '0', '1', '8', '10', '2016-03-29 17:45:20', '1');
INSERT INTO `zb_product_group_score` VALUES ('281', '0', '1', '9', '10', '2016-03-29 17:45:20', '1');
INSERT INTO `zb_product_group_score` VALUES ('282', '43', '96', '6', '255', '2016-03-29 17:55:09', '2');
INSERT INTO `zb_product_group_score` VALUES ('283', '43', '96', '7', '255', '2016-03-29 17:55:09', '2');
INSERT INTO `zb_product_group_score` VALUES ('284', '43', '96', '8', '255', '2016-03-29 17:55:09', '2');
INSERT INTO `zb_product_group_score` VALUES ('285', '43', '96', '9', '255', '2016-03-29 17:55:09', '2');
INSERT INTO `zb_product_group_score` VALUES ('286', '43', '1', '6', '20', '2016-03-30 09:40:43', '1');
INSERT INTO `zb_product_group_score` VALUES ('287', '0', '1', '7', '20', '2016-03-30 09:40:43', '1');
INSERT INTO `zb_product_group_score` VALUES ('288', '0', '1', '8', '20', '2016-03-30 09:40:43', '1');
INSERT INTO `zb_product_group_score` VALUES ('289', '0', '1', '9', '20', '2016-03-30 09:40:43', '1');
INSERT INTO `zb_product_group_score` VALUES ('290', '46', '115', '6', '6', '2016-03-30 13:49:31', '1');
INSERT INTO `zb_product_group_score` VALUES ('291', '0', '115', '7', '9', '2016-03-30 13:49:31', '1');
INSERT INTO `zb_product_group_score` VALUES ('292', '0', '115', '8', '7', '2016-03-30 13:49:31', '1');
INSERT INTO `zb_product_group_score` VALUES ('293', '0', '115', '9', '8', '2016-03-30 13:49:31', '1');
INSERT INTO `zb_product_group_score` VALUES ('294', '67', '1', '6', '90', '2016-03-30 16:31:45', '1');
INSERT INTO `zb_product_group_score` VALUES ('295', '0', '1', '7', '85', '2016-03-30 16:31:45', '1');
INSERT INTO `zb_product_group_score` VALUES ('296', '0', '1', '8', '92', '2016-03-30 16:31:45', '1');
INSERT INTO `zb_product_group_score` VALUES ('297', '0', '1', '9', '86', '2016-03-30 16:31:45', '1');
INSERT INTO `zb_product_group_score` VALUES ('298', '67', '118', '6', '96', '2016-03-30 16:38:51', '1');
INSERT INTO `zb_product_group_score` VALUES ('299', '0', '118', '7', '86', '2016-03-30 16:38:51', '1');
INSERT INTO `zb_product_group_score` VALUES ('300', '0', '118', '8', '76', '2016-03-30 16:38:51', '1');
INSERT INTO `zb_product_group_score` VALUES ('301', '0', '118', '9', '85', '2016-03-30 16:38:51', '1');
INSERT INTO `zb_product_group_score` VALUES ('302', '67', '119', '6', '91', '2016-03-30 16:40:02', '1');
INSERT INTO `zb_product_group_score` VALUES ('303', '0', '119', '7', '86', '2016-03-30 16:40:02', '1');
INSERT INTO `zb_product_group_score` VALUES ('304', '0', '119', '8', '83', '2016-03-30 16:40:02', '1');
INSERT INTO `zb_product_group_score` VALUES ('305', '0', '119', '9', '84', '2016-03-30 16:40:02', '1');
INSERT INTO `zb_product_group_score` VALUES ('306', '68', '1', '2', '3', '2016-03-31 10:01:43', '2');
INSERT INTO `zb_product_group_score` VALUES ('307', '68', '1', '3', '4', '2016-03-31 10:01:43', '2');
INSERT INTO `zb_product_group_score` VALUES ('308', '68', '1', '4', '5', '2016-03-31 10:01:43', '2');
INSERT INTO `zb_product_group_score` VALUES ('309', '68', '1', '5', '6', '2016-03-31 10:01:43', '2');
INSERT INTO `zb_product_group_score` VALUES ('310', '68', '115', '2', '4', '2016-03-31 10:02:18', '2');
INSERT INTO `zb_product_group_score` VALUES ('311', '68', '115', '3', '5', '2016-03-31 10:02:18', '2');
INSERT INTO `zb_product_group_score` VALUES ('312', '68', '115', '4', '6', '2016-03-31 10:02:18', '2');
INSERT INTO `zb_product_group_score` VALUES ('313', '68', '115', '5', '7', '2016-03-31 10:02:18', '2');
INSERT INTO `zb_product_group_score` VALUES ('314', '68', '96', '2', '3', '2016-03-31 10:02:46', '2');
INSERT INTO `zb_product_group_score` VALUES ('315', '68', '96', '3', '6', '2016-03-31 10:02:46', '2');
INSERT INTO `zb_product_group_score` VALUES ('316', '68', '96', '4', '7', '2016-03-31 10:02:46', '2');
INSERT INTO `zb_product_group_score` VALUES ('317', '68', '96', '5', '6', '2016-03-31 10:02:46', '2');
INSERT INTO `zb_product_group_score` VALUES ('318', '69', '1', '6', '3', '2016-03-31 13:44:23', '1');
INSERT INTO `zb_product_group_score` VALUES ('319', '69', '1', '7', '5', '2016-03-31 13:44:23', '1');
INSERT INTO `zb_product_group_score` VALUES ('320', '69', '1', '8', '8', '2016-03-31 13:44:23', '1');
INSERT INTO `zb_product_group_score` VALUES ('321', '69', '1', '9', '1', '2016-03-31 13:44:23', '1');
INSERT INTO `zb_product_group_score` VALUES ('322', '69', '96', '6', '5', '2016-03-31 13:44:52', '1');
INSERT INTO `zb_product_group_score` VALUES ('323', '69', '96', '7', '6', '2016-03-31 13:44:52', '1');
INSERT INTO `zb_product_group_score` VALUES ('324', '69', '96', '8', '1', '2016-03-31 13:44:52', '1');
INSERT INTO `zb_product_group_score` VALUES ('325', '69', '96', '9', '1', '2016-03-31 13:44:52', '1');
INSERT INTO `zb_product_group_score` VALUES ('326', '69', '115', '6', '1', '2016-03-31 13:45:23', '1');
INSERT INTO `zb_product_group_score` VALUES ('327', '69', '115', '7', '3', '2016-03-31 13:45:23', '1');
INSERT INTO `zb_product_group_score` VALUES ('328', '69', '115', '8', '4', '2016-03-31 13:45:23', '1');
INSERT INTO `zb_product_group_score` VALUES ('329', '69', '115', '9', '5', '2016-03-31 13:45:23', '1');
INSERT INTO `zb_product_group_score` VALUES ('330', '70', '1', '6', '91', '2016-03-31 14:26:55', '1');
INSERT INTO `zb_product_group_score` VALUES ('331', '0', '1', '7', '95', '2016-03-31 14:26:55', '1');
INSERT INTO `zb_product_group_score` VALUES ('332', '0', '1', '8', '93', '2016-03-31 14:26:55', '1');
INSERT INTO `zb_product_group_score` VALUES ('333', '0', '1', '9', '86', '2016-03-31 14:26:55', '1');
INSERT INTO `zb_product_group_score` VALUES ('334', '70', '118', '6', '89', '2016-03-31 14:29:08', '1');
INSERT INTO `zb_product_group_score` VALUES ('335', '0', '118', '7', '87', '2016-03-31 14:29:08', '1');
INSERT INTO `zb_product_group_score` VALUES ('336', '0', '118', '8', '88', '2016-03-31 14:29:08', '1');
INSERT INTO `zb_product_group_score` VALUES ('337', '0', '118', '9', '91', '2016-03-31 14:29:08', '1');
INSERT INTO `zb_product_group_score` VALUES ('338', '70', '119', '6', '99', '2016-03-31 14:30:32', '1');
INSERT INTO `zb_product_group_score` VALUES ('339', '0', '119', '7', '88', '2016-03-31 14:30:32', '1');
INSERT INTO `zb_product_group_score` VALUES ('340', '0', '119', '8', '89', '2016-03-31 14:30:32', '1');
INSERT INTO `zb_product_group_score` VALUES ('341', '0', '119', '9', '92', '2016-03-31 14:30:32', '1');
INSERT INTO `zb_product_group_score` VALUES ('342', '68', '1', '2', '10', '2016-03-31 14:31:24', '2');
INSERT INTO `zb_product_group_score` VALUES ('343', '0', '1', '3', '7', '2016-03-31 14:31:24', '1');
INSERT INTO `zb_product_group_score` VALUES ('344', '0', '1', '4', '8', '2016-03-31 14:31:24', '1');
INSERT INTO `zb_product_group_score` VALUES ('345', '0', '1', '5', '0', '2016-03-31 14:31:24', '1');
INSERT INTO `zb_product_group_score` VALUES ('346', '71', '1', '6', '11', '2016-03-31 14:31:28', '1');
INSERT INTO `zb_product_group_score` VALUES ('347', '71', '1', '7', '12', '2016-03-31 14:31:28', '1');
INSERT INTO `zb_product_group_score` VALUES ('348', '71', '1', '8', '13', '2016-03-31 14:31:28', '1');
INSERT INTO `zb_product_group_score` VALUES ('349', '71', '1', '9', '14', '2016-03-31 14:31:28', '1');
INSERT INTO `zb_product_group_score` VALUES ('350', '71', '115', '6', '21', '2016-03-31 14:33:00', '1');
INSERT INTO `zb_product_group_score` VALUES ('351', '71', '115', '7', '22', '2016-03-31 14:33:00', '1');
INSERT INTO `zb_product_group_score` VALUES ('352', '71', '115', '8', '23', '2016-03-31 14:33:00', '1');
INSERT INTO `zb_product_group_score` VALUES ('353', '71', '115', '9', '24', '2016-03-31 14:33:00', '1');
INSERT INTO `zb_product_group_score` VALUES ('354', '68', '115', '2', '9', '2016-03-31 14:33:34', '2');
INSERT INTO `zb_product_group_score` VALUES ('355', '68', '115', '3', '9', '2016-03-31 14:33:34', '2');
INSERT INTO `zb_product_group_score` VALUES ('356', '68', '115', '4', '8', '2016-03-31 14:33:34', '2');
INSERT INTO `zb_product_group_score` VALUES ('357', '68', '115', '5', '5', '2016-03-31 14:33:34', '2');
INSERT INTO `zb_product_group_score` VALUES ('358', '71', '94', '6', '31', '2016-03-31 14:33:38', '1');
INSERT INTO `zb_product_group_score` VALUES ('359', '71', '94', '7', '32', '2016-03-31 14:33:38', '1');
INSERT INTO `zb_product_group_score` VALUES ('360', '71', '94', '8', '33', '2016-03-31 14:33:38', '1');
INSERT INTO `zb_product_group_score` VALUES ('361', '71', '94', '9', '34', '2016-03-31 14:33:38', '1');
INSERT INTO `zb_product_group_score` VALUES ('362', '68', '96', '2', '6', '2016-03-31 14:37:03', '2');
INSERT INTO `zb_product_group_score` VALUES ('363', '68', '96', '3', '6', '2016-03-31 14:37:03', '2');
INSERT INTO `zb_product_group_score` VALUES ('364', '68', '96', '4', '7', '2016-03-31 14:37:03', '2');
INSERT INTO `zb_product_group_score` VALUES ('365', '68', '96', '5', '8', '2016-03-31 14:37:03', '2');
INSERT INTO `zb_product_group_score` VALUES ('366', '72', '1', '6', '4', '2016-03-31 15:31:01', '2');
INSERT INTO `zb_product_group_score` VALUES ('367', '72', '1', '7', '5', '2016-03-31 15:31:01', '2');
INSERT INTO `zb_product_group_score` VALUES ('368', '72', '1', '8', '6', '2016-03-31 15:31:01', '2');
INSERT INTO `zb_product_group_score` VALUES ('369', '72', '1', '9', '7', '2016-03-31 15:31:01', '2');
INSERT INTO `zb_product_group_score` VALUES ('370', '72', '96', '6', '4', '2016-03-31 15:31:29', '2');
INSERT INTO `zb_product_group_score` VALUES ('371', '72', '96', '7', '5', '2016-03-31 15:31:29', '2');
INSERT INTO `zb_product_group_score` VALUES ('372', '72', '96', '8', '6', '2016-03-31 15:31:29', '2');
INSERT INTO `zb_product_group_score` VALUES ('373', '72', '96', '9', '8', '2016-03-31 15:31:29', '2');
INSERT INTO `zb_product_group_score` VALUES ('374', '72', '115', '6', '3', '2016-03-31 15:32:06', '2');
INSERT INTO `zb_product_group_score` VALUES ('375', '72', '115', '7', '4', '2016-03-31 15:32:06', '2');
INSERT INTO `zb_product_group_score` VALUES ('376', '72', '115', '8', '5', '2016-03-31 15:32:06', '2');
INSERT INTO `zb_product_group_score` VALUES ('377', '72', '115', '9', '6', '2016-03-31 15:32:06', '2');
INSERT INTO `zb_product_group_score` VALUES ('378', '46', '1', '6', '3', '2016-03-31 18:03:40', '1');
INSERT INTO `zb_product_group_score` VALUES ('379', '0', '1', '7', '5', '2016-03-31 18:03:40', '1');
INSERT INTO `zb_product_group_score` VALUES ('380', '0', '1', '8', '2', '2016-03-31 18:03:40', '1');
INSERT INTO `zb_product_group_score` VALUES ('381', '0', '1', '9', '1', '2016-03-31 18:03:40', '1');
INSERT INTO `zb_product_group_score` VALUES ('382', '68', '1', '2', '7', '2016-04-01 10:01:16', '2');
INSERT INTO `zb_product_group_score` VALUES ('383', '0', '1', '3', '8', '2016-04-01 10:01:16', '1');
INSERT INTO `zb_product_group_score` VALUES ('384', '0', '1', '4', '9', '2016-04-01 10:01:16', '1');
INSERT INTO `zb_product_group_score` VALUES ('385', '0', '1', '5', '6', '2016-04-01 10:01:16', '1');
INSERT INTO `zb_product_group_score` VALUES ('386', '68', '115', '2', '3', '2016-04-01 10:02:10', '2');
INSERT INTO `zb_product_group_score` VALUES ('387', '68', '115', '3', '4', '2016-04-01 10:02:10', '2');
INSERT INTO `zb_product_group_score` VALUES ('388', '68', '115', '4', '5', '2016-04-01 10:02:10', '2');
INSERT INTO `zb_product_group_score` VALUES ('389', '68', '115', '5', '6', '2016-04-01 10:02:10', '2');
INSERT INTO `zb_product_group_score` VALUES ('390', '68', '96', '2', '4', '2016-04-01 10:02:37', '2');
INSERT INTO `zb_product_group_score` VALUES ('391', '68', '96', '3', '5', '2016-04-01 10:02:37', '2');
INSERT INTO `zb_product_group_score` VALUES ('392', '68', '96', '4', '6', '2016-04-01 10:02:37', '2');
INSERT INTO `zb_product_group_score` VALUES ('393', '68', '96', '5', '7', '2016-04-01 10:02:37', '2');
INSERT INTO `zb_product_group_score` VALUES ('394', '72', '115', '6', '8', '2016-04-06 13:24:29', '1');
INSERT INTO `zb_product_group_score` VALUES ('395', '72', '115', '7', '5', '2016-04-06 13:24:29', '1');
INSERT INTO `zb_product_group_score` VALUES ('396', '72', '115', '8', '7', '2016-04-06 13:24:29', '1');
INSERT INTO `zb_product_group_score` VALUES ('397', '72', '115', '9', '9', '2016-04-06 13:24:29', '1');
INSERT INTO `zb_product_group_score` VALUES ('398', '72', '112', '6', '8', '2016-04-06 13:26:22', '1');
INSERT INTO `zb_product_group_score` VALUES ('399', '72', '112', '7', '5', '2016-04-06 13:26:22', '1');
INSERT INTO `zb_product_group_score` VALUES ('400', '72', '112', '8', '9', '2016-04-06 13:26:22', '1');
INSERT INTO `zb_product_group_score` VALUES ('401', '72', '112', '9', '7', '2016-04-06 13:26:22', '1');
INSERT INTO `zb_product_group_score` VALUES ('402', '72', '120', '6', '7', '2016-04-06 13:27:25', '1');
INSERT INTO `zb_product_group_score` VALUES ('403', '72', '120', '7', '7', '2016-04-06 13:27:25', '1');
INSERT INTO `zb_product_group_score` VALUES ('404', '72', '120', '8', '6', '2016-04-06 13:27:25', '1');
INSERT INTO `zb_product_group_score` VALUES ('405', '72', '120', '9', '6', '2016-04-06 13:27:25', '1');

-- ----------------------------
-- Table structure for zb_product_meeting_log
-- ----------------------------
DROP TABLE IF EXISTS `zb_product_meeting_log`;
CREATE TABLE `zb_product_meeting_log` (
  `id` int(10) unsigned NOT NULL AUTO_INCREMENT,
  `product_id` int(10) unsigned NOT NULL COMMENT '预上会产品ID',
  `uid` int(10) unsigned NOT NULL DEFAULT '0' COMMENT '审核人uid',
  `user_department` varchar(255) NOT NULL DEFAULT '' COMMENT '审核人部门',
  `type` tinyint(1) unsigned NOT NULL DEFAULT '1' COMMENT '类型： 1-通过 2-不通过',
  `reason` text COMMENT '理由',
  `status` tinyint(1) unsigned NOT NULL DEFAULT '1' COMMENT '状态 1-有交 2-无效',
  `add_time` datetime NOT NULL DEFAULT '0000-00-00 00:00:00' COMMENT '添加时间',
  `update_time` datetime NOT NULL DEFAULT '0000-00-00 00:00:00' COMMENT '更新时间',
  PRIMARY KEY (`id`)
) ENGINE=InnoDB AUTO_INCREMENT=52 DEFAULT CHARSET=utf8 COMMENT='产品上传审核表';

-- ----------------------------
-- Records of zb_product_meeting_log
-- ----------------------------
INSERT INTO `zb_product_meeting_log` VALUES ('1', '1', '1', '开发部', '1', 'SDAFDADSFDSF', '1', '2016-02-05 16:19:25', '0000-00-00 00:00:00');
INSERT INTO `zb_product_meeting_log` VALUES ('2', '21', '1', '开发部', '1', '范德萨范德萨', '1', '2016-02-05 17:00:56', '0000-00-00 00:00:00');
INSERT INTO `zb_product_meeting_log` VALUES ('3', '21', '1', '开发部', '1', '撒范德萨范德萨', '1', '2016-02-05 17:05:06', '0000-00-00 00:00:00');
INSERT INTO `zb_product_meeting_log` VALUES ('4', '21', '1', '开发部', '1', '', '1', '2016-02-05 17:06:49', '0000-00-00 00:00:00');
INSERT INTO `zb_product_meeting_log` VALUES ('5', '20', '1', '开发部', '1', '阿斯顿发', '1', '2016-02-05 17:33:41', '0000-00-00 00:00:00');
INSERT INTO `zb_product_meeting_log` VALUES ('6', '23', '1', '开发部', '1', '反对萨芬的', '1', '2016-02-05 18:37:00', '0000-00-00 00:00:00');
INSERT INTO `zb_product_meeting_log` VALUES ('7', '26', '1', '开发部', '1', '二二', '1', '2016-02-19 16:28:59', '0000-00-00 00:00:00');
INSERT INTO `zb_product_meeting_log` VALUES ('8', '25', '1', '开发部', '1', 'erer', '1', '2016-02-19 16:29:08', '0000-00-00 00:00:00');
INSERT INTO `zb_product_meeting_log` VALUES ('9', '27', '1', '开发部', '1', 'dfd', '1', '2016-02-19 17:16:23', '0000-00-00 00:00:00');
INSERT INTO `zb_product_meeting_log` VALUES ('10', '24', '1', '开发部', '1', '12', '1', '2016-02-19 17:17:11', '0000-00-00 00:00:00');
INSERT INTO `zb_product_meeting_log` VALUES ('11', '42', '1', '开发部', '1', '准予通过', '1', '2016-03-23 15:45:39', '0000-00-00 00:00:00');
INSERT INTO `zb_product_meeting_log` VALUES ('12', '44', '1', '开发部', '1', '查看符合需求', '1', '2016-03-25 14:10:01', '0000-00-00 00:00:00');
INSERT INTO `zb_product_meeting_log` VALUES ('13', '46', '1', '开发部', '1', '关系不错！', '1', '2016-03-25 17:25:31', '0000-00-00 00:00:00');
INSERT INTO `zb_product_meeting_log` VALUES ('14', '55', '1', '开发部', '1', '32323', '1', '2016-03-25 17:35:31', '0000-00-00 00:00:00');
INSERT INTO `zb_product_meeting_log` VALUES ('15', '54', '1', '开发部', '1', '23232', '1', '2016-03-25 17:35:38', '0000-00-00 00:00:00');
INSERT INTO `zb_product_meeting_log` VALUES ('16', '43', '1', '开发部', '1', '内部审核通过', '1', '2016-03-28 10:22:24', '0000-00-00 00:00:00');
INSERT INTO `zb_product_meeting_log` VALUES ('17', '43', '112', '战略发展部', '1', '12345', '1', '2016-03-28 10:48:03', '0000-00-00 00:00:00');
INSERT INTO `zb_product_meeting_log` VALUES ('18', '43', '115', '开发部', '1', 'ford004', '1', '2016-03-28 10:54:20', '0000-00-00 00:00:00');
INSERT INTO `zb_product_meeting_log` VALUES ('19', '46', '115', '开发部', '1', '规划和规划局', '1', '2016-03-28 14:10:12', '0000-00-00 00:00:00');
INSERT INTO `zb_product_meeting_log` VALUES ('20', '46', '112', '战略发展部', '1', '是发达国家和', '1', '2016-03-28 14:15:33', '0000-00-00 00:00:00');
INSERT INTO `zb_product_meeting_log` VALUES ('21', '58', '112', '战略发展部', '1', '方法更好 ', '1', '2016-03-28 14:27:43', '0000-00-00 00:00:00');
INSERT INTO `zb_product_meeting_log` VALUES ('22', '58', '115', '开发部', '1', '建行卡号', '1', '2016-03-28 14:28:14', '0000-00-00 00:00:00');
INSERT INTO `zb_product_meeting_log` VALUES ('23', '58', '1', '开发部', '1', '归还借款还款', '1', '2016-03-28 14:28:47', '0000-00-00 00:00:00');
INSERT INTO `zb_product_meeting_log` VALUES ('24', '61', '1', '开发部', '1', '符合规则，准予上会', '1', '2016-03-28 15:22:20', '0000-00-00 00:00:00');
INSERT INTO `zb_product_meeting_log` VALUES ('25', '61', '96', '运营部', '1', '符合规则', '1', '2016-03-28 16:02:21', '0000-00-00 00:00:00');
INSERT INTO `zb_product_meeting_log` VALUES ('26', '62', '115', '开发部', '1', '额地方都是', '1', '2016-03-28 16:10:04', '0000-00-00 00:00:00');
INSERT INTO `zb_product_meeting_log` VALUES ('27', '62', '1', '开发部', '1', '的犯得上犯得上', '1', '2016-03-28 16:10:27', '0000-00-00 00:00:00');
INSERT INTO `zb_product_meeting_log` VALUES ('28', '62', '112', '战略发展部', '1', '风格化规范化个', '1', '2016-03-28 16:11:15', '0000-00-00 00:00:00');
INSERT INTO `zb_product_meeting_log` VALUES ('29', '61', '117', '运营部', '1', 'OK', '1', '2016-03-28 16:24:15', '0000-00-00 00:00:00');
INSERT INTO `zb_product_meeting_log` VALUES ('30', '66', '1', '开发部', '1', 'dfdfdfdfdfd世事', '1', '2016-03-29 11:15:23', '0000-00-00 00:00:00');
INSERT INTO `zb_product_meeting_log` VALUES ('31', '65', '1', '开发部', '1', 'hao', '1', '2016-03-30 11:55:29', '0000-00-00 00:00:00');
INSERT INTO `zb_product_meeting_log` VALUES ('32', '67', '1', '开发部', '1', '符合规定', '1', '2016-03-30 13:51:11', '0000-00-00 00:00:00');
INSERT INTO `zb_product_meeting_log` VALUES ('33', '67', '117', '运营部', '1', '审核通过', '1', '2016-03-30 13:52:41', '0000-00-00 00:00:00');
INSERT INTO `zb_product_meeting_log` VALUES ('34', '67', '120', '运营部', '1', '第3次审核通过', '1', '2016-03-30 14:07:27', '0000-00-00 00:00:00');
INSERT INTO `zb_product_meeting_log` VALUES ('35', '68', '115', '开发部', '1', '准许通过', '1', '2016-03-31 09:58:47', '0000-00-00 00:00:00');
INSERT INTO `zb_product_meeting_log` VALUES ('36', '68', '1', '开发部', '1', 'zb@zb.com可以通过', '1', '2016-03-31 09:59:15', '0000-00-00 00:00:00');
INSERT INTO `zb_product_meeting_log` VALUES ('37', '68', '112', '战略发展部', '1', 'zhou953043100@qq.com准许通过', '1', '2016-03-31 09:59:44', '0000-00-00 00:00:00');
INSERT INTO `zb_product_meeting_log` VALUES ('38', '69', '115', '开发部', '2', '先不通过', '2', '2016-03-31 10:56:01', '0000-00-00 00:00:00');
INSERT INTO `zb_product_meeting_log` VALUES ('39', '69', '115', '开发部', '2', '', '2', '2016-03-31 10:56:14', '0000-00-00 00:00:00');
INSERT INTO `zb_product_meeting_log` VALUES ('40', '69', '115', '开发部', '1', '给予通过', '1', '2016-03-31 10:56:35', '0000-00-00 00:00:00');
INSERT INTO `zb_product_meeting_log` VALUES ('41', '69', '1', '开发部', '1', '通过', '1', '2016-03-31 10:58:06', '0000-00-00 00:00:00');
INSERT INTO `zb_product_meeting_log` VALUES ('42', '70', '1', '开发部', '1', '符合上会条件', '1', '2016-03-31 10:58:07', '0000-00-00 00:00:00');
INSERT INTO `zb_product_meeting_log` VALUES ('43', '69', '96', '运营部', '1', '通过', '1', '2016-03-31 10:58:33', '0000-00-00 00:00:00');
INSERT INTO `zb_product_meeting_log` VALUES ('44', '70', '117', '运营部', '1', '直接上会', '1', '2016-03-31 10:59:49', '0000-00-00 00:00:00');
INSERT INTO `zb_product_meeting_log` VALUES ('45', '70', '120', '运营部', '1', '上会可以', '1', '2016-03-31 11:00:25', '0000-00-00 00:00:00');
INSERT INTO `zb_product_meeting_log` VALUES ('46', '71', '1', '开发部', '1', 'wewe', '1', '2016-03-31 11:35:40', '0000-00-00 00:00:00');
INSERT INTO `zb_product_meeting_log` VALUES ('47', '71', '94', '产品部', '1', 'dfdad', '1', '2016-03-31 14:03:04', '0000-00-00 00:00:00');
INSERT INTO `zb_product_meeting_log` VALUES ('48', '71', '115', '开发部', '1', 'dfadf', '1', '2016-03-31 14:05:17', '0000-00-00 00:00:00');
INSERT INTO `zb_product_meeting_log` VALUES ('49', '72', '115', '开发部', '1', '撒打算', '1', '2016-03-31 15:29:14', '0000-00-00 00:00:00');
INSERT INTO `zb_product_meeting_log` VALUES ('50', '72', '96', '运营部', '1', '', '1', '2016-03-31 15:29:33', '0000-00-00 00:00:00');
INSERT INTO `zb_product_meeting_log` VALUES ('51', '72', '1', '开发部', '1', '', '1', '2016-03-31 15:29:59', '0000-00-00 00:00:00');

-- ----------------------------
-- Table structure for zb_product_recycle
-- ----------------------------
DROP TABLE IF EXISTS `zb_product_recycle`;
CREATE TABLE `zb_product_recycle` (
  `id` int(11) unsigned NOT NULL AUTO_INCREMENT,
  `product_id` int(11) unsigned NOT NULL DEFAULT '0' COMMENT '产品ID',
  `from_status` tinyint(4) NOT NULL,
  `to_status` tinyint(4) NOT NULL,
  `status` tinyint(4) NOT NULL DEFAULT '1' COMMENT '记录状态：1-有效，2-无效, 3-已还原',
  `add_time` datetime NOT NULL DEFAULT '0000-00-00 00:00:00' COMMENT '放入回收站的时间',
  `update_time` datetime NOT NULL DEFAULT '0000-00-00 00:00:00' COMMENT '更新时间',
  PRIMARY KEY (`id`)
) ENGINE=InnoDB AUTO_INCREMENT=70 DEFAULT CHARSET=utf8 COMMENT='回收站记录表';

-- ----------------------------
-- Records of zb_product_recycle
-- ----------------------------
INSERT INTO `zb_product_recycle` VALUES ('1', '4', '3', '9', '3', '2016-02-01 11:23:54', '2016-02-01 11:29:23');
INSERT INTO `zb_product_recycle` VALUES ('2', '4', '10', '11', '3', '2016-02-01 11:38:22', '2016-02-01 14:32:40');
INSERT INTO `zb_product_recycle` VALUES ('3', '4', '1', '8', '3', '2016-02-02 13:21:02', '2016-02-22 15:00:59');
INSERT INTO `zb_product_recycle` VALUES ('4', '17', '2', '8', '3', '2016-02-03 14:30:35', '2016-02-03 14:48:25');
INSERT INTO `zb_product_recycle` VALUES ('5', '16', '1', '8', '3', '2016-02-03 14:34:28', '2016-02-22 15:00:56');
INSERT INTO `zb_product_recycle` VALUES ('6', '17', '10', '11', '3', '2016-02-03 14:48:14', '2016-02-03 14:48:25');
INSERT INTO `zb_product_recycle` VALUES ('7', '20', '99', '8', '3', '2016-02-05 18:03:17', '2016-02-22 15:00:54');
INSERT INTO `zb_product_recycle` VALUES ('8', '22', '99', '8', '3', '2016-02-05 18:26:10', '2016-02-22 15:00:51');
INSERT INTO `zb_product_recycle` VALUES ('9', '2', '6', '8', '3', '2016-02-19 16:49:08', '2016-02-19 16:49:28');
INSERT INTO `zb_product_recycle` VALUES ('10', '21', '1', '8', '3', '2016-02-22 10:02:42', '2016-02-22 10:03:10');
INSERT INTO `zb_product_recycle` VALUES ('11', '2', '1', '8', '3', '2016-02-22 10:02:42', '2016-02-22 10:03:13');
INSERT INTO `zb_product_recycle` VALUES ('12', '1', '1', '8', '3', '2016-02-22 10:02:42', '2016-02-22 10:03:05');
INSERT INTO `zb_product_recycle` VALUES ('13', '14', '10', '11', '3', '2016-02-22 10:08:47', '2016-02-22 15:00:45');
INSERT INTO `zb_product_recycle` VALUES ('14', '13', '10', '11', '3', '2016-02-22 14:28:37', '2016-02-22 15:00:14');
INSERT INTO `zb_product_recycle` VALUES ('15', '11', '10', '11', '3', '2016-02-29 18:00:20', '2016-03-17 14:20:32');
INSERT INTO `zb_product_recycle` VALUES ('16', '21', '1', '8', '3', '2016-03-16 14:52:38', '2016-03-17 14:06:13');
INSERT INTO `zb_product_recycle` VALUES ('17', '20', '1', '8', '1', '2016-03-16 14:53:07', '0000-00-00 00:00:00');
INSERT INTO `zb_product_recycle` VALUES ('18', '4', '2', '8', '1', '2016-03-18 15:48:36', '0000-00-00 00:00:00');
INSERT INTO `zb_product_recycle` VALUES ('20', '23', '2', '8', '1', '2016-03-18 16:31:55', '0000-00-00 00:00:00');
INSERT INTO `zb_product_recycle` VALUES ('21', '22', '2', '8', '1', '2016-03-18 16:32:08', '0000-00-00 00:00:00');
INSERT INTO `zb_product_recycle` VALUES ('22', '39', '99', '8', '1', '2016-03-18 16:52:31', '0000-00-00 00:00:00');
INSERT INTO `zb_product_recycle` VALUES ('24', '21', '1', '8', '1', '2016-03-21 17:45:27', '0000-00-00 00:00:00');
INSERT INTO `zb_product_recycle` VALUES ('25', '19', '2', '8', '1', '2016-03-21 17:48:23', '0000-00-00 00:00:00');
INSERT INTO `zb_product_recycle` VALUES ('26', '16', '1', '8', '1', '2016-03-21 17:48:53', '0000-00-00 00:00:00');
INSERT INTO `zb_product_recycle` VALUES ('27', '15', '10', '8', '1', '2016-03-21 17:49:22', '0000-00-00 00:00:00');
INSERT INTO `zb_product_recycle` VALUES ('28', '14', '1', '8', '1', '2016-03-21 17:50:51', '0000-00-00 00:00:00');
INSERT INTO `zb_product_recycle` VALUES ('29', '11', '1', '8', '1', '2016-03-21 17:52:10', '0000-00-00 00:00:00');
INSERT INTO `zb_product_recycle` VALUES ('30', '13', '1', '8', '1', '2016-03-21 17:53:43', '0000-00-00 00:00:00');
INSERT INTO `zb_product_recycle` VALUES ('31', '3', '2', '8', '1', '2016-03-21 17:56:09', '0000-00-00 00:00:00');
INSERT INTO `zb_product_recycle` VALUES ('32', '1', '6', '8', '1', '2016-03-21 17:56:54', '0000-00-00 00:00:00');
INSERT INTO `zb_product_recycle` VALUES ('33', '17', '1', '8', '1', '2016-03-21 17:57:34', '0000-00-00 00:00:00');
INSERT INTO `zb_product_recycle` VALUES ('34', '2', '2', '8', '1', '2016-03-21 18:00:07', '0000-00-00 00:00:00');
INSERT INTO `zb_product_recycle` VALUES ('36', '18', '3', '8', '1', '2016-03-21 18:04:24', '0000-00-00 00:00:00');
INSERT INTO `zb_product_recycle` VALUES ('38', '41', '99', '8', '1', '2016-03-21 18:05:38', '0000-00-00 00:00:00');
INSERT INTO `zb_product_recycle` VALUES ('40', '40', '99', '8', '3', '2016-03-21 18:06:10', '2016-03-22 17:27:13');
INSERT INTO `zb_product_recycle` VALUES ('41', '38', '99', '8', '3', '2016-03-21 18:07:34', '2016-03-23 15:27:16');
INSERT INTO `zb_product_recycle` VALUES ('42', '37', '99', '8', '1', '2016-03-21 18:08:08', '0000-00-00 00:00:00');
INSERT INTO `zb_product_recycle` VALUES ('43', '36', '99', '8', '1', '2016-03-21 18:09:41', '0000-00-00 00:00:00');
INSERT INTO `zb_product_recycle` VALUES ('44', '34', '99', '8', '1', '2016-03-21 18:10:59', '0000-00-00 00:00:00');
INSERT INTO `zb_product_recycle` VALUES ('45', '25', '99', '8', '1', '2016-03-21 18:12:54', '0000-00-00 00:00:00');
INSERT INTO `zb_product_recycle` VALUES ('46', '24', '99', '8', '1', '2016-03-21 18:14:06', '0000-00-00 00:00:00');
INSERT INTO `zb_product_recycle` VALUES ('47', '10', '3', '8', '3', '2016-03-21 18:17:03', '2016-03-28 14:06:59');
INSERT INTO `zb_product_recycle` VALUES ('48', '40', '1', '8', '3', '2016-03-22 10:08:26', '2016-03-22 17:27:13');
INSERT INTO `zb_product_recycle` VALUES ('49', '36', '1', '8', '1', '2016-03-22 10:12:26', '0000-00-00 00:00:00');
INSERT INTO `zb_product_recycle` VALUES ('50', '38', '1', '8', '3', '2016-03-22 14:23:32', '2016-03-23 15:27:16');
INSERT INTO `zb_product_recycle` VALUES ('51', '37', '1', '8', '1', '2016-03-22 14:33:31', '0000-00-00 00:00:00');
INSERT INTO `zb_product_recycle` VALUES ('52', '41', '2', '8', '1', '2016-03-22 17:32:09', '0000-00-00 00:00:00');
INSERT INTO `zb_product_recycle` VALUES ('53', '38', '10', '8', '3', '2016-03-23 15:12:39', '2016-03-23 15:27:16');
INSERT INTO `zb_product_recycle` VALUES ('54', '40', '1', '8', '3', '2016-03-23 15:12:39', '2016-03-23 15:26:56');
INSERT INTO `zb_product_recycle` VALUES ('55', '40', '1', '8', '1', '2016-03-23 16:07:50', '0000-00-00 00:00:00');
INSERT INTO `zb_product_recycle` VALUES ('56', '43', '1', '8', '3', '2016-03-28 14:07:55', '2016-03-28 14:08:26');
INSERT INTO `zb_product_recycle` VALUES ('57', '59', '99', '8', '1', '2016-03-28 15:33:32', '0000-00-00 00:00:00');
INSERT INTO `zb_product_recycle` VALUES ('58', '62', '2', '8', '3', '2016-03-28 16:20:24', '2016-03-28 16:23:25');
INSERT INTO `zb_product_recycle` VALUES ('59', '62', '5', '8', '3', '2016-03-28 16:31:43', '2016-03-28 16:32:32');
INSERT INTO `zb_product_recycle` VALUES ('61', '56', '2', '8', '1', '2016-03-29 15:55:19', '0000-00-00 00:00:00');
INSERT INTO `zb_product_recycle` VALUES ('63', '16', '5', '9', '1', '2016-03-29 16:51:40', '0000-00-00 00:00:00');
INSERT INTO `zb_product_recycle` VALUES ('64', '17', '5', '9', '1', '2016-03-30 17:33:00', '0000-00-00 00:00:00');
INSERT INTO `zb_product_recycle` VALUES ('65', '14', '5', '9', '1', '2016-03-31 11:30:14', '0000-00-00 00:00:00');
INSERT INTO `zb_product_recycle` VALUES ('66', '14', '5', '9', '1', '2016-03-31 11:40:25', '0000-00-00 00:00:00');
INSERT INTO `zb_product_recycle` VALUES ('67', '72', '6', '11', '3', '2016-03-31 15:51:15', '2016-04-01 13:55:00');
INSERT INTO `zb_product_recycle` VALUES ('68', '67', '6', '11', '1', '2016-03-31 16:06:58', '0000-00-00 00:00:00');
INSERT INTO `zb_product_recycle` VALUES ('69', '68', '5', '9', '3', '2016-04-01 10:03:43', '2016-04-06 13:05:45');

-- ----------------------------
-- Table structure for zb_product_sale_count_data
-- ----------------------------
DROP TABLE IF EXISTS `zb_product_sale_count_data`;
CREATE TABLE `zb_product_sale_count_data` (
  `id` int(10) unsigned NOT NULL AUTO_INCREMENT COMMENT '自增字段',
  `type` tinyint(1) DEFAULT NULL COMMENT '表格类型：1-签单表格统计，2-打款表格统计，3-签单分布统计，4-打款分布统计，5-人均销售统计',
  `value` text COMMENT '序列化打包之后的表格数据',
  `year` year(4) DEFAULT NULL COMMENT '年份',
  `month` char(2) DEFAULT NULL COMMENT '月份',
  `add_time` datetime DEFAULT '0000-00-00 00:00:00' COMMENT '添加时间',
  `update_time` datetime DEFAULT '0000-00-00 00:00:00' COMMENT '编辑时间',
  `status` tinyint(1) unsigned DEFAULT '1' COMMENT '该条记录是否有效：0-无效，1-有效',
  PRIMARY KEY (`id`),
  UNIQUE KEY `type_year_month` (`type`,`year`,`month`) USING BTREE
) ENGINE=InnoDB AUTO_INCREMENT=4 DEFAULT CHARSET=utf8 COMMENT='业绩跟踪数据表';

-- ----------------------------
-- Records of zb_product_sale_count_data
-- ----------------------------
INSERT INTO `zb_product_sale_count_data` VALUES ('1', null, null, null, null, '2016-03-24 16:30:35', '2016-03-24 16:30:35', '1');
INSERT INTO `zb_product_sale_count_data` VALUES ('2', null, null, null, null, '2016-03-24 16:30:55', '2016-03-24 16:30:55', '1');
INSERT INTO `zb_product_sale_count_data` VALUES ('3', null, null, null, null, '2016-03-24 16:32:10', '2016-03-24 16:32:10', '1');

-- ----------------------------
-- Table structure for zb_product_score_reason
-- ----------------------------
DROP TABLE IF EXISTS `zb_product_score_reason`;
CREATE TABLE `zb_product_score_reason` (
  `id` int(10) unsigned NOT NULL AUTO_INCREMENT,
  `product_id` int(10) unsigned NOT NULL DEFAULT '0' COMMENT '产品ID',
  `uid` int(10) unsigned NOT NULL DEFAULT '0' COMMENT '用户ID ',
  `reason` tinytext NOT NULL COMMENT '打分理由',
  `add_time` datetime NOT NULL DEFAULT '0000-00-00 00:00:00' COMMENT '添加时间',
  `status` tinyint(1) unsigned NOT NULL DEFAULT '1' COMMENT '1：通过 2：不通过 3：暂观望 ',
  `is_used` tinyint(1) unsigned NOT NULL DEFAULT '1' COMMENT '是否有效 1-有效 2-无效 ',
  PRIMARY KEY (`id`)
) ENGINE=InnoDB AUTO_INCREMENT=102 DEFAULT CHARSET=utf8;

-- ----------------------------
-- Records of zb_product_score_reason
-- ----------------------------
INSERT INTO `zb_product_score_reason` VALUES ('1', '2', '1', '很好', '2016-02-01 09:48:37', '1', '2');
INSERT INTO `zb_product_score_reason` VALUES ('2', '2', '73', '好好', '2016-02-01 09:49:34', '1', '2');
INSERT INTO `zb_product_score_reason` VALUES ('3', '2', '63', '好好', '2016-02-01 09:50:13', '1', '2');
INSERT INTO `zb_product_score_reason` VALUES ('4', '3', '73', '分数好', '2016-02-01 10:44:26', '1', '1');
INSERT INTO `zb_product_score_reason` VALUES ('5', '3', '1', '分数高', '2016-02-01 10:47:06', '1', '1');
INSERT INTO `zb_product_score_reason` VALUES ('6', '3', '59', '小老鼠分数', '2016-02-01 10:47:45', '1', '1');
INSERT INTO `zb_product_score_reason` VALUES ('7', '1', '1', '3434', '2016-02-01 11:15:14', '1', '2');
INSERT INTO `zb_product_score_reason` VALUES ('8', '4', '73', '1115', '2016-02-01 11:15:14', '1', '2');
INSERT INTO `zb_product_score_reason` VALUES ('9', '4', '59', '2222', '2016-02-01 11:15:44', '1', '2');
INSERT INTO `zb_product_score_reason` VALUES ('10', '4', '63', '3333', '2016-02-01 11:16:20', '1', '2');
INSERT INTO `zb_product_score_reason` VALUES ('11', '4', '63', '11111', '2016-02-01 11:21:57', '1', '2');
INSERT INTO `zb_product_score_reason` VALUES ('12', '4', '73', '2222', '2016-02-01 11:22:22', '1', '2');
INSERT INTO `zb_product_score_reason` VALUES ('13', '4', '59', '4444', '2016-02-01 11:22:47', '1', '2');
INSERT INTO `zb_product_score_reason` VALUES ('14', '1', '59', '4444', '2016-02-01 11:23:01', '1', '2');
INSERT INTO `zb_product_score_reason` VALUES ('15', '4', '59', '2222', '2016-02-01 11:29:52', '1', '2');
INSERT INTO `zb_product_score_reason` VALUES ('16', '4', '73', '1111', '2016-02-01 11:30:18', '1', '2');
INSERT INTO `zb_product_score_reason` VALUES ('17', '4', '63', '3333', '2016-02-01 11:30:57', '1', '2');
INSERT INTO `zb_product_score_reason` VALUES ('18', '1', '94', '3434', '2016-02-01 11:52:43', '1', '2');
INSERT INTO `zb_product_score_reason` VALUES ('19', '10', '94', '2323', '2016-02-01 13:53:14', '1', '2');
INSERT INTO `zb_product_score_reason` VALUES ('20', '11', '59', '快看看', '2016-02-01 14:33:52', '1', '2');
INSERT INTO `zb_product_score_reason` VALUES ('21', '11', '73', '', '2016-02-01 14:34:25', '1', '2');
INSERT INTO `zb_product_score_reason` VALUES ('22', '11', '63', '9', '2016-02-01 14:34:57', '1', '2');
INSERT INTO `zb_product_score_reason` VALUES ('23', '13', '73', 'addczx', '2016-02-01 14:39:24', '1', '2');
INSERT INTO `zb_product_score_reason` VALUES ('24', '13', '59', 'adsdfs', '2016-02-01 14:40:40', '1', '2');
INSERT INTO `zb_product_score_reason` VALUES ('25', '13', '63', 'ddfs', '2016-02-01 14:41:06', '1', '2');
INSERT INTO `zb_product_score_reason` VALUES ('26', '15', '94', '23232', '2016-02-03 11:12:28', '1', '1');
INSERT INTO `zb_product_score_reason` VALUES ('27', '14', '96', '搜索框可用', '2016-02-03 11:13:25', '1', '2');
INSERT INTO `zb_product_score_reason` VALUES ('28', '15', '96', '2323', '2016-02-03 11:20:25', '1', '1');
INSERT INTO `zb_product_score_reason` VALUES ('29', '15', '98', '2323', '2016-02-03 11:22:30', '1', '1');
INSERT INTO `zb_product_score_reason` VALUES ('30', '14', '98', '上来了的复古风格', '2016-02-03 11:32:47', '1', '2');
INSERT INTO `zb_product_score_reason` VALUES ('31', '14', '1', '韩国和脚后跟', '2016-02-03 11:36:23', '1', '2');
INSERT INTO `zb_product_score_reason` VALUES ('32', '14', '1', '乡村风格', '2016-02-03 11:38:59', '1', '2');
INSERT INTO `zb_product_score_reason` VALUES ('33', '14', '96', '美金还是人民币', '2016-02-03 11:40:01', '1', '2');
INSERT INTO `zb_product_score_reason` VALUES ('34', '14', '94', '似懂非懂', '2016-02-03 11:41:41', '1', '2');
INSERT INTO `zb_product_score_reason` VALUES ('35', '17', '96', '3434', '2016-02-03 14:29:09', '1', '2');
INSERT INTO `zb_product_score_reason` VALUES ('36', '17', '74', '缪小峰已评分！！！', '2016-02-03 14:29:22', '1', '2');
INSERT INTO `zb_product_score_reason` VALUES ('37', '17', '98', 'OK 我通过了', '2016-02-03 14:31:06', '1', '2');
INSERT INTO `zb_product_score_reason` VALUES ('38', '18', '1', '34', '2016-02-22 09:27:10', '1', '1');
INSERT INTO `zb_product_score_reason` VALUES ('39', '18', '94', '', '2016-02-22 10:24:13', '1', '1');
INSERT INTO `zb_product_score_reason` VALUES ('40', '18', '98', '', '2016-02-22 10:25:25', '1', '1');
INSERT INTO `zb_product_score_reason` VALUES ('41', '10', '1', '', '2016-02-22 10:33:44', '1', '2');
INSERT INTO `zb_product_score_reason` VALUES ('42', '10', '98', '', '2016-02-22 10:35:44', '1', '2');
INSERT INTO `zb_product_score_reason` VALUES ('43', '1', '94', '', '2016-02-22 10:42:42', '1', '1');
INSERT INTO `zb_product_score_reason` VALUES ('44', '23', '1', '', '2016-02-26 11:20:10', '3', '2');
INSERT INTO `zb_product_score_reason` VALUES ('45', '22', '1', 'd', '2016-03-17 18:14:05', '1', '2');
INSERT INTO `zb_product_score_reason` VALUES ('46', '19', '1', 'd', '2016-03-21 14:23:51', '1', '1');
INSERT INTO `zb_product_score_reason` VALUES ('47', '2', '1', '', '2016-03-21 14:33:17', '1', '1');
INSERT INTO `zb_product_score_reason` VALUES ('48', '41', '1', 'd', '2016-03-22 14:09:17', '1', '1');
INSERT INTO `zb_product_score_reason` VALUES ('49', '41', '94', 'OKOKK!!!我同意了！', '2016-03-22 15:23:33', '1', '1');
INSERT INTO `zb_product_score_reason` VALUES ('50', '39', '1', '111', '2016-03-25 14:44:54', '3', '1');
INSERT INTO `zb_product_score_reason` VALUES ('51', '58', '115', '对方的方式', '2016-03-28 15:18:43', '1', '1');
INSERT INTO `zb_product_score_reason` VALUES ('52', '58', '112', '电风扇大幅度', '2016-03-28 15:19:38', '1', '1');
INSERT INTO `zb_product_score_reason` VALUES ('53', '58', '96', '寻找幸福的广泛的', '2016-03-28 15:20:12', '1', '1');
INSERT INTO `zb_product_score_reason` VALUES ('54', '62', '115', '似的撒旦是', '2016-03-28 16:24:25', '1', '2');
INSERT INTO `zb_product_score_reason` VALUES ('55', '62', '1', '三分到手的方式的', '2016-03-28 16:24:54', '1', '2');
INSERT INTO `zb_product_score_reason` VALUES ('56', '62', '96', '士大夫士大夫似的', '2016-03-28 16:25:25', '1', '2');
INSERT INTO `zb_product_score_reason` VALUES ('57', '62', '115', '士大夫大师傅', '2016-03-28 16:33:34', '1', '1');
INSERT INTO `zb_product_score_reason` VALUES ('58', '62', '1', '大幅度十分感动', '2016-03-28 16:34:03', '1', '1');
INSERT INTO `zb_product_score_reason` VALUES ('59', '62', '96', '发个大概豆腐干', '2016-03-28 16:34:27', '1', '1');
INSERT INTO `zb_product_score_reason` VALUES ('60', '61', '117', 'passed', '2016-03-28 17:46:23', '1', '1');
INSERT INTO `zb_product_score_reason` VALUES ('61', '61', '118', '差强人意', '2016-03-29 09:35:42', '1', '1');
INSERT INTO `zb_product_score_reason` VALUES ('62', '61', '119', '通过', '2016-03-29 09:37:32', '1', '1');
INSERT INTO `zb_product_score_reason` VALUES ('63', '56', '1', 'aaa', '2016-03-29 15:56:50', '1', '1');
INSERT INTO `zb_product_score_reason` VALUES ('64', '46', '1', 'ss', '2016-03-29 16:24:25', '1', '2');
INSERT INTO `zb_product_score_reason` VALUES ('65', '43', '1', '343434343', '2016-03-29 16:40:23', '2', '2');
INSERT INTO `zb_product_score_reason` VALUES ('66', '43', '115', '太好啦', '2016-03-29 16:57:52', '1', '2');
INSERT INTO `zb_product_score_reason` VALUES ('67', '46', '1', 'dd', '2016-03-29 17:33:27', '1', '2');
INSERT INTO `zb_product_score_reason` VALUES ('68', '43', '1', 'ssddss', '2016-03-29 17:35:42', '1', '2');
INSERT INTO `zb_product_score_reason` VALUES ('69', '22', '1', '我同意', '2016-03-29 17:44:40', '1', '1');
INSERT INTO `zb_product_score_reason` VALUES ('70', '23', '1', '乳房！减肥6他', '2016-03-29 17:45:20', '1', '1');
INSERT INTO `zb_product_score_reason` VALUES ('71', '43', '96', '', '2016-03-29 17:55:09', '2', '2');
INSERT INTO `zb_product_score_reason` VALUES ('72', '43', '1', 'ddd', '2016-03-30 09:40:43', '1', '1');
INSERT INTO `zb_product_score_reason` VALUES ('73', '46', '115', '一二三四', '2016-03-30 13:49:31', '1', '1');
INSERT INTO `zb_product_score_reason` VALUES ('74', '67', '1', '参考实际标准', '2016-03-30 16:31:45', '1', '1');
INSERT INTO `zb_product_score_reason` VALUES ('75', '67', '118', '期望', '2016-03-30 16:38:51', '1', '1');
INSERT INTO `zb_product_score_reason` VALUES ('76', '67', '119', '大家', '2016-03-30 16:40:02', '1', '1');
INSERT INTO `zb_product_score_reason` VALUES ('77', '68', '1', '分数不错', '2016-03-31 10:01:43', '1', '2');
INSERT INTO `zb_product_score_reason` VALUES ('78', '68', '115', '斯达康评分监管', '2016-03-31 10:02:18', '1', '2');
INSERT INTO `zb_product_score_reason` VALUES ('79', '68', '96', '撒都不能评分测试', '2016-03-31 10:02:46', '1', '2');
INSERT INTO `zb_product_score_reason` VALUES ('80', '69', '1', '给予通过', '2016-03-31 13:44:23', '1', '1');
INSERT INTO `zb_product_score_reason` VALUES ('81', '69', '96', 'wuyuhai', '2016-03-31 13:44:52', '1', '1');
INSERT INTO `zb_product_score_reason` VALUES ('82', '69', '115', 'ford004', '2016-03-31 13:45:23', '1', '1');
INSERT INTO `zb_product_score_reason` VALUES ('83', '70', '1', '评分提交', '2016-03-31 14:26:55', '1', '1');
INSERT INTO `zb_product_score_reason` VALUES ('84', '70', '118', '第二次评分通过', '2016-03-31 14:29:08', '1', '1');
INSERT INTO `zb_product_score_reason` VALUES ('85', '70', '119', '第三次评分通过', '2016-03-31 14:30:32', '1', '1');
INSERT INTO `zb_product_score_reason` VALUES ('86', '68', '1', '给予通过', '2016-03-31 14:31:24', '1', '2');
INSERT INTO `zb_product_score_reason` VALUES ('87', '71', '1', '12123', '2016-03-31 14:31:28', '1', '1');
INSERT INTO `zb_product_score_reason` VALUES ('88', '71', '115', '12323', '2016-03-31 14:33:00', '1', '1');
INSERT INTO `zb_product_score_reason` VALUES ('89', '68', '115', '郭德纲', '2016-03-31 14:33:34', '1', '2');
INSERT INTO `zb_product_score_reason` VALUES ('90', '71', '94', '12323', '2016-03-31 14:33:38', '1', '1');
INSERT INTO `zb_product_score_reason` VALUES ('91', '68', '96', '提供', '2016-03-31 14:37:03', '1', '2');
INSERT INTO `zb_product_score_reason` VALUES ('92', '72', '1', '', '2016-03-31 15:31:01', '1', '2');
INSERT INTO `zb_product_score_reason` VALUES ('93', '72', '96', '', '2016-03-31 15:31:29', '1', '2');
INSERT INTO `zb_product_score_reason` VALUES ('94', '72', '115', '', '2016-03-31 15:32:06', '1', '2');
INSERT INTO `zb_product_score_reason` VALUES ('95', '46', '1', 'ghh', '2016-03-31 18:03:40', '1', '1');
INSERT INTO `zb_product_score_reason` VALUES ('96', '68', '1', '大喊大叫大家都不喜欢', '2016-04-01 10:01:16', '1', '2');
INSERT INTO `zb_product_score_reason` VALUES ('97', '68', '115', '撒犯得上发定时', '2016-04-01 10:02:10', '1', '2');
INSERT INTO `zb_product_score_reason` VALUES ('98', '68', '96', '广泛的鬼地方', '2016-04-01 10:02:37', '1', '2');
INSERT INTO `zb_product_score_reason` VALUES ('99', '72', '115', '成熟风控体系和金融产品团队，兼有银行级的资金安全及P2P的灵活方便', '2016-04-06 13:24:29', '1', '1');
INSERT INTO `zb_product_score_reason` VALUES ('100', '72', '112', '客户群热捧。汇中财富在汇中宝的基础上精心设计，针对中长期理财客户人群', '2016-04-06 13:26:22', '1', '1');
INSERT INTO `zb_product_score_reason` VALUES ('101', '72', '120', '公开公平的交易环境，双向交易操作，涨跌皆可盈利，22小时连续交易，可设止盈止损，个人投资全胜盈利优势。', '2016-04-06 13:27:25', '1', '1');

-- ----------------------------
-- Table structure for zb_product_self_field
-- ----------------------------
DROP TABLE IF EXISTS `zb_product_self_field`;
CREATE TABLE `zb_product_self_field` (
  `id` int(10) unsigned NOT NULL AUTO_INCREMENT COMMENT '自增字段',
  `product_id` int(11) unsigned NOT NULL DEFAULT '0' COMMENT '产品id',
  `field_name` varchar(100) NOT NULL COMMENT '字段描述',
  `field_en_name` varchar(100) NOT NULL DEFAULT '' COMMENT '字段英文名称',
  `field_type` tinyint(1) unsigned NOT NULL DEFAULT '1' COMMENT '1:输入框 2下拉菜单 3单选 4多选 5富文本',
  `field_option` varchar(255) NOT NULL COMMENT '客户可选择的选择项',
  `update_time` datetime NOT NULL DEFAULT '0000-00-00 00:00:00',
  PRIMARY KEY (`id`)
) ENGINE=InnoDB AUTO_INCREMENT=27 DEFAULT CHARSET=utf8 COMMENT='产品专有字段名称';

-- ----------------------------
-- Records of zb_product_self_field
-- ----------------------------
INSERT INTO `zb_product_self_field` VALUES ('1', '15', '232', '', '1', '', '2016-02-03 11:02:58');
INSERT INTO `zb_product_self_field` VALUES ('2', '15', '23', '', '2', '', '2016-02-03 11:03:03');
INSERT INTO `zb_product_self_field` VALUES ('3', '17', '222', '', '1', '', '2016-02-03 14:25:13');
INSERT INTO `zb_product_self_field` VALUES ('4', '17', '333', '', '2', '', '2016-02-03 14:25:20');
INSERT INTO `zb_product_self_field` VALUES ('6', '18', '11', '', '1', '', '2016-02-03 14:29:32');
INSERT INTO `zb_product_self_field` VALUES ('7', '20', '否打算萨地方撒33334343', '', '1', '', '2016-02-23 15:50:41');
INSERT INTO `zb_product_self_field` VALUES ('8', '21', '大水法萨地方111111', '', '1', '', '2016-02-19 16:45:48');
INSERT INTO `zb_product_self_field` VALUES ('9', '21', '撒旦发12121', '', '2', '', '2016-02-19 16:45:44');
INSERT INTO `zb_product_self_field` VALUES ('10', '22', '白的朋', '', '1', '', '2016-02-23 14:54:44');
INSERT INTO `zb_product_self_field` VALUES ('11', '26', '34', '', '1', '', '2016-02-19 15:45:13');
INSERT INTO `zb_product_self_field` VALUES ('12', '21', 'ere1111111', '', '1', '', '2016-02-19 16:46:54');
INSERT INTO `zb_product_self_field` VALUES ('13', '27', '34', '', '1', '', '2016-02-19 17:08:17');
INSERT INTO `zb_product_self_field` VALUES ('14', '29', '12', '', '1', '', '2016-02-22 15:05:04');
INSERT INTO `zb_product_self_field` VALUES ('15', '20', '3434111111', '', '1', '', '2016-02-23 15:50:54');
INSERT INTO `zb_product_self_field` VALUES ('16', '41', '232', '', '1', '', '2016-02-23 16:32:32');
INSERT INTO `zb_product_self_field` VALUES ('17', '55', '12', '', '1', '', '2016-03-25 17:36:35');
INSERT INTO `zb_product_self_field` VALUES ('18', '56', '基金经理', '', '2', '', '2016-03-28 10:43:01');
INSERT INTO `zb_product_self_field` VALUES ('19', '60', '基金管理人', '', '1', '', '2016-03-28 14:35:53');
INSERT INTO `zb_product_self_field` VALUES ('20', '61', '基金经理', '', '1', '', '2016-03-28 15:17:16');
INSERT INTO `zb_product_self_field` VALUES ('21', '64', 'test', '', '1', '', '2016-03-28 17:04:25');
INSERT INTO `zb_product_self_field` VALUES ('22', '64', 'test1002', '', '2', '', '2016-03-28 17:04:40');
INSERT INTO `zb_product_self_field` VALUES ('23', '66', '3434', '', '2', '', '2016-03-29 11:03:26');
INSERT INTO `zb_product_self_field` VALUES ('24', '67', '基金管理规模', '', '1', '', '2016-03-30 13:45:04');
INSERT INTO `zb_product_self_field` VALUES ('25', '70', '投资范围', '', '1', '', '2016-03-31 10:50:06');
INSERT INTO `zb_product_self_field` VALUES ('26', '71', '3434', '', '1', '', '2016-03-31 11:32:18');

-- ----------------------------
-- Table structure for zb_product_self_field_value
-- ----------------------------
DROP TABLE IF EXISTS `zb_product_self_field_value`;
CREATE TABLE `zb_product_self_field_value` (
  `id` int(11) unsigned NOT NULL AUTO_INCREMENT,
  `product_id` int(11) NOT NULL,
  `field_id` int(11) unsigned NOT NULL COMMENT '参数ID',
  `field_name` varchar(255) NOT NULL DEFAULT '' COMMENT '参数名',
  `field_value` varchar(255) NOT NULL COMMENT '参数值',
  `update_time` datetime NOT NULL DEFAULT '0000-00-00 00:00:00',
  PRIMARY KEY (`id`)
) ENGINE=InnoDB AUTO_INCREMENT=27 DEFAULT CHARSET=utf8 COMMENT='产品专有属性的属性值';

-- ----------------------------
-- Records of zb_product_self_field_value
-- ----------------------------
INSERT INTO `zb_product_self_field_value` VALUES ('1', '15', '1', '232', '232', '2016-02-03 11:05:49');
INSERT INTO `zb_product_self_field_value` VALUES ('2', '15', '2', '23', '232', '2016-02-03 11:05:49');
INSERT INTO `zb_product_self_field_value` VALUES ('3', '17', '3', '222', '111', '2016-02-03 14:26:56');
INSERT INTO `zb_product_self_field_value` VALUES ('4', '17', '4', '333', '1111', '2016-02-03 14:26:56');
INSERT INTO `zb_product_self_field_value` VALUES ('6', '18', '6', '11', '11', '2016-02-03 14:30:24');
INSERT INTO `zb_product_self_field_value` VALUES ('7', '20', '7', '否打算萨地方撒33334343', '发但是萨地方撒旦发大水法', '2016-02-05 16:25:59');
INSERT INTO `zb_product_self_field_value` VALUES ('8', '21', '8', '大水法萨地方111111', '啊的萨芬萨地方萨地方', '2016-03-18 15:07:27');
INSERT INTO `zb_product_self_field_value` VALUES ('9', '21', '9', '撒旦发12121', '大水法萨地方萨地方萨地方萨地方萨地方', '2016-03-18 15:07:27');
INSERT INTO `zb_product_self_field_value` VALUES ('10', '22', '10', '白的朋', 'FDSAFDSA', '2016-02-25 13:57:39');
INSERT INTO `zb_product_self_field_value` VALUES ('11', '26', '11', '34', '', '2016-02-19 15:45:48');
INSERT INTO `zb_product_self_field_value` VALUES ('12', '21', '12', 'ere1111111', '', '2016-03-18 15:07:27');
INSERT INTO `zb_product_self_field_value` VALUES ('13', '27', '13', '34', '', '2016-02-19 17:08:46');
INSERT INTO `zb_product_self_field_value` VALUES ('14', '29', '14', '12', '12', '2016-02-22 15:05:38');
INSERT INTO `zb_product_self_field_value` VALUES ('15', '20', '15', '3434111111', '', '0000-00-00 00:00:00');
INSERT INTO `zb_product_self_field_value` VALUES ('16', '41', '16', '232', '', '2016-02-23 16:33:14');
INSERT INTO `zb_product_self_field_value` VALUES ('17', '55', '17', '12', '232', '2016-03-25 17:44:32');
INSERT INTO `zb_product_self_field_value` VALUES ('18', '56', '18', '基金经理', '徐翔', '2016-03-28 10:54:56');
INSERT INTO `zb_product_self_field_value` VALUES ('19', '60', '19', '基金管理人', '11', '2016-03-29 09:42:43');
INSERT INTO `zb_product_self_field_value` VALUES ('20', '61', '20', '基金经理', '徐翔', '2016-03-28 17:00:01');
INSERT INTO `zb_product_self_field_value` VALUES ('21', '64', '21', 'test', '', '2016-03-28 17:05:31');
INSERT INTO `zb_product_self_field_value` VALUES ('22', '64', '22', 'test1002', '', '2016-03-28 17:05:31');
INSERT INTO `zb_product_self_field_value` VALUES ('23', '66', '23', '3434', '33333333333333333333333333333333333333333333333333333333333333333333333', '2016-03-29 11:14:58');
INSERT INTO `zb_product_self_field_value` VALUES ('24', '67', '24', '基金管理规模', '1000000', '2016-03-30 13:48:43');
INSERT INTO `zb_product_self_field_value` VALUES ('25', '70', '25', '投资范围', '农林板块', '2016-03-31 10:55:43');
INSERT INTO `zb_product_self_field_value` VALUES ('26', '71', '26', '3434', '232323', '2016-03-31 11:34:52');

-- ----------------------------
-- Table structure for zb_public_message
-- ----------------------------
DROP TABLE IF EXISTS `zb_public_message`;
CREATE TABLE `zb_public_message` (
  `id` int(10) unsigned NOT NULL AUTO_INCREMENT,
  `sender_uid` int(10) unsigned NOT NULL DEFAULT '0' COMMENT '发送人UID',
  `title` varchar(255) NOT NULL,
  `content` text NOT NULL,
  `source` varchar(255) NOT NULL DEFAULT '' COMMENT '来源',
  `status` tinyint(1) unsigned NOT NULL DEFAULT '1' COMMENT ' 1 正常 2 无效 3 草稿 4撤销',
  `is_clock` tinyint(1) unsigned NOT NULL DEFAULT '0' COMMENT '是否定时发布 0 否 1是',
  `clock_time` datetime NOT NULL DEFAULT '0000-00-00 00:00:00' COMMENT '定时发布时间',
  `add_time` datetime NOT NULL DEFAULT '0000-00-00 00:00:00' COMMENT '发送时间',
  `update_time` datetime NOT NULL DEFAULT '0000-00-00 00:00:00' COMMENT '更新时间',
  PRIMARY KEY (`id`)
) ENGINE=InnoDB AUTO_INCREMENT=33 DEFAULT CHARSET=utf8 COMMENT='公共消息表';

-- ----------------------------
-- Records of zb_public_message
-- ----------------------------
INSERT INTO `zb_public_message` VALUES ('1', '1', '年会通知', '年会通知', '老总办', '2', '0', '2016-02-19 00:00:00', '2016-02-01 10:51:01', '2016-02-01 15:24:11');
INSERT INTO `zb_public_message` VALUES ('2', '1', '上萨地方点点滴滴', '点点滴滴顶顶顶顶顶顶顶顶顶顶顶顶顶顶顶', '的', '4', '0', '0000-00-00 00:00:00', '2016-02-01 10:55:52', '2016-02-01 12:23:41');
INSERT INTO `zb_public_message` VALUES ('3', '1', '短短的', '点点滴滴点点滴滴短短的点点滴滴顶顶顶顶顶顶顶顶顶顶顶顶顶顶顶', '点点滴滴短短的', '1', '0', '0000-00-00 00:00:00', '2016-02-01 11:01:25', '2016-03-21 17:42:57');
INSERT INTO `zb_public_message` VALUES ('4', '1', 'fds', 'fdsafdsafd', 'fdasfdsaf', '1', '0', '0000-00-00 00:00:00', '2016-02-01 11:58:09', '2016-03-23 16:03:46');
INSERT INTO `zb_public_message` VALUES ('5', '1', 'afsdaf', 'fdsafdsa', 'fdasfdsa', '1', '0', '0000-00-00 00:00:00', '2016-02-01 12:00:30', '2016-03-21 18:07:04');
INSERT INTO `zb_public_message` VALUES ('6', '1', '渡水复渡水', '范德萨范德萨', '反对萨芬的是', '1', '0', '0000-00-00 00:00:00', '2016-02-01 13:26:51', '0000-00-00 00:00:00');
INSERT INTO `zb_public_message` VALUES ('7', '1', '', '', '', '4', '0', '0000-00-00 00:00:00', '2016-02-01 13:33:53', '2016-02-01 14:59:27');
INSERT INTO `zb_public_message` VALUES ('8', '1', '', '', '', '2', '0', '0000-00-00 00:00:00', '2016-02-01 13:37:22', '2016-02-01 13:37:30');
INSERT INTO `zb_public_message` VALUES ('9', '1', '年会中奖名单', '年会中奖名单公布2016年1月31号', '活动组', '1', '0', '2016-02-02 00:00:00', '2016-02-01 14:58:04', '2016-02-01 15:00:03');
INSERT INTO `zb_public_message` VALUES ('10', '1', '测试', '苏打水', '搜索', '1', '0', '2016-02-02 00:00:00', '2016-02-01 15:01:19', '2016-02-01 15:01:34');
INSERT INTO `zb_public_message` VALUES ('11', '1', '21321', '2322', '33', '1', '0', '0000-00-00 00:00:00', '2016-02-01 15:01:44', '0000-00-00 00:00:00');
INSERT INTO `zb_public_message` VALUES ('12', '2', '000', '000', '000', '4', '0', '0000-00-00 00:00:00', '2016-02-01 15:04:24', '2016-02-01 15:23:13');
INSERT INTO `zb_public_message` VALUES ('13', '1', '3525', '34535', '4353', '1', '0', '0000-00-00 00:00:00', '2016-02-01 15:10:47', '2016-03-21 16:46:22');
INSERT INTO `zb_public_message` VALUES ('14', '1', '问', '说的是', '上帝', '1', '0', '2016-02-01 00:00:00', '2016-02-01 15:24:51', '0000-00-00 00:00:00');
INSERT INTO `zb_public_message` VALUES ('15', '1', 'rr', 'dsf', 'asd', '2', '0', '0000-00-00 00:00:00', '2016-02-01 15:25:26', '2016-02-01 15:25:58');
INSERT INTO `zb_public_message` VALUES ('16', '1', '2323', '232', '232', '1', '0', '2016-02-03 00:00:00', '2016-02-03 10:51:33', '2016-02-03 13:57:42');
INSERT INTO `zb_public_message` VALUES ('17', '96', '景顺长城稳定收益A', '随科考放大在老地方哦人体哦了斯蒂芬了千万利福平', '锁定的收益', '3', '0', '0000-00-00 00:00:00', '2016-02-03 11:14:19', '0000-00-00 00:00:00');
INSERT INTO `zb_public_message` VALUES ('18', '96', '如果你的下載沒有自動開始，請點擊 這裏', ' 如果你的下載沒有自動開始，請點擊 這裏\nDownload your files faster and don\'t wait before downloading with\n4shared Premium account!\n特級帳戶\n\n    不需等待\n    無廣告\n\n    最高速度\n    无限制的同时下载\n', 'http://www.4shared.com', '1', '0', '0000-00-00 00:00:00', '2016-02-03 11:17:21', '0000-00-00 00:00:00');
INSERT INTO `zb_public_message` VALUES ('19', '1', '3434', '343', '3434', '1', '0', '2016-02-03 00:00:00', '2016-02-03 13:57:37', '0000-00-00 00:00:00');
INSERT INTO `zb_public_message` VALUES ('20', '1', '12123', '232', '2321', '1', '0', '2016-02-03 00:00:00', '2016-02-03 13:57:52', '2016-02-03 13:58:04');
INSERT INTO `zb_public_message` VALUES ('21', '1', '测试公告', '测试公告测试公告测试公告122', '开发部', '1', '0', '2016-02-04 00:00:00', '2016-02-03 20:20:45', '2016-02-03 20:21:01');
INSERT INTO `zb_public_message` VALUES ('22', '1', 'OK', '开发开发开', '开发', '1', '1', '2016-02-03 00:00:00', '2016-02-03 21:45:13', '2016-02-24 15:38:23');
INSERT INTO `zb_public_message` VALUES ('23', '1', '定时发布公告', '大老粗救火为大老粗救火为大老粗救火为大老粗救火为大老粗救火为大老粗救火为大老粗救火为大老粗救火为大老粗救火为大老粗救火为大老粗救火为', '大老粗救火为', '1', '0', '2016-02-24 00:00:00', '2016-02-03 21:59:14', '2016-02-03 23:29:30');
INSERT INTO `zb_public_message` VALUES ('24', '1', 'OKOK', 'OKOKOKOKOKOKOKOKOKOKOKOKOKOKOKOKOKOKOKOKOKOK', '开发', '2', '1', '2016-02-11 00:00:00', '2016-02-03 23:21:46', '2016-03-21 16:54:34');
INSERT INTO `zb_public_message` VALUES ('25', '1', '草稿中的公告。。。', '草稿中的公告。。。草稿中的公告。。。草稿中的公告。。。草稿中的公告。。。草稿中的公告。。。', '测试人员', '1', '0', '0000-00-00 00:00:00', '2016-02-25 10:07:03', '2016-03-21 17:55:17');
INSERT INTO `zb_public_message` VALUES ('26', '1', '无主题公告', '无主题公告无主题公告无主题公告', '测试', '1', '0', '0000-00-00 00:00:00', '2016-02-25 10:07:12', '2016-03-21 17:55:54');
INSERT INTO `zb_public_message` VALUES ('27', '1', '', '', '', '1', '0', '0000-00-00 00:00:00', '2016-03-30 17:32:36', '2016-03-31 14:52:56');
INSERT INTO `zb_public_message` VALUES ('28', '1', '434343434', '43434', '343', '2', '1', '2016-03-31 00:00:00', '2016-03-31 14:16:18', '2016-03-31 14:18:23');
INSERT INTO `zb_public_message` VALUES ('29', '1', '1212121212', '1212', '1212', '3', '1', '2016-03-31 00:00:00', '2016-03-31 14:16:53', '0000-00-00 00:00:00');
INSERT INTO `zb_public_message` VALUES ('30', '1', 'q', 'q', 'q', '1', '1', '2016-03-31 00:00:00', '2016-03-31 14:17:24', '0000-00-00 00:00:00');
INSERT INTO `zb_public_message` VALUES ('31', '1', 'w', 'w', 'w', '1', '0', '2016-03-31 00:00:00', '2016-03-31 14:17:36', '0000-00-00 00:00:00');
INSERT INTO `zb_public_message` VALUES ('32', '1', 'just for testing', '', '', '1', '0', '0000-00-00 00:00:00', '2016-03-31 16:53:57', '0000-00-00 00:00:00');

-- ----------------------------
-- Table structure for zb_public_message_log
-- ----------------------------
DROP TABLE IF EXISTS `zb_public_message_log`;
CREATE TABLE `zb_public_message_log` (
  `id` int(10) unsigned NOT NULL AUTO_INCREMENT,
  `message_id` int(10) unsigned NOT NULL DEFAULT '0' COMMENT '公共消息ID',
  `uid` int(10) unsigned NOT NULL DEFAULT '0' COMMENT '操作消息的用户ID',
  `type` tinyint(1) unsigned NOT NULL DEFAULT '1' COMMENT '操作类型 1: 伪删除 2:真删除',
  `handle_time` datetime NOT NULL DEFAULT '0000-00-00 00:00:00' COMMENT '操作时间',
  PRIMARY KEY (`id`)
) ENGINE=InnoDB AUTO_INCREMENT=41 DEFAULT CHARSET=utf8 COMMENT='公共消息操作记录表';

-- ----------------------------
-- Records of zb_public_message_log
-- ----------------------------
INSERT INTO `zb_public_message_log` VALUES ('1', '3', '1', '1', '2016-02-01 11:10:30');
INSERT INTO `zb_public_message_log` VALUES ('2', '2', '1', '1', '2016-02-01 11:32:20');
INSERT INTO `zb_public_message_log` VALUES ('3', '1', '1', '1', '2016-02-01 11:32:22');
INSERT INTO `zb_public_message_log` VALUES ('4', '3', '98', '1', '2016-02-01 11:33:37');
INSERT INTO `zb_public_message_log` VALUES ('5', '7', '1', '1', '2016-02-01 13:34:02');
INSERT INTO `zb_public_message_log` VALUES ('6', '6', '1', '1', '2016-02-01 13:51:30');
INSERT INTO `zb_public_message_log` VALUES ('7', '9', '1', '1', '2016-02-01 14:58:14');
INSERT INTO `zb_public_message_log` VALUES ('8', '10', '1', '1', '2016-02-01 15:01:21');
INSERT INTO `zb_public_message_log` VALUES ('9', '11', '1', '1', '2016-02-01 15:19:52');
INSERT INTO `zb_public_message_log` VALUES ('10', '12', '1', '1', '2016-02-01 15:20:53');
INSERT INTO `zb_public_message_log` VALUES ('11', '13', '1', '1', '2016-02-01 15:23:05');
INSERT INTO `zb_public_message_log` VALUES ('12', '4', '1', '1', '2016-02-01 20:44:26');
INSERT INTO `zb_public_message_log` VALUES ('13', '5', '1', '1', '2016-02-01 20:44:29');
INSERT INTO `zb_public_message_log` VALUES ('14', '14', '1', '1', '2016-02-01 21:09:01');
INSERT INTO `zb_public_message_log` VALUES ('15', '14', '98', '1', '2016-02-02 14:15:02');
INSERT INTO `zb_public_message_log` VALUES ('16', '11', '98', '1', '2016-02-02 14:15:10');
INSERT INTO `zb_public_message_log` VALUES ('17', '16', '1', '1', '2016-02-03 10:51:43');
INSERT INTO `zb_public_message_log` VALUES ('18', '17', '96', '1', '2016-02-03 11:14:23');
INSERT INTO `zb_public_message_log` VALUES ('19', '18', '93', '1', '2016-02-03 11:17:59');
INSERT INTO `zb_public_message_log` VALUES ('21', '18', '74', '1', '2016-02-03 13:19:58');
INSERT INTO `zb_public_message_log` VALUES ('22', '20', '1', '1', '2016-02-03 13:57:58');
INSERT INTO `zb_public_message_log` VALUES ('23', '19', '1', '1', '2016-02-03 14:05:09');
INSERT INTO `zb_public_message_log` VALUES ('24', '21', '1', '1', '2016-02-03 20:20:50');
INSERT INTO `zb_public_message_log` VALUES ('25', '22', '1', '1', '2016-02-03 21:45:30');
INSERT INTO `zb_public_message_log` VALUES ('26', '23', '1', '1', '2016-02-03 22:19:45');
INSERT INTO `zb_public_message_log` VALUES ('27', '24', '1', '1', '2016-02-03 23:22:00');
INSERT INTO `zb_public_message_log` VALUES ('28', '26', '1', '1', '2016-02-26 11:27:20');
INSERT INTO `zb_public_message_log` VALUES ('29', '25', '1', '1', '2016-02-29 09:35:26');
INSERT INTO `zb_public_message_log` VALUES ('30', '18', '1', '1', '2016-03-17 21:01:36');
INSERT INTO `zb_public_message_log` VALUES ('31', '561', '1', '1', '2016-03-18 11:22:32');
INSERT INTO `zb_public_message_log` VALUES ('32', '26', '115', '1', '2016-03-29 17:09:42');
INSERT INTO `zb_public_message_log` VALUES ('33', '27', '1', '1', '2016-03-30 17:32:38');
INSERT INTO `zb_public_message_log` VALUES ('34', '31', '1', '1', '2016-03-31 14:17:43');
INSERT INTO `zb_public_message_log` VALUES ('35', '30', '1', '1', '2016-03-31 14:17:58');
INSERT INTO `zb_public_message_log` VALUES ('36', '28', '1', '1', '2016-03-31 14:18:18');
INSERT INTO `zb_public_message_log` VALUES ('37', '31', '112', '1', '2016-03-31 16:53:32');
INSERT INTO `zb_public_message_log` VALUES ('38', '32', '1', '1', '2016-04-14 15:12:30');
INSERT INTO `zb_public_message_log` VALUES ('39', '32', '128', '1', '2016-12-29 13:27:37');
INSERT INTO `zb_public_message_log` VALUES ('40', '31', '128', '1', '2016-12-29 13:27:41');

-- ----------------------------
-- Table structure for zb_system_setting
-- ----------------------------
DROP TABLE IF EXISTS `zb_system_setting`;
CREATE TABLE `zb_system_setting` (
  `id` int(10) unsigned NOT NULL AUTO_INCREMENT,
  `uid` int(10) unsigned NOT NULL COMMENT '用户ID',
  `type` tinyint(4) unsigned NOT NULL DEFAULT '1' COMMENT '个性化操作类型 1:桌面设置 ',
  `content` varchar(255) NOT NULL DEFAULT '' COMMENT '设置的内容',
  `status` tinyint(1) unsigned NOT NULL DEFAULT '1' COMMENT '1 有效 2 无效 ',
  `add_time` datetime NOT NULL DEFAULT '0000-00-00 00:00:00',
  PRIMARY KEY (`id`)
) ENGINE=InnoDB DEFAULT CHARSET=utf8 COMMENT='系统自定义设置表';

-- ----------------------------
-- Records of zb_system_setting
-- ----------------------------

-- ----------------------------
-- Table structure for zb_user
-- ----------------------------
DROP TABLE IF EXISTS `zb_user`;
CREATE TABLE `zb_user` (
  `id` int(10) unsigned NOT NULL AUTO_INCREMENT,
  `email` varchar(32) NOT NULL DEFAULT '' COMMENT '邮箱',
  `password` varchar(64) NOT NULL DEFAULT '' COMMENT '密码',
  `realname` varchar(32) NOT NULL DEFAULT '' COMMENT '真实名称',
  `organization_id` mediumint(5) unsigned NOT NULL COMMENT '所属机构ID',
  `department_id` mediumint(5) NOT NULL COMMENT '部门id',
  `position_id` mediumint(5) NOT NULL COMMENT '职位id',
  `leader_id` mediumint(5) unsigned NOT NULL COMMENT '领导',
  `status` tinyint(4) unsigned NOT NULL DEFAULT '3' COMMENT '1:启用,2:禁用,3:待审核,4:注销',
  `check_remark` text COMMENT '审核不通过的备注',
  `add_time` datetime NOT NULL DEFAULT '0000-00-00 00:00:00' COMMENT '添加时间',
  `update_time` datetime NOT NULL DEFAULT '0000-00-00 00:00:00' COMMENT '更新时间',
  `register_mode` tinyint(4) unsigned NOT NULL DEFAULT '1' COMMENT '注册方式 1：前台注册 2：后台创建',
  PRIMARY KEY (`id`),
  UNIQUE KEY `email` (`email`) USING BTREE
) ENGINE=InnoDB AUTO_INCREMENT=129 DEFAULT CHARSET=utf8 COMMENT='用户表';

-- ----------------------------
-- Records of zb_user
-- ----------------------------
INSERT INTO `zb_user` VALUES ('1', 'zb@zb.com', 'e10adc3949ba59abbe56e057f20f883e', '系统管理员', '109', '68', '56', '57', '1', '', '2015-12-04 15:41:53', '2016-02-03 13:46:50', '1');
INSERT INTO `zb_user` VALUES ('2', 'xiaowen@qq.com', 'e10adc3949ba59abbe56e057f20f883e', 'awen', '1', '56', '1', '1', '1', '', '2015-12-09 17:50:53', '0000-00-00 00:00:00', '1');
INSERT INTO `zb_user` VALUES ('3', 'xiaowen88@qq.com', '', 'awen', '1', '1', '1', '2', '3', '', '2015-12-09 18:07:28', '2016-01-20 21:35:19', '1');
INSERT INTO `zb_user` VALUES ('4', 'xiaowen@34.com', 'e10adc3949ba59abbe56e057f20f883e', 'awen', '1', '1', '1', '2', '3', '', '2015-12-09 18:11:14', '0000-00-00 00:00:00', '1');
INSERT INTO `zb_user` VALUES ('5', 'awen@zb.com', 'e10adc3949ba59abbe56e057f20f883e', '肖文', '1', '1', '3', '2', '3', '', '2015-12-10 16:02:43', '0000-00-00 00:00:00', '1');
INSERT INTO `zb_user` VALUES ('6', 'xw@qq.com', '', 'wen', '1', '1', '1', '2', '1', '', '2015-12-11 16:34:12', '2016-01-20 21:41:10', '1');
INSERT INTO `zb_user` VALUES ('7', 'zb@126.com', 'e10adc3949ba59abbe56e057f20f883e', 'zb', '1', '1', '1', '2', '1', '', '2015-12-14 15:51:49', '2016-01-20 21:51:57', '1');
INSERT INTO `zb_user` VALUES ('8', 'xw@123.com', 'e10adc3949ba59abbe56e057f20f883e', '肖文', '1', '1', '1', '2', '3', '', '2015-12-17 15:38:21', '0000-00-00 00:00:00', '1');
INSERT INTO `zb_user` VALUES ('9', 'xw@q.com', 'e10adc3949ba59abbe56e057f20f883e', '肖文', '1', '1', '1', '2', '1', '', '2015-12-17 15:46:08', '2016-01-11 11:28:08', '1');
INSERT INTO `zb_user` VALUES ('10', '2313@qq.com', 'e10adc3949ba59abbe56e057f20f883e', '肖文', '1', '1', '1', '2', '3', '', '2015-12-17 15:50:20', '0000-00-00 00:00:00', '1');
INSERT INTO `zb_user` VALUES ('11', 'xianglizi481213@163.com', 'ca10f58ce56c4eb91ab0dda664c459d8', '小天', '1', '1', '1', '2', '3', '', '2015-12-22 14:36:33', '0000-00-00 00:00:00', '1');
INSERT INTO `zb_user` VALUES ('12', '543616070@qq.com', 'e10adc3949ba59abbe56e057f20f883e', '肖文', '1', '1', '1', '2', '1', '', '2015-12-22 17:06:24', '2015-12-24 10:11:17', '1');
INSERT INTO `zb_user` VALUES ('13', '111@163.com', 'e10adc3949ba59abbe56e057f20f883e', 'xx', '1', '1', '1', '2', '3', '', '2015-12-22 17:12:02', '0000-00-00 00:00:00', '1');
INSERT INTO `zb_user` VALUES ('14', 'xiaowen890127@sina.com', 'e10adc3949ba59abbe56e057f20f883e', 'awen', '1', '1', '1', '2', '3', '', '2015-12-23 22:08:17', '0000-00-00 00:00:00', '1');
INSERT INTO `zb_user` VALUES ('15', '2424@qq.com', 'e10adc3949ba59abbe56e057f20f883e', 'awenf', '1', '1', '1', '2', '1', '', '2015-12-23 22:26:54', '2016-01-04 14:14:18', '1');
INSERT INTO `zb_user` VALUES ('16', 'zbtest@163.com', 'c4ca4238a0b923820dcc509a6f75849b', 'zbtest', '1', '1', '1', '2', '3', '', '2015-12-24 16:23:36', '0000-00-00 00:00:00', '1');
INSERT INTO `zb_user` VALUES ('17', 'zb@163.com', 'c4ca4238a0b923820dcc509a6f75849b', 'zb', '1', '1', '1', '2', '3', '', '2015-12-24 16:26:44', '0000-00-00 00:00:00', '1');
INSERT INTO `zb_user` VALUES ('18', 'zz@163.com', 'c4ca4238a0b923820dcc509a6f75849b', 'xianglizi', '1', '1', '1', '2', '3', '', '2015-12-24 16:49:52', '0000-00-00 00:00:00', '1');
INSERT INTO `zb_user` VALUES ('19', 'z1z@163.com', 'c4ca4238a0b923820dcc509a6f75849b', 'xx', '1', '1', '1', '2', '3', '', '2015-12-24 16:51:35', '0000-00-00 00:00:00', '1');
INSERT INTO `zb_user` VALUES ('20', 'zz2@163.com', 'c4ca4238a0b923820dcc509a6f75849b', 'zb', '1', '1', '3', '2', '3', '', '2015-12-24 16:53:49', '0000-00-00 00:00:00', '1');
INSERT INTO `zb_user` VALUES ('21', 'zq@163.com', 'c4ca4238a0b923820dcc509a6f75849b', 'z', '1', '1', '1', '2', '3', '', '2015-12-24 17:13:42', '0000-00-00 00:00:00', '1');
INSERT INTO `zb_user` VALUES ('22', 'cc@163.com', 'c4ca4238a0b923820dcc509a6f75849b', 'cc', '1', '1', '1', '2', '3', '', '2015-12-24 17:24:11', '0000-00-00 00:00:00', '1');
INSERT INTO `zb_user` VALUES ('23', 'cc1@163.com', 'c4ca4238a0b923820dcc509a6f75849b', 'cc', '1', '1', '1', '2', '3', '', '2015-12-24 17:25:32', '0000-00-00 00:00:00', '1');
INSERT INTO `zb_user` VALUES ('24', 'zbz@163.com', 'c4ca4238a0b923820dcc509a6f75849b', 'zb', '1', '1', '1', '2', '3', '', '2015-12-24 18:21:33', '0000-00-00 00:00:00', '1');
INSERT INTO `zb_user` VALUES ('25', 'bb@163.com', 'c4ca4238a0b923820dcc509a6f75849b', 'zb', '1', '1', '1', '2', '1', '', '2015-12-24 18:33:49', '2016-01-04 15:54:56', '1');
INSERT INTO `zb_user` VALUES ('26', 'ddZB@163.com', '', 'zb', '1', '1', '1', '2', '3', '', '2015-12-24 19:28:11', '2016-01-01 20:24:00', '1');
INSERT INTO `zb_user` VALUES ('27', '1@163.com', 'c4ca4238a0b923820dcc509a6f75849b', 'zb', '1', '1', '1', '2', '3', '', '2015-12-25 09:50:20', '0000-00-00 00:00:00', '1');
INSERT INTO `zb_user` VALUES ('28', '2@163.com', 'c4ca4238a0b923820dcc509a6f75849b', 'zb', '1', '1', '1', '2', '3', '', '2015-12-25 09:50:33', '0000-00-00 00:00:00', '1');
INSERT INTO `zb_user` VALUES ('29', '3@163.com', 'c4ca4238a0b923820dcc509a6f75849b', 'zb', '1', '1', '1', '2', '3', '', '2015-12-25 09:50:43', '0000-00-00 00:00:00', '1');
INSERT INTO `zb_user` VALUES ('30', '4@163.com', 'c4ca4238a0b923820dcc509a6f75849b', 'zb', '1', '1', '1', '2', '3', '', '2015-12-25 10:35:59', '0000-00-00 00:00:00', '1');
INSERT INTO `zb_user` VALUES ('31', '5@163.com', 'c4ca4238a0b923820dcc509a6f75849b', 'zb', '1', '1', '1', '2', '3', '', '2015-12-25 10:36:42', '0000-00-00 00:00:00', '1');
INSERT INTO `zb_user` VALUES ('32', '1001@163.com', 'c4ca4238a0b923820dcc509a6f75849b', 'zb', '1', '1', '1', '2', '3', '', '2015-12-25 11:24:08', '0000-00-00 00:00:00', '1');
INSERT INTO `zb_user` VALUES ('33', '1002@163.com', 'c4ca4238a0b923820dcc509a6f75849b', 'zb', '1', '1', '1', '2', '3', '', '2015-12-25 11:24:33', '0000-00-00 00:00:00', '1');
INSERT INTO `zb_user` VALUES ('34', '1003@163.com', 'c4ca4238a0b923820dcc509a6f75849b', 'zb', '1', '1', '1', '2', '1', '', '2015-12-25 15:23:48', '2016-01-11 14:35:46', '1');
INSERT INTO `zb_user` VALUES ('35', '1004@163.com', 'c4ca4238a0b923820dcc509a6f75849b', 'zb', '1', '1', '1', '2', '3', '', '2015-12-25 15:23:49', '0000-00-00 00:00:00', '1');
INSERT INTO `zb_user` VALUES ('36', '1005@163.com', 'c4ca4238a0b923820dcc509a6f75849b', 'zb', '1', '1', '1', '2', '1', '', '2015-12-25 15:37:25', '2016-01-06 15:21:22', '1');
INSERT INTO `zb_user` VALUES ('37', '1006@163.com', '', 'zb', '1', '1', '1', '2', '2', '', '2015-12-25 15:37:50', '2016-01-08 18:54:43', '1');
INSERT INTO `zb_user` VALUES ('38', 'abc@163.com', '', 'zb1', '1', '1', '1', '2', '1', '', '2015-12-25 16:05:15', '2016-01-08 20:32:45', '1');
INSERT INTO `zb_user` VALUES ('39', '4327@qq.com', 'e10adc3949ba59abbe56e057f20f883e', 'xiaowen', '1', '2', '6', '7', '1', '', '2015-12-26 15:32:27', '2016-01-08 18:54:38', '1');
INSERT INTO `zb_user` VALUES ('40', 'aaa@qq.com', '', '陈学原', '1', '1', '1', '2', '2', '', '2015-12-30 14:52:19', '2016-01-08 13:39:31', '1');
INSERT INTO `zb_user` VALUES ('41', 'xianglizi481213@zillionfortune.c', 'aec92193a3738e37bd6b76a9daed912f', '12345678910111217888CCCCCCCCCCCC', '0', '1', '1', '2', '3', '', '2016-01-04 10:24:10', '0000-00-00 00:00:00', '1');
INSERT INTO `zb_user` VALUES ('42', 'xb@163.com', 'c4ca4238a0b923820dcc509a6f75849b', 'test1002', '0', '2', '6', '2', '3', '', '2016-01-04 11:58:09', '0000-00-00 00:00:00', '1');
INSERT INTO `zb_user` VALUES ('43', 'kk@163.com', 'e10adc3949ba59abbe56e057f20f883e', 'test1003', '0', '2', '6', '7', '3', '', '2016-01-04 14:00:32', '0000-00-00 00:00:00', '1');
INSERT INTO `zb_user` VALUES ('44', '123@163.com', 'c4ca4238a0b923820dcc509a6f75849b', '测试001', '0', '1', '3', '7', '1', '', '2016-01-11 14:29:08', '0000-00-00 00:00:00', '1');
INSERT INTO `zb_user` VALUES ('45', 'test20160111_1001@163.com', '', 'test20160111_1001', '1', '33', '6', '8', '2', '', '2016-01-11 14:44:26', '2016-01-14 16:22:13', '1');
INSERT INTO `zb_user` VALUES ('46', 'test2001@163.com', 'c4ca4238a0b923820dcc509a6f75849b', 'test2001', '1', '2', '6', '8', '3', '', '2016-01-11 15:18:59', '0000-00-00 00:00:00', '1');
INSERT INTO `zb_user` VALUES ('47', '31313@qq.com', 'e10adc3949ba59abbe56e057f20f883e', 'awen', '1', '9', '10', '2', '1', '', '2016-01-11 19:12:59', '2016-01-12 14:45:04', '1');
INSERT INTO `zb_user` VALUES ('48', 'test2002@163.com', 'e10adc3949ba59abbe56e057f20f883e', 'test2002', '1', '32', '10', '8', '1', '', '2016-01-12 11:21:51', '2016-01-12 14:40:42', '1');
INSERT INTO `zb_user` VALUES ('49', 'test2003@163.com', 'e10adc3949ba59abbe56e057f20f883e', 'test2003', '1', '9', '10', '8', '1', '', '2016-01-12 15:53:49', '0000-00-00 00:00:00', '1');
INSERT INTO `zb_user` VALUES ('50', 'test2004@163.com', 'e10adc3949ba59abbe56e057f20f883e', 'test2004', '1', '9', '10', '8', '1', '', '2016-01-12 16:00:20', '2016-01-12 16:00:46', '1');
INSERT INTO `zb_user` VALUES ('51', 'Product_test001@163.com', 'e10adc3949ba59abbe56e057f20f883e', 'Product_test001', '1', '9', '10', '7', '1', '', '2016-01-15 10:07:56', '0000-00-00 00:00:00', '1');
INSERT INTO `zb_user` VALUES ('52', 'test2002-2@163.com', 'e10adc3949ba59abbe56e057f20f883e', 'test2002-2', '1', '9', '10', '8', '2', '', '2016-01-15 10:38:35', '2016-03-23 17:20:19', '1');
INSERT INTO `zb_user` VALUES ('53', '123@zb.com', 'e10adc3949ba59abbe56e057f20f883e', '我是产品专员123', '1', '55', '44', '43', '1', '', '2016-01-18 14:49:27', '2016-01-25 14:32:50', '1');
INSERT INTO `zb_user` VALUES ('54', 'test3001@163.com', 'e10adc3949ba59abbe56e057f20f883e', 'test3001', '109', '55', '44', '43', '1', '', '2016-01-18 14:52:56', '2016-01-18 16:09:18', '1');
INSERT INTO `zb_user` VALUES ('55', 'test3002@163.com', 'e10adc3949ba59abbe56e057f20f883e', 'test3002', '109', '56', '46', '45', '1', '', '2016-01-18 14:53:38', '2016-01-18 16:05:23', '1');
INSERT INTO `zb_user` VALUES ('56', 'test3003@163.com', 'e10adc3949ba59abbe56e057f20f883e', 'test3003', '109', '57', '47', '42', '1', '', '2016-01-18 14:56:24', '2016-01-18 16:07:27', '1');
INSERT INTO `zb_user` VALUES ('57', 'test3004@163.com', 'e10adc3949ba59abbe56e057f20f883e', 'test3004', '109', '58', '49', '48', '1', '', '2016-01-18 14:56:52', '2016-01-18 16:08:33', '1');
INSERT INTO `zb_user` VALUES ('58', 'test3005@163.com', 'e10adc3949ba59abbe56e057f20f883e', 'test3005', '1', '59', '51', '50', '1', '', '2016-01-18 14:57:30', '2016-01-26 16:47:06', '1');
INSERT INTO `zb_user` VALUES ('59', '1234@zb.com', 'e10adc3949ba59abbe56e057f20f883e', '我是产品专员1234', '0', '55', '44', '43', '1', '', '2016-01-18 15:08:13', '2016-01-25 14:32:45', '1');
INSERT INTO `zb_user` VALUES ('60', 'test3006@163.com', 'e10adc3949ba59abbe56e057f20f883e', 'test3006', '109', '55', '43', '42', '1', '', '2016-01-18 15:17:43', '2016-01-18 16:22:40', '1');
INSERT INTO `zb_user` VALUES ('61', 'test3007@163.com', 'e10adc3949ba59abbe56e057f20f883e', 'test3007', '109', '56', '45', '45', '1', '', '2016-01-18 15:18:08', '2016-01-18 16:22:44', '1');
INSERT INTO `zb_user` VALUES ('62', 'test3008@163.com', 'e10adc3949ba59abbe56e057f20f883e', 'test3008', '0', '54', '47', '42', '1', '', '2016-01-18 15:18:41', '2016-01-26 15:21:22', '1');
INSERT INTO `zb_user` VALUES ('63', 'test3009@163.com', 'e10adc3949ba59abbe56e057f20f883e', 'test3009', '109', '58', '48', '48', '1', '', '2016-01-18 15:19:07', '2016-01-19 09:54:07', '1');
INSERT INTO `zb_user` VALUES ('64', 'test3010@163.com', 'e10adc3949ba59abbe56e057f20f883e', 'test3010', '0', '59', '50', '50', '1', '', '2016-01-18 15:19:32', '2016-01-18 16:22:54', '1');
INSERT INTO `zb_user` VALUES ('65', '12345@zb.com', 'e10adc3949ba59abbe56e057f20f883e', '我是法务', '0', '57', '47', '42', '1', '', '2016-01-18 17:00:35', '2016-01-18 17:03:05', '1');
INSERT INTO `zb_user` VALUES ('66', 'zb001@zb.com', 'e10adc3949ba59abbe56e057f20f883e', '测试一号', '109', '55', '44', '43', '1', '', '2016-01-19 14:00:20', '2016-01-26 17:25:24', '1');
INSERT INTO `zb_user` VALUES ('67', 'zb002@zb.com', 'e10adc3949ba59abbe56e057f20f883e', '测试二号', '109', '55', '44', '43', '1', '', '2016-01-19 14:04:20', '2016-01-19 14:22:07', '1');
INSERT INTO `zb_user` VALUES ('68', 'zhuce1001@163.com', 'e10adc3949ba59abbe56e057f20f883e', 'zhuce1001', '109', '56', '45', '43', '1', '', '2016-01-19 15:11:12', '0000-00-00 00:00:00', '1');
INSERT INTO `zb_user` VALUES ('69', 'zb_003@zb.com', 'e10adc3949ba59abbe56e057f20f883e', '我是运营', '109', '56', '46', '45', '1', '', '2016-01-19 15:57:30', '2016-01-19 16:24:32', '1');
INSERT INTO `zb_user` VALUES ('70', 'zb_exp@zb.com', 'e10adc3949ba59abbe56e057f20f883e', '快捷审批人', '109', '55', '43', '42', '1', '', '2016-01-19 16:31:39', '2016-01-19 16:31:55', '1');
INSERT INTO `zb_user` VALUES ('71', 'zb_testPWD@zb.com', '589438756a08343d465b4e31632be297', '密码可破解', '109', '56', '45', '42', '1', '', '2016-01-19 17:06:38', '0000-00-00 00:00:00', '1');
INSERT INTO `zb_user` VALUES ('72', 'sfa@163.com', 'e10adc3949ba59abbe56e057f20f883e', 'sfa', '109', '56', '45', '43', '2', '', '2016-01-20 13:47:16', '2016-03-23 17:21:34', '1');
INSERT INTO `zb_user` VALUES ('73', 'pplive@zb.com', 'e10adc3949ba59abbe56e057f20f883e', 'PP电影', '109', '55', '44', '42', '1', '', '2016-01-20 17:32:46', '2016-01-20 17:36:52', '1');
INSERT INTO `zb_user` VALUES ('74', '24617@qq.com', 'e10adc3949ba59abbe56e057f20f883e', '张璞', '109', '55', '43', '43', '1', '', '2016-01-20 22:07:58', '2016-01-20 22:09:03', '1');
INSERT INTO `zb_user` VALUES ('75', '1234@qq.com', 'e10adc3949ba59abbe56e057f20f883e', 'ZP', '109', '56', '45', '42', '1', '', '2016-01-20 22:16:33', '2016-01-20 22:18:07', '1');
INSERT INTO `zb_user` VALUES ('76', '12345@qq.com', 'e10adc3949ba59abbe56e057f20f883e', 'zp1', '109', '59', '48', '42', '1', '', '2016-01-20 22:21:58', '2016-01-20 22:23:01', '1');
INSERT INTO `zb_user` VALUES ('77', 'product1@zb.com', 'e10adc3949ba59abbe56e057f20f883e', '产品1', '0', '0', '0', '0', '1', '', '2016-01-16 11:08:46', '2016-01-16 11:08:51', '1');
INSERT INTO `zb_user` VALUES ('78', 'product2@zb.com', 'e10adc3949ba59abbe56e057f20f883e', '产品2', '0', '0', '0', '0', '1', '', '2016-01-17 11:08:33', '2016-01-17 11:08:38', '1');
INSERT INTO `zb_user` VALUES ('79', 'product3@zb.com', 'e10adc3949ba59abbe56e057f20f883e', '产品3', '0', '0', '0', '0', '1', '', '2016-01-18 11:08:24', '2016-01-18 11:08:29', '1');
INSERT INTO `zb_user` VALUES ('80', 'yunying1@zb.com', 'e10adc3949ba59abbe56e057f20f883e', '运营1', '109', '56', '46', '45', '1', '', '2016-01-19 11:08:14', '2016-01-19 11:08:19', '1');
INSERT INTO `zb_user` VALUES ('81', 'yunying2@zb.com', 'e10adc3949ba59abbe56e057f20f883e', '运营2', '0', '0', '0', '0', '1', '', '2016-01-20 11:08:03', '2016-01-20 11:08:09', '1');
INSERT INTO `zb_user` VALUES ('82', 'yunying3@zb.com', 'e10adc3949ba59abbe56e057f20f883e', '运营3', '0', '0', '0', '0', '1', '', '2016-01-21 11:07:49', '2016-01-21 11:07:59', '1');
INSERT INTO `zb_user` VALUES ('83', 'zb_004@zb.com', 'e10adc3949ba59abbe56e057f20f883e', '费率管理员', '109', '55', '43', '43', '1', '', '2016-01-21 11:27:14', '2016-01-21 11:28:02', '1');
INSERT INTO `zb_user` VALUES ('84', 'fw@zb.com', 'e10adc3949ba59abbe56e057f20f883e', '法务', '0', '0', '0', '0', '1', '', '0000-00-00 00:00:00', '0000-00-00 00:00:00', '1');
INSERT INTO `zb_user` VALUES ('85', 'xs@zb.com', 'e10adc3949ba59abbe56e057f20f883e', '销售', '109', '59', '50', '42', '1', '', '0000-00-00 00:00:00', '2016-01-26 17:19:06', '1');
INSERT INTO `zb_user` VALUES ('86', 'diaoyan@zb.com', 'e10adc3949ba59abbe56e057f20f883e', '调研', '109', '58', '49', '48', '1', '', '2016-01-22 14:37:28', '2016-01-26 17:29:17', '1');
INSERT INTO `zb_user` VALUES ('87', 'zb_005@zb.com', 'e10adc3949ba59abbe56e057f20f883e', '张赫宣', '109', '55', '43', '42', '1', '', '2016-01-21 16:24:08', '2016-01-26 17:27:56', '1');
INSERT INTO `zb_user` VALUES ('88', 'zb_006@zb.com', 'e10adc3949ba59abbe56e057f20f883e', 'zb_006', '109', '54', '44', '42', '1', '', '2016-01-25 09:50:20', '2016-01-25 17:28:21', '1');
INSERT INTO `zb_user` VALUES ('89', 'ss@163.com', 'e10adc3949ba59abbe56e057f20f883e', 'ss', '109', '55', '43', '42', '2', '', '2016-01-25 09:58:32', '2016-01-27 15:19:43', '1');
INSERT INTO `zb_user` VALUES ('90', 'test3011@163.com', 'e10adc3949ba59abbe56e057f20f883e', 'test3011', '109', '67', '42', '42', '2', '', '2016-01-26 16:45:05', '2016-01-27 15:19:46', '1');
INSERT INTO `zb_user` VALUES ('91', '284240@qq.com', 'e10adc3949ba59abbe56e057f20f883e', '肖文', '109', '67', '42', '42', '1', '', '2016-01-27 11:27:32', '2016-01-27 13:49:33', '1');
INSERT INTO `zb_user` VALUES ('92', 'xieyuling@zb.com', 'e10adc3949ba59abbe56e057f20f883e', '谢玉玲', '109', '67', '42', '42', '1', '', '2016-01-27 11:26:55', '2016-01-27 21:48:36', '1');
INSERT INTO `zb_user` VALUES ('93', 'zhangpu@zb.com', 'e10adc3949ba59abbe56e057f20f883e', '张璞', '109', '57', '47', '42', '1', '', '2016-01-27 15:59:07', '2016-01-27 16:07:34', '1');
INSERT INTO `zb_user` VALUES ('94', 'xianglizhi@zb.com', 'e10adc3949ba59abbe56e057f20f883e', '向丽芝', '109', '55', '43', '42', '1', '', '2016-01-27 15:59:47', '2016-01-27 16:07:47', '1');
INSERT INTO `zb_user` VALUES ('95', 'zhangpuchanpin@zb.com', 'e10adc3949ba59abbe56e057f20f883e', '张璞产品', '109', '55', '44', '43', '1', '', '2016-01-27 16:00:44', '2016-01-27 16:08:10', '1');
INSERT INTO `zb_user` VALUES ('96', 'wuyuhai@zb.com', 'e10adc3949ba59abbe56e057f20f883e', '吴玉海', '109', '56', '45', '42', '1', '', '2016-01-27 16:01:16', '2016-01-27 16:08:30', '1');
INSERT INTO `zb_user` VALUES ('97', 'chenbo@zb.com', 'e10adc3949ba59abbe56e057f20f883e', '陈波', '109', '56', '46', '45', '1', '', '2016-01-27 16:01:41', '2016-02-03 13:56:24', '1');
INSERT INTO `zb_user` VALUES ('98', 'xiaowen@zb.com', 'e10adc3949ba59abbe56e057f20f883e', '肖文', '109', '58', '48', '42', '1', '', '2016-01-27 16:03:52', '2016-01-27 16:08:51', '1');
INSERT INTO `zb_user` VALUES ('99', 'wenbing@zb.com', 'e10adc3949ba59abbe56e057f20f883e', '温冰', '109', '58', '49', '48', '1', '', '2016-01-27 16:06:11', '2016-01-27 16:09:05', '1');
INSERT INTO `zb_user` VALUES ('100', 'yaopengfei@zb.com', 'e10adc3949ba59abbe56e057f20f883e', '姚鹏飞', '109', '59', '50', '42', '1', '', '2016-01-27 16:06:40', '2016-01-27 16:09:20', '1');
INSERT INTO `zb_user` VALUES ('101', 'xingxuefang@zb.com', 'd41d8cd98f00b204e9800998ecf8427e', '邢雪芳', '109', '59', '51', '50', '1', '', '2016-01-27 16:07:02', '2016-02-01 18:04:44', '1');
INSERT INTO `zb_user` VALUES ('102', 'test1001@163.com', 'e10adc3949ba59abbe56e057f20f883e', 'test1001', '109', '55', '43', '42', '1', '', '2016-01-29 11:25:27', '0000-00-00 00:00:00', '1');
INSERT INTO `zb_user` VALUES ('103', 'awen@qq.com', 'e10adc3949ba59abbe56e057f20f883e', '小文', '109', '68', '56', '57', '1', '', '2016-01-29 23:03:36', '0000-00-00 00:00:00', '1');
INSERT INTO `zb_user` VALUES ('104', 'liyuchen@zbfortune.com', '52acda616e9f6073cbebf497def874c9', '李雨辰', '109', '55', '44', '43', '1', null, '2016-02-01 11:18:26', '0000-00-00 00:00:00', '1');
INSERT INTO `zb_user` VALUES ('105', 'jerry.zhang@zillionfortune.com', 'e10adc3949ba59abbe56e057f20f883e', '章亮', '109', '55', '43', '42', '1', null, '2016-02-01 11:20:29', '0000-00-00 00:00:00', '1');
INSERT INTO `zb_user` VALUES ('106', 'qianwenbin@zillionfortune.com', 'e10adc3949ba59abbe56e057f20f883e', '钱文斌', '109', '55', '44', '43', '1', null, '2016-02-01 11:22:02', '0000-00-00 00:00:00', '1');
INSERT INTO `zb_user` VALUES ('107', 'sunyi@zillionfortune.com', 'e10adc3949ba59abbe56e057f20f883e', '孙毅', '109', '55', '44', '43', '2', null, '2016-02-01 11:24:27', '2016-03-18 13:51:25', '1');
INSERT INTO `zb_user` VALUES ('108', 'test1122@163.com', 'e10adc3949ba59abbe56e057f20f883e', 'test1122', '109', '55', '43', '42', '1', null, '2016-02-03 10:58:17', '0000-00-00 00:00:00', '1');
INSERT INTO `zb_user` VALUES ('109', '123456@163.com', 'e10adc3949ba59abbe56e057f20f883e', '123456', '109', '55', '43', '43', '1', null, '2016-02-19 14:48:50', '0000-00-00 00:00:00', '1');
INSERT INTO `zb_user` VALUES ('110', '448443644@qq.com', 'e10adc3949ba59abbe56e057f20f883e', '张璞', '109', '56', '46', '45', '1', null, '2016-02-23 16:01:59', '0000-00-00 00:00:00', '1');
INSERT INTO `zb_user` VALUES ('111', '34@163.com', 'e10adc3949ba59abbe56e057f20f883e', '34', '109', '68', '58', '45', '3', null, '2016-02-23 16:11:48', '0000-00-00 00:00:00', '2');
INSERT INTO `zb_user` VALUES ('112', 'zhou953043100@qq.com', 'e10adc3949ba59abbe56e057f20f883e', '波波', '109', '67', '42', '50', '1', null, '2016-03-08 17:15:25', '2016-03-15 14:04:05', '1');
INSERT INTO `zb_user` VALUES ('113', '11@qq.com', 'c4ca4238a0b923820dcc509a6f75849b', '1', '109', '56', '46', '48', '2', null, '2016-03-09 15:37:23', '2016-03-18 13:54:29', '1');
INSERT INTO `zb_user` VALUES ('114', 'xx@oo.com', 'e10adc3949ba59abbe56e057f20f883e', 'cb', '109', '68', '57', '50', '2', null, '2016-03-09 15:43:45', '2016-03-18 13:47:44', '1');
INSERT INTO `zb_user` VALUES ('115', 'ford004@zb.com', 'e10adc3949ba59abbe56e057f20f883e', '缪小峰', '109', '68', '57', '43', '1', null, '2016-03-25 09:25:49', '0000-00-00 00:00:00', '1');
INSERT INTO `zb_user` VALUES ('116', '162@163.com', 'e10adc3949ba59abbe56e057f20f883e', 'Xx', '109', '55', '43', '50', '1', null, '2016-03-28 15:12:26', '2016-03-28 15:24:39', '1');
INSERT INTO `zb_user` VALUES ('117', 'shanghui001@zb.com', 'e10adc3949ba59abbe56e057f20f883e', 'shanghaui001', '109', '56', '45', '42', '1', null, '2016-03-28 15:52:39', '2016-03-28 15:59:48', '2');
INSERT INTO `zb_user` VALUES ('118', 'pingfen1@zb.com', 'e10adc3949ba59abbe56e057f20f883e', '评分1', '109', '56', '46', '45', '1', null, '2016-03-29 09:28:49', '0000-00-00 00:00:00', '2');
INSERT INTO `zb_user` VALUES ('119', 'pingfen2@zb.com', 'e10adc3949ba59abbe56e057f20f883e', '评分2', '109', '59', '50', '42', '1', null, '2016-03-29 09:30:26', '2016-03-29 09:30:48', '2');
INSERT INTO `zb_user` VALUES ('120', 'shanghui2@zb.com', 'e10adc3949ba59abbe56e057f20f883e', '上会2', '109', '56', '45', '42', '1', null, '2016-03-29 09:33:35', '2016-03-30 13:56:23', '2');
INSERT INTO `zb_user` VALUES ('121', 'feilvshenhe@zb.com', 'e10adc3949ba59abbe56e057f20f883e', '费率审核1', '109', '57', '47', '42', '1', null, '2016-03-31 15:57:07', '2016-03-31 15:57:52', '2');
INSERT INTO `zb_user` VALUES ('122', 'miaoxiaofeng@zb.com', 'e10adc3949ba59abbe56e057f20f883e', '缪小峰', '109', '55', '43', '42', '1', null, '2016-03-31 15:58:15', '0000-00-00 00:00:00', '1');
INSERT INTO `zb_user` VALUES ('123', 'feilvshenhe2@zb.com', 'e10adc3949ba59abbe56e057f20f883e', '费率审核2', '109', '57', '47', '43', '1', null, '2016-03-31 16:01:22', '0000-00-00 00:00:00', '2');
INSERT INTO `zb_user` VALUES ('124', 'wangyongxiang@zb.com', 'e10adc3949ba59abbe56e057f20f883e', '王永祥', '109', '55', '43', '42', '1', null, '2016-04-01 10:05:50', '2016-04-01 10:10:43', '1');
INSERT INTO `zb_user` VALUES ('125', 'wangyongxiang1@zb.com', 'e10adc3949ba59abbe56e057f20f883e', '王永祥', '109', '55', '43', '42', '1', null, '2016-04-01 10:07:31', '2016-04-01 10:11:22', '1');
INSERT INTO `zb_user` VALUES ('126', 'fordmiao@126.com', 'e10adc3949ba59abbe56e057f20f883e', '袁天仁', '109', '55', '44', '43', '3', null, '2016-04-06 10:44:08', '0000-00-00 00:00:00', '1');
INSERT INTO `zb_user` VALUES ('127', 'admin@qq.com', 'a66abb5684c45962d887564f08346e8d', '成员', '109', '68', '56', '50', '1', null, '2016-12-29 13:21:25', '0000-00-00 00:00:00', '1');
INSERT INTO `zb_user` VALUES ('128', 'admin@163.com', '9cbf8a4dcb8e30682b927f352d6559a0', 'cjeng', '109', '68', '56', '50', '1', null, '2016-12-29 13:25:31', '0000-00-00 00:00:00', '1');

-- ----------------------------
-- Table structure for zb_user_message
-- ----------------------------
DROP TABLE IF EXISTS `zb_user_message`;
CREATE TABLE `zb_user_message` (
  `id` int(10) unsigned NOT NULL AUTO_INCREMENT,
  `uid` int(10) unsigned NOT NULL DEFAULT '0' COMMENT '用户ID',
  `title` varchar(255) NOT NULL COMMENT '消息标题',
  `content` text COMMENT '内容',
  `status` tinyint(1) unsigned NOT NULL DEFAULT '1' COMMENT ' 1 有效 2 无效',
  `is_view` tinyint(1) unsigned NOT NULL DEFAULT '1' COMMENT '1 未查看 2已查看',
  `add_time` datetime NOT NULL DEFAULT '0000-00-00 00:00:00',
  `handle_time` datetime NOT NULL DEFAULT '0000-00-00 00:00:00' COMMENT '操作时间',
  PRIMARY KEY (`id`)
) ENGINE=InnoDB AUTO_INCREMENT=1368 DEFAULT CHARSET=utf8 COMMENT='用户消息表';

-- ----------------------------
-- Records of zb_user_message
-- ----------------------------
INSERT INTO `zb_user_message` VALUES ('1', '60', '【华华】进入待评分流程', '【华华】已完成提交，进入待评分流程，请及时处理，谢谢！', '1', '1', '2016-02-01 09:48:02', '0000-00-00 00:00:00');
INSERT INTO `zb_user_message` VALUES ('2', '61', '【华华】进入待评分流程', '【华华】已完成提交，进入待评分流程，请及时处理，谢谢！', '1', '1', '2016-02-01 09:48:02', '0000-00-00 00:00:00');
INSERT INTO `zb_user_message` VALUES ('3', '63', '【华华】进入待评分流程', '【华华】已完成提交，进入待评分流程，请及时处理，谢谢！', '1', '1', '2016-02-01 09:48:03', '0000-00-00 00:00:00');
INSERT INTO `zb_user_message` VALUES ('4', '70', '【华华】进入待评分流程', '【华华】已完成提交，进入待评分流程，请及时处理，谢谢！', '1', '1', '2016-02-01 09:48:03', '0000-00-00 00:00:00');
INSERT INTO `zb_user_message` VALUES ('5', '71', '【华华】进入待评分流程', '【华华】已完成提交，进入待评分流程，请及时处理，谢谢！', '1', '1', '2016-02-01 09:48:03', '0000-00-00 00:00:00');
INSERT INTO `zb_user_message` VALUES ('6', '74', '【华华】进入待评分流程', '【华华】已完成提交，进入待评分流程，请及时处理，谢谢！', '1', '1', '2016-02-01 09:48:03', '0000-00-00 00:00:00');
INSERT INTO `zb_user_message` VALUES ('7', '75', '【华华】进入待评分流程', '【华华】已完成提交，进入待评分流程，请及时处理，谢谢！', '1', '1', '2016-02-01 09:48:03', '0000-00-00 00:00:00');
INSERT INTO `zb_user_message` VALUES ('8', '76', '【华华】进入待评分流程', '【华华】已完成提交，进入待评分流程，请及时处理，谢谢！', '1', '1', '2016-02-01 09:48:03', '0000-00-00 00:00:00');
INSERT INTO `zb_user_message` VALUES ('9', '83', '【华华】进入待评分流程', '【华华】已完成提交，进入待评分流程，请及时处理，谢谢！', '1', '1', '2016-02-01 09:48:03', '0000-00-00 00:00:00');
INSERT INTO `zb_user_message` VALUES ('10', '87', '【华华】进入待评分流程', '【华华】已完成提交，进入待评分流程，请及时处理，谢谢！', '1', '1', '2016-02-01 09:48:03', '0000-00-00 00:00:00');
INSERT INTO `zb_user_message` VALUES ('11', '94', '【华华】进入待评分流程', '【华华】已完成提交，进入待评分流程，请及时处理，谢谢！', '1', '1', '2016-02-01 09:48:03', '0000-00-00 00:00:00');
INSERT INTO `zb_user_message` VALUES ('12', '96', '【华华】进入待评分流程', '【华华】已完成提交，进入待评分流程，请及时处理，谢谢！', '1', '1', '2016-02-01 09:48:03', '0000-00-00 00:00:00');
INSERT INTO `zb_user_message` VALUES ('13', '98', '【华华】进入待评分流程', '【华华】已完成提交，进入待评分流程，请及时处理，谢谢！', '1', '2', '2016-02-01 09:48:03', '2016-02-01 10:38:22');
INSERT INTO `zb_user_message` VALUES ('14', '1', '【华华】 开发部 已评分', '【华华】 开发部 已评分，等待进入合同待上传流程，请知悉，谢谢！<br/>', '1', '2', '2016-02-01 09:48:37', '2016-02-03 13:50:31');
INSERT INTO `zb_user_message` VALUES ('15', '1', '【华华】 产品部 已评分', '【华华】 产品部 已评分，等待进入合同待上传流程，请知悉，谢谢！<br/>', '1', '2', '2016-02-01 09:49:35', '2016-02-03 13:52:36');
INSERT INTO `zb_user_message` VALUES ('16', '1', '【华华】调研部已完成评分', '【华华】已完成评分，进入合同待上传流程，请及时处理，谢谢！<br/>', '1', '2', '2016-02-01 09:50:13', '2016-02-03 14:01:23');
INSERT INTO `zb_user_message` VALUES ('17', '56', '【华华】进入合同待审核流程', '【华华】已完成合同上传，进入合同待审核流程，请及时处理，谢谢！<br/>', '1', '1', '2016-02-01 09:51:24', '0000-00-00 00:00:00');
INSERT INTO `zb_user_message` VALUES ('18', '62', '【华华】进入合同待审核流程', '【华华】已完成合同上传，进入合同待审核流程，请及时处理，谢谢！<br/>', '1', '1', '2016-02-01 09:51:24', '0000-00-00 00:00:00');
INSERT INTO `zb_user_message` VALUES ('19', '65', '【华华】进入合同待审核流程', '【华华】已完成合同上传，进入合同待审核流程，请及时处理，谢谢！<br/>', '1', '2', '2016-02-01 09:51:24', '2016-02-01 10:06:55');
INSERT INTO `zb_user_message` VALUES ('20', '93', '【华华】进入合同待审核流程', '【华华】已完成合同上传，进入合同待审核流程，请及时处理，谢谢！<br/>', '1', '1', '2016-02-01 09:51:24', '0000-00-00 00:00:00');
INSERT INTO `zb_user_message` VALUES ('21', '91', '【华华】进入产品待审核流程', '【华华】已完成合同审核，进入产品待审核流程，请及时处理，谢谢！<br/>', '1', '1', '2016-02-01 10:00:52', '0000-00-00 00:00:00');
INSERT INTO `zb_user_message` VALUES ('22', '92', '【华华】进入产品待审核流程', '【华华】已完成合同审核，进入产品待审核流程，请及时处理，谢谢！<br/>', '1', '1', '2016-02-01 10:00:52', '0000-00-00 00:00:00');
INSERT INTO `zb_user_message` VALUES ('23', '1', '【华华】进入产品待审核流程', '【华华】已完成合同审核，进入产品待审核流程，请及时处理，谢谢！<br/>', '2', '2', '2016-02-01 10:00:52', '2016-03-21 12:13:32');
INSERT INTO `zb_user_message` VALUES ('24', '1', '【华华】进入产品销售中流程', '【华华】已完成产品审核，进入产品销售中流程，请知悉！<br/>', '1', '2', '2016-02-01 10:07:12', '2016-02-01 14:27:07');
INSERT INTO `zb_user_message` VALUES ('25', '61', '【华华】进入产品销售中流程', '【华华】已完成产品审核，进入产品销售中流程，请及时处理，谢谢！<br/>', '1', '1', '2016-02-01 10:07:12', '0000-00-00 00:00:00');
INSERT INTO `zb_user_message` VALUES ('26', '71', '【华华】进入产品销售中流程', '【华华】已完成产品审核，进入产品销售中流程，请及时处理，谢谢！<br/>', '1', '1', '2016-02-01 10:07:12', '0000-00-00 00:00:00');
INSERT INTO `zb_user_message` VALUES ('27', '75', '【华华】进入产品销售中流程', '【华华】已完成产品审核，进入产品销售中流程，请及时处理，谢谢！<br/>', '1', '1', '2016-02-01 10:07:12', '0000-00-00 00:00:00');
INSERT INTO `zb_user_message` VALUES ('28', '96', '【华华】进入产品销售中流程', '【华华】已完成产品审核，进入产品销售中流程，请及时处理，谢谢！<br/>', '1', '1', '2016-02-01 10:07:12', '0000-00-00 00:00:00');
INSERT INTO `zb_user_message` VALUES ('29', '60', '【华华】完成费率方案编辑', '【华华】已完成费率方案编辑，请及时处理，谢谢！', '1', '1', '2016-02-01 10:12:06', '0000-00-00 00:00:00');
INSERT INTO `zb_user_message` VALUES ('30', '64', '【华华】完成费率方案编辑', '【华华】已完成费率方案编辑，请及时处理，谢谢！', '1', '1', '2016-02-01 10:12:06', '0000-00-00 00:00:00');
INSERT INTO `zb_user_message` VALUES ('31', '70', '【华华】完成费率方案编辑', '【华华】已完成费率方案编辑，请及时处理，谢谢！', '1', '1', '2016-02-01 10:12:06', '0000-00-00 00:00:00');
INSERT INTO `zb_user_message` VALUES ('32', '74', '【华华】完成费率方案编辑', '【华华】已完成费率方案编辑，请及时处理，谢谢！', '1', '1', '2016-02-01 10:12:06', '0000-00-00 00:00:00');
INSERT INTO `zb_user_message` VALUES ('33', '83', '【华华】完成费率方案编辑', '【华华】已完成费率方案编辑，请及时处理，谢谢！', '1', '1', '2016-02-01 10:12:06', '0000-00-00 00:00:00');
INSERT INTO `zb_user_message` VALUES ('34', '85', '【华华】完成费率方案编辑', '【华华】已完成费率方案编辑，请及时处理，谢谢！', '1', '1', '2016-02-01 10:12:06', '0000-00-00 00:00:00');
INSERT INTO `zb_user_message` VALUES ('35', '87', '【华华】完成费率方案编辑', '【华华】已完成费率方案编辑，请及时处理，谢谢！', '1', '1', '2016-02-01 10:12:06', '0000-00-00 00:00:00');
INSERT INTO `zb_user_message` VALUES ('36', '91', '【华华】完成费率方案编辑', '【华华】已完成费率方案编辑，请及时处理，谢谢！', '1', '1', '2016-02-01 10:12:06', '0000-00-00 00:00:00');
INSERT INTO `zb_user_message` VALUES ('37', '92', '【华华】完成费率方案编辑', '【华华】已完成费率方案编辑，请及时处理，谢谢！', '1', '1', '2016-02-01 10:12:06', '0000-00-00 00:00:00');
INSERT INTO `zb_user_message` VALUES ('38', '94', '【华华】完成费率方案编辑', '【华华】已完成费率方案编辑，请及时处理，谢谢！', '1', '1', '2016-02-01 10:12:06', '0000-00-00 00:00:00');
INSERT INTO `zb_user_message` VALUES ('39', '100', '【华华】完成费率方案编辑', '【华华】已完成费率方案编辑，请及时处理，谢谢！', '1', '1', '2016-02-01 10:12:06', '0000-00-00 00:00:00');
INSERT INTO `zb_user_message` VALUES ('40', '61', '【华华】费率方案被产品部退回', '【华华】费率方案被产品部退回，请及时处理，谢谢！<br/>退回理由:发票有吗？', '1', '1', '2016-02-01 10:15:45', '0000-00-00 00:00:00');
INSERT INTO `zb_user_message` VALUES ('41', '71', '【华华】费率方案被产品部退回', '【华华】费率方案被产品部退回，请及时处理，谢谢！<br/>退回理由:发票有吗？', '1', '1', '2016-02-01 10:15:45', '0000-00-00 00:00:00');
INSERT INTO `zb_user_message` VALUES ('42', '75', '【华华】费率方案被产品部退回', '【华华】费率方案被产品部退回，请及时处理，谢谢！<br/>退回理由:发票有吗？', '1', '1', '2016-02-01 10:15:45', '0000-00-00 00:00:00');
INSERT INTO `zb_user_message` VALUES ('43', '96', '【华华】费率方案被产品部退回', '【华华】费率方案被产品部退回，请及时处理，谢谢！<br/>退回理由:发票有吗？', '1', '1', '2016-02-01 10:15:45', '0000-00-00 00:00:00');
INSERT INTO `zb_user_message` VALUES ('44', '60', '【华华】完成费率方案编辑', '【华华】已完成费率方案编辑，请及时处理，谢谢！', '1', '1', '2016-02-01 10:21:53', '0000-00-00 00:00:00');
INSERT INTO `zb_user_message` VALUES ('45', '64', '【华华】完成费率方案编辑', '【华华】已完成费率方案编辑，请及时处理，谢谢！', '1', '1', '2016-02-01 10:21:53', '0000-00-00 00:00:00');
INSERT INTO `zb_user_message` VALUES ('46', '70', '【华华】完成费率方案编辑', '【华华】已完成费率方案编辑，请及时处理，谢谢！', '1', '1', '2016-02-01 10:21:53', '0000-00-00 00:00:00');
INSERT INTO `zb_user_message` VALUES ('47', '74', '【华华】完成费率方案编辑', '【华华】已完成费率方案编辑，请及时处理，谢谢！', '1', '1', '2016-02-01 10:21:53', '0000-00-00 00:00:00');
INSERT INTO `zb_user_message` VALUES ('48', '83', '【华华】完成费率方案编辑', '【华华】已完成费率方案编辑，请及时处理，谢谢！', '1', '1', '2016-02-01 10:21:53', '0000-00-00 00:00:00');
INSERT INTO `zb_user_message` VALUES ('49', '85', '【华华】完成费率方案编辑', '【华华】已完成费率方案编辑，请及时处理，谢谢！', '1', '1', '2016-02-01 10:21:53', '0000-00-00 00:00:00');
INSERT INTO `zb_user_message` VALUES ('50', '87', '【华华】完成费率方案编辑', '【华华】已完成费率方案编辑，请及时处理，谢谢！', '1', '1', '2016-02-01 10:21:53', '0000-00-00 00:00:00');
INSERT INTO `zb_user_message` VALUES ('51', '91', '【华华】完成费率方案编辑', '【华华】已完成费率方案编辑，请及时处理，谢谢！', '1', '1', '2016-02-01 10:21:53', '0000-00-00 00:00:00');
INSERT INTO `zb_user_message` VALUES ('52', '92', '【华华】完成费率方案编辑', '【华华】已完成费率方案编辑，请及时处理，谢谢！', '1', '1', '2016-02-01 10:21:53', '0000-00-00 00:00:00');
INSERT INTO `zb_user_message` VALUES ('53', '94', '【华华】完成费率方案编辑', '【华华】已完成费率方案编辑，请及时处理，谢谢！', '1', '1', '2016-02-01 10:21:53', '0000-00-00 00:00:00');
INSERT INTO `zb_user_message` VALUES ('54', '100', '【华华】完成费率方案编辑', '【华华】已完成费率方案编辑，请及时处理，谢谢！', '1', '1', '2016-02-01 10:21:53', '0000-00-00 00:00:00');
INSERT INTO `zb_user_message` VALUES ('55', '61', '【华华】费率方案被调研部退回', '【华华】费率方案被调研部退回，请及时处理，谢谢！<br/>退回理由:frfdgdfg ', '1', '1', '2016-02-01 10:32:25', '0000-00-00 00:00:00');
INSERT INTO `zb_user_message` VALUES ('56', '71', '【华华】费率方案被调研部退回', '【华华】费率方案被调研部退回，请及时处理，谢谢！<br/>退回理由:frfdgdfg ', '1', '1', '2016-02-01 10:32:25', '0000-00-00 00:00:00');
INSERT INTO `zb_user_message` VALUES ('57', '75', '【华华】费率方案被调研部退回', '【华华】费率方案被调研部退回，请及时处理，谢谢！<br/>退回理由:frfdgdfg ', '1', '1', '2016-02-01 10:32:25', '0000-00-00 00:00:00');
INSERT INTO `zb_user_message` VALUES ('58', '96', '【华华】费率方案被调研部退回', '【华华】费率方案被调研部退回，请及时处理，谢谢！<br/>退回理由:frfdgdfg ', '1', '1', '2016-02-01 10:32:25', '0000-00-00 00:00:00');
INSERT INTO `zb_user_message` VALUES ('59', '60', '【华华】完成费率方案编辑', '【华华】已完成费率方案编辑，请及时处理，谢谢！', '1', '1', '2016-02-01 10:35:58', '0000-00-00 00:00:00');
INSERT INTO `zb_user_message` VALUES ('60', '64', '【华华】完成费率方案编辑', '【华华】已完成费率方案编辑，请及时处理，谢谢！', '1', '1', '2016-02-01 10:35:58', '0000-00-00 00:00:00');
INSERT INTO `zb_user_message` VALUES ('61', '70', '【华华】完成费率方案编辑', '【华华】已完成费率方案编辑，请及时处理，谢谢！', '1', '1', '2016-02-01 10:35:58', '0000-00-00 00:00:00');
INSERT INTO `zb_user_message` VALUES ('62', '74', '【华华】完成费率方案编辑', '【华华】已完成费率方案编辑，请及时处理，谢谢！', '1', '1', '2016-02-01 10:35:58', '0000-00-00 00:00:00');
INSERT INTO `zb_user_message` VALUES ('63', '83', '【华华】完成费率方案编辑', '【华华】已完成费率方案编辑，请及时处理，谢谢！', '1', '1', '2016-02-01 10:35:58', '0000-00-00 00:00:00');
INSERT INTO `zb_user_message` VALUES ('64', '85', '【华华】完成费率方案编辑', '【华华】已完成费率方案编辑，请及时处理，谢谢！', '1', '1', '2016-02-01 10:35:58', '0000-00-00 00:00:00');
INSERT INTO `zb_user_message` VALUES ('65', '87', '【华华】完成费率方案编辑', '【华华】已完成费率方案编辑，请及时处理，谢谢！', '1', '1', '2016-02-01 10:35:58', '0000-00-00 00:00:00');
INSERT INTO `zb_user_message` VALUES ('66', '91', '【华华】完成费率方案编辑', '【华华】已完成费率方案编辑，请及时处理，谢谢！', '1', '1', '2016-02-01 10:35:58', '0000-00-00 00:00:00');
INSERT INTO `zb_user_message` VALUES ('67', '92', '【华华】完成费率方案编辑', '【华华】已完成费率方案编辑，请及时处理，谢谢！', '1', '1', '2016-02-01 10:35:58', '0000-00-00 00:00:00');
INSERT INTO `zb_user_message` VALUES ('68', '94', '【华华】完成费率方案编辑', '【华华】已完成费率方案编辑，请及时处理，谢谢！', '1', '1', '2016-02-01 10:35:58', '0000-00-00 00:00:00');
INSERT INTO `zb_user_message` VALUES ('69', '100', '【华华】完成费率方案编辑', '【华华】已完成费率方案编辑，请及时处理，谢谢！', '1', '1', '2016-02-01 10:35:58', '0000-00-00 00:00:00');
INSERT INTO `zb_user_message` VALUES ('70', '60', '【范德萨】进入待评分流程', '【范德萨】已完成提交，进入待评分流程，请及时处理，谢谢！', '1', '1', '2016-02-01 10:39:09', '0000-00-00 00:00:00');
INSERT INTO `zb_user_message` VALUES ('71', '61', '【范德萨】进入待评分流程', '【范德萨】已完成提交，进入待评分流程，请及时处理，谢谢！', '1', '1', '2016-02-01 10:39:09', '0000-00-00 00:00:00');
INSERT INTO `zb_user_message` VALUES ('72', '63', '【范德萨】进入待评分流程', '【范德萨】已完成提交，进入待评分流程，请及时处理，谢谢！', '1', '1', '2016-02-01 10:39:09', '0000-00-00 00:00:00');
INSERT INTO `zb_user_message` VALUES ('73', '70', '【范德萨】进入待评分流程', '【范德萨】已完成提交，进入待评分流程，请及时处理，谢谢！', '1', '1', '2016-02-01 10:39:09', '0000-00-00 00:00:00');
INSERT INTO `zb_user_message` VALUES ('74', '71', '【范德萨】进入待评分流程', '【范德萨】已完成提交，进入待评分流程，请及时处理，谢谢！', '1', '1', '2016-02-01 10:39:09', '0000-00-00 00:00:00');
INSERT INTO `zb_user_message` VALUES ('75', '74', '【范德萨】进入待评分流程', '【范德萨】已完成提交，进入待评分流程，请及时处理，谢谢！', '1', '1', '2016-02-01 10:39:09', '0000-00-00 00:00:00');
INSERT INTO `zb_user_message` VALUES ('76', '75', '【范德萨】进入待评分流程', '【范德萨】已完成提交，进入待评分流程，请及时处理，谢谢！', '1', '1', '2016-02-01 10:39:09', '0000-00-00 00:00:00');
INSERT INTO `zb_user_message` VALUES ('77', '76', '【范德萨】进入待评分流程', '【范德萨】已完成提交，进入待评分流程，请及时处理，谢谢！', '1', '1', '2016-02-01 10:39:09', '0000-00-00 00:00:00');
INSERT INTO `zb_user_message` VALUES ('78', '83', '【范德萨】进入待评分流程', '【范德萨】已完成提交，进入待评分流程，请及时处理，谢谢！', '1', '1', '2016-02-01 10:39:09', '0000-00-00 00:00:00');
INSERT INTO `zb_user_message` VALUES ('79', '87', '【范德萨】进入待评分流程', '【范德萨】已完成提交，进入待评分流程，请及时处理，谢谢！', '1', '1', '2016-02-01 10:39:10', '0000-00-00 00:00:00');
INSERT INTO `zb_user_message` VALUES ('80', '94', '【范德萨】进入待评分流程', '【范德萨】已完成提交，进入待评分流程，请及时处理，谢谢！', '1', '1', '2016-02-01 10:39:10', '0000-00-00 00:00:00');
INSERT INTO `zb_user_message` VALUES ('81', '96', '【范德萨】进入待评分流程', '【范德萨】已完成提交，进入待评分流程，请及时处理，谢谢！', '1', '1', '2016-02-01 10:39:10', '0000-00-00 00:00:00');
INSERT INTO `zb_user_message` VALUES ('82', '98', '【范德萨】进入待评分流程', '【范德萨】已完成提交，进入待评分流程，请及时处理，谢谢！', '1', '1', '2016-02-01 10:39:10', '0000-00-00 00:00:00');
INSERT INTO `zb_user_message` VALUES ('83', '60', '【城恒】进入待评分流程', '【城恒】已完成提交，进入待评分流程，请及时处理，谢谢！', '1', '1', '2016-02-01 10:42:57', '0000-00-00 00:00:00');
INSERT INTO `zb_user_message` VALUES ('84', '61', '【城恒】进入待评分流程', '【城恒】已完成提交，进入待评分流程，请及时处理，谢谢！', '1', '1', '2016-02-01 10:42:57', '0000-00-00 00:00:00');
INSERT INTO `zb_user_message` VALUES ('85', '63', '【城恒】进入待评分流程', '【城恒】已完成提交，进入待评分流程，请及时处理，谢谢！', '1', '1', '2016-02-01 10:42:57', '0000-00-00 00:00:00');
INSERT INTO `zb_user_message` VALUES ('86', '70', '【城恒】进入待评分流程', '【城恒】已完成提交，进入待评分流程，请及时处理，谢谢！', '1', '1', '2016-02-01 10:42:57', '0000-00-00 00:00:00');
INSERT INTO `zb_user_message` VALUES ('87', '71', '【城恒】进入待评分流程', '【城恒】已完成提交，进入待评分流程，请及时处理，谢谢！', '1', '1', '2016-02-01 10:42:57', '0000-00-00 00:00:00');
INSERT INTO `zb_user_message` VALUES ('88', '74', '【城恒】进入待评分流程', '【城恒】已完成提交，进入待评分流程，请及时处理，谢谢！', '1', '1', '2016-02-01 10:42:57', '0000-00-00 00:00:00');
INSERT INTO `zb_user_message` VALUES ('89', '75', '【城恒】进入待评分流程', '【城恒】已完成提交，进入待评分流程，请及时处理，谢谢！', '1', '1', '2016-02-01 10:42:57', '0000-00-00 00:00:00');
INSERT INTO `zb_user_message` VALUES ('90', '76', '【城恒】进入待评分流程', '【城恒】已完成提交，进入待评分流程，请及时处理，谢谢！', '1', '1', '2016-02-01 10:42:57', '0000-00-00 00:00:00');
INSERT INTO `zb_user_message` VALUES ('91', '83', '【城恒】进入待评分流程', '【城恒】已完成提交，进入待评分流程，请及时处理，谢谢！', '1', '1', '2016-02-01 10:42:57', '0000-00-00 00:00:00');
INSERT INTO `zb_user_message` VALUES ('92', '87', '【城恒】进入待评分流程', '【城恒】已完成提交，进入待评分流程，请及时处理，谢谢！', '1', '1', '2016-02-01 10:42:57', '0000-00-00 00:00:00');
INSERT INTO `zb_user_message` VALUES ('93', '94', '【城恒】进入待评分流程', '【城恒】已完成提交，进入待评分流程，请及时处理，谢谢！', '1', '1', '2016-02-01 10:42:57', '0000-00-00 00:00:00');
INSERT INTO `zb_user_message` VALUES ('94', '96', '【城恒】进入待评分流程', '【城恒】已完成提交，进入待评分流程，请及时处理，谢谢！', '1', '1', '2016-02-01 10:42:57', '0000-00-00 00:00:00');
INSERT INTO `zb_user_message` VALUES ('95', '98', '【城恒】进入待评分流程', '【城恒】已完成提交，进入待评分流程，请及时处理，谢谢！', '1', '1', '2016-02-01 10:42:58', '0000-00-00 00:00:00');
INSERT INTO `zb_user_message` VALUES ('96', '53', '【城恒】 产品部 已评分', '【城恒】 产品部 已评分，等待进入合同待上传流程，请知悉，谢谢！<br/>', '1', '1', '2016-02-01 10:44:26', '0000-00-00 00:00:00');
INSERT INTO `zb_user_message` VALUES ('97', '53', '【城恒】 开发部 已评分', '【城恒】 开发部 已评分，等待进入合同待上传流程，请知悉，谢谢！<br/>', '1', '1', '2016-02-01 10:47:06', '0000-00-00 00:00:00');
INSERT INTO `zb_user_message` VALUES ('98', '53', '【城恒】产品部已完成评分', '【城恒】已完成评分，进入合同待上传流程，请及时处理，谢谢！<br/>', '1', '1', '2016-02-01 10:47:45', '0000-00-00 00:00:00');
INSERT INTO `zb_user_message` VALUES ('99', '56', '【城恒】进入合同待审核流程', '【城恒】已完成合同上传，进入合同待审核流程，请及时处理，谢谢！<br/>', '1', '1', '2016-02-01 10:49:18', '0000-00-00 00:00:00');
INSERT INTO `zb_user_message` VALUES ('100', '62', '【城恒】进入合同待审核流程', '【城恒】已完成合同上传，进入合同待审核流程，请及时处理，谢谢！<br/>', '1', '1', '2016-02-01 10:49:18', '0000-00-00 00:00:00');
INSERT INTO `zb_user_message` VALUES ('101', '65', '【城恒】进入合同待审核流程', '【城恒】已完成合同上传，进入合同待审核流程，请及时处理，谢谢！<br/>', '1', '1', '2016-02-01 10:49:18', '0000-00-00 00:00:00');
INSERT INTO `zb_user_message` VALUES ('102', '93', '【城恒】进入合同待审核流程', '【城恒】已完成合同上传，进入合同待审核流程，请及时处理，谢谢！<br/>', '1', '1', '2016-02-01 10:49:18', '0000-00-00 00:00:00');
INSERT INTO `zb_user_message` VALUES ('103', '91', '【城恒】进入产品待审核流程', '【城恒】已完成合同审核，进入产品待审核流程，请及时处理，谢谢！<br/>', '1', '1', '2016-02-01 10:56:50', '0000-00-00 00:00:00');
INSERT INTO `zb_user_message` VALUES ('104', '92', '【城恒】进入产品待审核流程', '【城恒】已完成合同审核，进入产品待审核流程，请及时处理，谢谢！<br/>', '1', '1', '2016-02-01 10:56:50', '0000-00-00 00:00:00');
INSERT INTO `zb_user_message` VALUES ('105', '53', '【城恒】进入产品待审核流程', '【城恒】已完成合同审核，进入产品待审核流程，请及时处理，谢谢！<br/>', '1', '1', '2016-02-01 10:56:50', '0000-00-00 00:00:00');
INSERT INTO `zb_user_message` VALUES ('106', '53', '【城恒】进入产品销售中流程', '【城恒】已完成产品审核，进入产品销售中流程，请知悉！<br/>', '1', '1', '2016-02-01 11:06:03', '0000-00-00 00:00:00');
INSERT INTO `zb_user_message` VALUES ('107', '61', '【城恒】进入产品销售中流程', '【城恒】已完成产品审核，进入产品销售中流程，请及时处理，谢谢！<br/>', '1', '1', '2016-02-01 11:06:03', '0000-00-00 00:00:00');
INSERT INTO `zb_user_message` VALUES ('108', '71', '【城恒】进入产品销售中流程', '【城恒】已完成产品审核，进入产品销售中流程，请及时处理，谢谢！<br/>', '1', '1', '2016-02-01 11:06:03', '0000-00-00 00:00:00');
INSERT INTO `zb_user_message` VALUES ('109', '75', '【城恒】进入产品销售中流程', '【城恒】已完成产品审核，进入产品销售中流程，请及时处理，谢谢！<br/>', '1', '1', '2016-02-01 11:06:03', '0000-00-00 00:00:00');
INSERT INTO `zb_user_message` VALUES ('110', '96', '【城恒】进入产品销售中流程', '【城恒】已完成产品审核，进入产品销售中流程，请及时处理，谢谢！<br/>', '1', '1', '2016-02-01 11:06:03', '0000-00-00 00:00:00');
INSERT INTO `zb_user_message` VALUES ('111', '60', '【城恒】完成费率方案编辑', '【城恒】已完成费率方案编辑，请及时处理，谢谢！', '1', '1', '2016-02-01 11:07:23', '0000-00-00 00:00:00');
INSERT INTO `zb_user_message` VALUES ('112', '64', '【城恒】完成费率方案编辑', '【城恒】已完成费率方案编辑，请及时处理，谢谢！', '1', '1', '2016-02-01 11:07:23', '0000-00-00 00:00:00');
INSERT INTO `zb_user_message` VALUES ('113', '70', '【城恒】完成费率方案编辑', '【城恒】已完成费率方案编辑，请及时处理，谢谢！', '1', '1', '2016-02-01 11:07:23', '0000-00-00 00:00:00');
INSERT INTO `zb_user_message` VALUES ('114', '74', '【城恒】完成费率方案编辑', '【城恒】已完成费率方案编辑，请及时处理，谢谢！', '1', '1', '2016-02-01 11:07:23', '0000-00-00 00:00:00');
INSERT INTO `zb_user_message` VALUES ('115', '83', '【城恒】完成费率方案编辑', '【城恒】已完成费率方案编辑，请及时处理，谢谢！', '1', '1', '2016-02-01 11:07:23', '0000-00-00 00:00:00');
INSERT INTO `zb_user_message` VALUES ('116', '85', '【城恒】完成费率方案编辑', '【城恒】已完成费率方案编辑，请及时处理，谢谢！', '1', '1', '2016-02-01 11:07:23', '0000-00-00 00:00:00');
INSERT INTO `zb_user_message` VALUES ('117', '87', '【城恒】完成费率方案编辑', '【城恒】已完成费率方案编辑，请及时处理，谢谢！', '1', '1', '2016-02-01 11:07:23', '0000-00-00 00:00:00');
INSERT INTO `zb_user_message` VALUES ('118', '91', '【城恒】完成费率方案编辑', '【城恒】已完成费率方案编辑，请及时处理，谢谢！', '1', '1', '2016-02-01 11:07:23', '0000-00-00 00:00:00');
INSERT INTO `zb_user_message` VALUES ('119', '92', '【城恒】完成费率方案编辑', '【城恒】已完成费率方案编辑，请及时处理，谢谢！', '1', '1', '2016-02-01 11:07:23', '0000-00-00 00:00:00');
INSERT INTO `zb_user_message` VALUES ('120', '94', '【城恒】完成费率方案编辑', '【城恒】已完成费率方案编辑，请及时处理，谢谢！', '1', '1', '2016-02-01 11:07:23', '0000-00-00 00:00:00');
INSERT INTO `zb_user_message` VALUES ('121', '100', '【城恒】完成费率方案编辑', '【城恒】已完成费率方案编辑，请及时处理，谢谢！', '1', '1', '2016-02-01 11:07:23', '0000-00-00 00:00:00');
INSERT INTO `zb_user_message` VALUES ('122', '60', '【城恒】费率方案被产品部退回', '【城恒】费率方案被产品部退回，请及时处理，谢谢！<br/>退回理由:大师傅似的', '1', '1', '2016-02-01 11:08:15', '0000-00-00 00:00:00');
INSERT INTO `zb_user_message` VALUES ('123', '64', '【城恒】费率方案被产品部退回', '【城恒】费率方案被产品部退回，请及时处理，谢谢！<br/>退回理由:大师傅似的', '1', '1', '2016-02-01 11:08:15', '0000-00-00 00:00:00');
INSERT INTO `zb_user_message` VALUES ('124', '70', '【城恒】费率方案被产品部退回', '【城恒】费率方案被产品部退回，请及时处理，谢谢！<br/>退回理由:大师傅似的', '1', '1', '2016-02-01 11:08:15', '0000-00-00 00:00:00');
INSERT INTO `zb_user_message` VALUES ('125', '74', '【城恒】费率方案被产品部退回', '【城恒】费率方案被产品部退回，请及时处理，谢谢！<br/>退回理由:大师傅似的', '1', '1', '2016-02-01 11:08:15', '0000-00-00 00:00:00');
INSERT INTO `zb_user_message` VALUES ('126', '83', '【城恒】费率方案被产品部退回', '【城恒】费率方案被产品部退回，请及时处理，谢谢！<br/>退回理由:大师傅似的', '1', '1', '2016-02-01 11:08:15', '0000-00-00 00:00:00');
INSERT INTO `zb_user_message` VALUES ('127', '85', '【城恒】费率方案被产品部退回', '【城恒】费率方案被产品部退回，请及时处理，谢谢！<br/>退回理由:大师傅似的', '1', '1', '2016-02-01 11:08:15', '0000-00-00 00:00:00');
INSERT INTO `zb_user_message` VALUES ('128', '87', '【城恒】费率方案被产品部退回', '【城恒】费率方案被产品部退回，请及时处理，谢谢！<br/>退回理由:大师傅似的', '1', '1', '2016-02-01 11:08:15', '0000-00-00 00:00:00');
INSERT INTO `zb_user_message` VALUES ('129', '91', '【城恒】费率方案被产品部退回', '【城恒】费率方案被产品部退回，请及时处理，谢谢！<br/>退回理由:大师傅似的', '1', '1', '2016-02-01 11:08:15', '0000-00-00 00:00:00');
INSERT INTO `zb_user_message` VALUES ('130', '92', '【城恒】费率方案被产品部退回', '【城恒】费率方案被产品部退回，请及时处理，谢谢！<br/>退回理由:大师傅似的', '1', '1', '2016-02-01 11:08:15', '0000-00-00 00:00:00');
INSERT INTO `zb_user_message` VALUES ('131', '94', '【城恒】费率方案被产品部退回', '【城恒】费率方案被产品部退回，请及时处理，谢谢！<br/>退回理由:大师傅似的', '1', '1', '2016-02-01 11:08:15', '0000-00-00 00:00:00');
INSERT INTO `zb_user_message` VALUES ('132', '100', '【城恒】费率方案被产品部退回', '【城恒】费率方案被产品部退回，请及时处理，谢谢！<br/>退回理由:大师傅似的', '1', '1', '2016-02-01 11:08:15', '0000-00-00 00:00:00');
INSERT INTO `zb_user_message` VALUES ('133', '60', '【XFILE】进入待评分流程', '【XFILE】已完成提交，进入待评分流程，请及时处理，谢谢！', '1', '1', '2016-02-01 11:13:55', '0000-00-00 00:00:00');
INSERT INTO `zb_user_message` VALUES ('134', '61', '【XFILE】进入待评分流程', '【XFILE】已完成提交，进入待评分流程，请及时处理，谢谢！', '1', '1', '2016-02-01 11:13:55', '0000-00-00 00:00:00');
INSERT INTO `zb_user_message` VALUES ('135', '63', '【XFILE】进入待评分流程', '【XFILE】已完成提交，进入待评分流程，请及时处理，谢谢！', '1', '1', '2016-02-01 11:13:55', '0000-00-00 00:00:00');
INSERT INTO `zb_user_message` VALUES ('136', '70', '【XFILE】进入待评分流程', '【XFILE】已完成提交，进入待评分流程，请及时处理，谢谢！', '1', '1', '2016-02-01 11:13:55', '0000-00-00 00:00:00');
INSERT INTO `zb_user_message` VALUES ('137', '71', '【XFILE】进入待评分流程', '【XFILE】已完成提交，进入待评分流程，请及时处理，谢谢！', '1', '1', '2016-02-01 11:13:55', '0000-00-00 00:00:00');
INSERT INTO `zb_user_message` VALUES ('138', '74', '【XFILE】进入待评分流程', '【XFILE】已完成提交，进入待评分流程，请及时处理，谢谢！', '1', '1', '2016-02-01 11:13:55', '0000-00-00 00:00:00');
INSERT INTO `zb_user_message` VALUES ('139', '75', '【XFILE】进入待评分流程', '【XFILE】已完成提交，进入待评分流程，请及时处理，谢谢！', '1', '1', '2016-02-01 11:13:55', '0000-00-00 00:00:00');
INSERT INTO `zb_user_message` VALUES ('140', '76', '【XFILE】进入待评分流程', '【XFILE】已完成提交，进入待评分流程，请及时处理，谢谢！', '1', '1', '2016-02-01 11:13:55', '0000-00-00 00:00:00');
INSERT INTO `zb_user_message` VALUES ('141', '83', '【XFILE】进入待评分流程', '【XFILE】已完成提交，进入待评分流程，请及时处理，谢谢！', '1', '1', '2016-02-01 11:13:55', '0000-00-00 00:00:00');
INSERT INTO `zb_user_message` VALUES ('142', '87', '【XFILE】进入待评分流程', '【XFILE】已完成提交，进入待评分流程，请及时处理，谢谢！', '1', '1', '2016-02-01 11:13:55', '0000-00-00 00:00:00');
INSERT INTO `zb_user_message` VALUES ('143', '94', '【XFILE】进入待评分流程', '【XFILE】已完成提交，进入待评分流程，请及时处理，谢谢！', '1', '1', '2016-02-01 11:13:55', '0000-00-00 00:00:00');
INSERT INTO `zb_user_message` VALUES ('144', '96', '【XFILE】进入待评分流程', '【XFILE】已完成提交，进入待评分流程，请及时处理，谢谢！', '1', '1', '2016-02-01 11:13:55', '0000-00-00 00:00:00');
INSERT INTO `zb_user_message` VALUES ('145', '98', '【XFILE】进入待评分流程', '【XFILE】已完成提交，进入待评分流程，请及时处理，谢谢！', '1', '1', '2016-02-01 11:13:55', '0000-00-00 00:00:00');
INSERT INTO `zb_user_message` VALUES ('146', '1', '【范德萨】 开发部 已评分', '【范德萨】 开发部 已评分，等待进入合同待上传流程，请知悉，谢谢！<br/>', '1', '2', '2016-02-01 11:15:14', '2016-02-03 10:47:03');
INSERT INTO `zb_user_message` VALUES ('147', '53', '【XFILE】 产品部 已评分', '【XFILE】 产品部 已评分，等待进入合同待上传流程，请知悉，谢谢！<br/>', '1', '1', '2016-02-01 11:15:14', '0000-00-00 00:00:00');
INSERT INTO `zb_user_message` VALUES ('148', '53', '【XFILE】 产品部 已评分', '【XFILE】 产品部 已评分，等待进入合同待上传流程，请知悉，谢谢！<br/>', '1', '1', '2016-02-01 11:15:44', '0000-00-00 00:00:00');
INSERT INTO `zb_user_message` VALUES ('149', '53', '【XFILE】调研部已完成评分', '【XFILE】已完成评分，进入合同待上传流程，请及时处理，谢谢！<br/>', '1', '1', '2016-02-01 11:16:20', '0000-00-00 00:00:00');
INSERT INTO `zb_user_message` VALUES ('150', '56', '【XFILE】进入合同待审核流程', '【XFILE】已完成合同上传，进入合同待审核流程，请及时处理，谢谢！<br/>', '1', '1', '2016-02-01 11:17:11', '0000-00-00 00:00:00');
INSERT INTO `zb_user_message` VALUES ('151', '62', '【XFILE】进入合同待审核流程', '【XFILE】已完成合同上传，进入合同待审核流程，请及时处理，谢谢！<br/>', '1', '1', '2016-02-01 11:17:11', '0000-00-00 00:00:00');
INSERT INTO `zb_user_message` VALUES ('152', '65', '【XFILE】进入合同待审核流程', '【XFILE】已完成合同上传，进入合同待审核流程，请及时处理，谢谢！<br/>', '1', '1', '2016-02-01 11:17:11', '0000-00-00 00:00:00');
INSERT INTO `zb_user_message` VALUES ('153', '93', '【XFILE】进入合同待审核流程', '【XFILE】已完成合同上传，进入合同待审核流程，请及时处理，谢谢！<br/>', '1', '1', '2016-02-01 11:17:11', '0000-00-00 00:00:00');
INSERT INTO `zb_user_message` VALUES ('154', '91', '【XFILE】进入产品待审核流程', '【XFILE】已完成合同审核，进入产品待审核流程，请及时处理，谢谢！<br/>', '1', '1', '2016-02-01 11:17:41', '0000-00-00 00:00:00');
INSERT INTO `zb_user_message` VALUES ('155', '92', '【XFILE】进入产品待审核流程', '【XFILE】已完成合同审核，进入产品待审核流程，请及时处理，谢谢！<br/>', '1', '1', '2016-02-01 11:17:41', '0000-00-00 00:00:00');
INSERT INTO `zb_user_message` VALUES ('156', '53', '【XFILE】进入产品待审核流程', '【XFILE】已完成合同审核，进入产品待审核流程，请及时处理，谢谢！<br/>', '1', '1', '2016-02-01 11:17:41', '0000-00-00 00:00:00');
INSERT INTO `zb_user_message` VALUES ('157', '53', '【XFILE】被退回', '【XFILE】在产品审核环节被退回，请及时处理，谢谢！<br/>退回理由：阿斯顿撒旦\n', '1', '1', '2016-02-01 11:19:09', '0000-00-00 00:00:00');
INSERT INTO `zb_user_message` VALUES ('158', '60', '【XFILE】进入待评分流程', '【XFILE】已完成提交，进入待评分流程，请及时处理，谢谢！', '1', '1', '2016-02-01 11:20:39', '0000-00-00 00:00:00');
INSERT INTO `zb_user_message` VALUES ('159', '61', '【XFILE】进入待评分流程', '【XFILE】已完成提交，进入待评分流程，请及时处理，谢谢！', '1', '1', '2016-02-01 11:20:39', '0000-00-00 00:00:00');
INSERT INTO `zb_user_message` VALUES ('160', '63', '【XFILE】进入待评分流程', '【XFILE】已完成提交，进入待评分流程，请及时处理，谢谢！', '1', '1', '2016-02-01 11:20:40', '0000-00-00 00:00:00');
INSERT INTO `zb_user_message` VALUES ('161', '70', '【XFILE】进入待评分流程', '【XFILE】已完成提交，进入待评分流程，请及时处理，谢谢！', '1', '1', '2016-02-01 11:20:40', '0000-00-00 00:00:00');
INSERT INTO `zb_user_message` VALUES ('162', '71', '【XFILE】进入待评分流程', '【XFILE】已完成提交，进入待评分流程，请及时处理，谢谢！', '1', '1', '2016-02-01 11:20:40', '0000-00-00 00:00:00');
INSERT INTO `zb_user_message` VALUES ('163', '74', '【XFILE】进入待评分流程', '【XFILE】已完成提交，进入待评分流程，请及时处理，谢谢！', '1', '1', '2016-02-01 11:20:40', '0000-00-00 00:00:00');
INSERT INTO `zb_user_message` VALUES ('164', '75', '【XFILE】进入待评分流程', '【XFILE】已完成提交，进入待评分流程，请及时处理，谢谢！', '1', '1', '2016-02-01 11:20:40', '0000-00-00 00:00:00');
INSERT INTO `zb_user_message` VALUES ('165', '76', '【XFILE】进入待评分流程', '【XFILE】已完成提交，进入待评分流程，请及时处理，谢谢！', '1', '1', '2016-02-01 11:20:40', '0000-00-00 00:00:00');
INSERT INTO `zb_user_message` VALUES ('166', '83', '【XFILE】进入待评分流程', '【XFILE】已完成提交，进入待评分流程，请及时处理，谢谢！', '1', '1', '2016-02-01 11:20:40', '0000-00-00 00:00:00');
INSERT INTO `zb_user_message` VALUES ('167', '87', '【XFILE】进入待评分流程', '【XFILE】已完成提交，进入待评分流程，请及时处理，谢谢！', '1', '1', '2016-02-01 11:20:40', '0000-00-00 00:00:00');
INSERT INTO `zb_user_message` VALUES ('168', '94', '【XFILE】进入待评分流程', '【XFILE】已完成提交，进入待评分流程，请及时处理，谢谢！', '1', '1', '2016-02-01 11:20:40', '0000-00-00 00:00:00');
INSERT INTO `zb_user_message` VALUES ('169', '96', '【XFILE】进入待评分流程', '【XFILE】已完成提交，进入待评分流程，请及时处理，谢谢！', '1', '1', '2016-02-01 11:20:40', '0000-00-00 00:00:00');
INSERT INTO `zb_user_message` VALUES ('170', '98', '【XFILE】进入待评分流程', '【XFILE】已完成提交，进入待评分流程，请及时处理，谢谢！', '1', '1', '2016-02-01 11:20:40', '0000-00-00 00:00:00');
INSERT INTO `zb_user_message` VALUES ('171', '53', '【XFILE】 调研部 已评分', '【XFILE】 调研部 已评分，等待进入合同待上传流程，请知悉，谢谢！<br/>', '1', '1', '2016-02-01 11:21:57', '0000-00-00 00:00:00');
INSERT INTO `zb_user_message` VALUES ('172', '53', '【XFILE】 产品部 已评分', '【XFILE】 产品部 已评分，等待进入合同待上传流程，请知悉，谢谢！<br/>', '1', '1', '2016-02-01 11:22:22', '0000-00-00 00:00:00');
INSERT INTO `zb_user_message` VALUES ('173', '53', '【XFILE】产品部已完成评分', '【XFILE】已完成评分，进入合同待上传流程，请及时处理，谢谢！<br/>', '1', '1', '2016-02-01 11:22:47', '0000-00-00 00:00:00');
INSERT INTO `zb_user_message` VALUES ('174', '1', '【范德萨】 产品部 已评分', '【范德萨】 产品部 已评分，等待进入合同待上传流程，请知悉，谢谢！<br/>', '1', '2', '2016-02-01 11:23:01', '2016-02-05 17:45:18');
INSERT INTO `zb_user_message` VALUES ('175', '53', '【XFILE】被终止', '【XFILE】在产品审核环节被终止，请知悉，谢谢！<br/>', '1', '1', '2016-02-01 11:23:54', '0000-00-00 00:00:00');
INSERT INTO `zb_user_message` VALUES ('176', '53', '【XFILE】被还原', '【XFILE】已被还原到您的产品部工作台，请知悉，谢谢！', '1', '1', '2016-02-01 11:29:23', '0000-00-00 00:00:00');
INSERT INTO `zb_user_message` VALUES ('177', '60', '【XFILE】进入待评分流程', '【XFILE】已完成提交，进入待评分流程，请及时处理，谢谢！', '1', '1', '2016-02-01 11:29:37', '0000-00-00 00:00:00');
INSERT INTO `zb_user_message` VALUES ('178', '61', '【XFILE】进入待评分流程', '【XFILE】已完成提交，进入待评分流程，请及时处理，谢谢！', '1', '1', '2016-02-01 11:29:37', '0000-00-00 00:00:00');
INSERT INTO `zb_user_message` VALUES ('179', '63', '【XFILE】进入待评分流程', '【XFILE】已完成提交，进入待评分流程，请及时处理，谢谢！', '1', '1', '2016-02-01 11:29:37', '0000-00-00 00:00:00');
INSERT INTO `zb_user_message` VALUES ('180', '70', '【XFILE】进入待评分流程', '【XFILE】已完成提交，进入待评分流程，请及时处理，谢谢！', '1', '1', '2016-02-01 11:29:37', '0000-00-00 00:00:00');
INSERT INTO `zb_user_message` VALUES ('181', '71', '【XFILE】进入待评分流程', '【XFILE】已完成提交，进入待评分流程，请及时处理，谢谢！', '1', '1', '2016-02-01 11:29:37', '0000-00-00 00:00:00');
INSERT INTO `zb_user_message` VALUES ('182', '74', '【XFILE】进入待评分流程', '【XFILE】已完成提交，进入待评分流程，请及时处理，谢谢！', '1', '1', '2016-02-01 11:29:37', '0000-00-00 00:00:00');
INSERT INTO `zb_user_message` VALUES ('183', '75', '【XFILE】进入待评分流程', '【XFILE】已完成提交，进入待评分流程，请及时处理，谢谢！', '1', '1', '2016-02-01 11:29:38', '0000-00-00 00:00:00');
INSERT INTO `zb_user_message` VALUES ('184', '76', '【XFILE】进入待评分流程', '【XFILE】已完成提交，进入待评分流程，请及时处理，谢谢！', '1', '1', '2016-02-01 11:29:38', '0000-00-00 00:00:00');
INSERT INTO `zb_user_message` VALUES ('185', '83', '【XFILE】进入待评分流程', '【XFILE】已完成提交，进入待评分流程，请及时处理，谢谢！', '1', '1', '2016-02-01 11:29:38', '0000-00-00 00:00:00');
INSERT INTO `zb_user_message` VALUES ('186', '87', '【XFILE】进入待评分流程', '【XFILE】已完成提交，进入待评分流程，请及时处理，谢谢！', '1', '1', '2016-02-01 11:29:38', '0000-00-00 00:00:00');
INSERT INTO `zb_user_message` VALUES ('187', '94', '【XFILE】进入待评分流程', '【XFILE】已完成提交，进入待评分流程，请及时处理，谢谢！', '1', '1', '2016-02-01 11:29:38', '0000-00-00 00:00:00');
INSERT INTO `zb_user_message` VALUES ('188', '96', '【XFILE】进入待评分流程', '【XFILE】已完成提交，进入待评分流程，请及时处理，谢谢！', '1', '1', '2016-02-01 11:29:38', '0000-00-00 00:00:00');
INSERT INTO `zb_user_message` VALUES ('189', '98', '【XFILE】进入待评分流程', '【XFILE】已完成提交，进入待评分流程，请及时处理，谢谢！', '1', '2', '2016-02-01 11:29:38', '2016-02-02 14:15:42');
INSERT INTO `zb_user_message` VALUES ('190', '53', '【XFILE】 产品部 已评分', '【XFILE】 产品部 已评分，等待进入合同待上传流程，请知悉，谢谢！<br/>', '1', '1', '2016-02-01 11:29:52', '0000-00-00 00:00:00');
INSERT INTO `zb_user_message` VALUES ('191', '53', '【XFILE】 产品部 已评分', '【XFILE】 产品部 已评分，等待进入合同待上传流程，请知悉，谢谢！<br/>', '1', '1', '2016-02-01 11:30:18', '0000-00-00 00:00:00');
INSERT INTO `zb_user_message` VALUES ('192', '53', '【XFILE】调研部已完成评分', '【XFILE】已完成评分，进入合同待上传流程，请及时处理，谢谢！<br/>', '1', '1', '2016-02-01 11:30:57', '0000-00-00 00:00:00');
INSERT INTO `zb_user_message` VALUES ('193', '56', '【XFILE】进入合同待审核流程', '【XFILE】已完成合同上传，进入合同待审核流程，请及时处理，谢谢！<br/>', '1', '1', '2016-02-01 11:31:27', '0000-00-00 00:00:00');
INSERT INTO `zb_user_message` VALUES ('194', '62', '【XFILE】进入合同待审核流程', '【XFILE】已完成合同上传，进入合同待审核流程，请及时处理，谢谢！<br/>', '1', '1', '2016-02-01 11:31:27', '0000-00-00 00:00:00');
INSERT INTO `zb_user_message` VALUES ('195', '65', '【XFILE】进入合同待审核流程', '【XFILE】已完成合同上传，进入合同待审核流程，请及时处理，谢谢！<br/>', '1', '1', '2016-02-01 11:31:27', '0000-00-00 00:00:00');
INSERT INTO `zb_user_message` VALUES ('196', '93', '【XFILE】进入合同待审核流程', '【XFILE】已完成合同上传，进入合同待审核流程，请及时处理，谢谢！<br/>', '1', '1', '2016-02-01 11:31:27', '0000-00-00 00:00:00');
INSERT INTO `zb_user_message` VALUES ('197', '91', '【XFILE】进入产品待审核流程', '【XFILE】已完成合同审核，进入产品待审核流程，请及时处理，谢谢！<br/>', '1', '1', '2016-02-01 11:32:46', '0000-00-00 00:00:00');
INSERT INTO `zb_user_message` VALUES ('198', '92', '【XFILE】进入产品待审核流程', '【XFILE】已完成合同审核，进入产品待审核流程，请及时处理，谢谢！<br/>', '1', '1', '2016-02-01 11:32:46', '0000-00-00 00:00:00');
INSERT INTO `zb_user_message` VALUES ('199', '53', '【XFILE】进入产品待审核流程', '【XFILE】已完成合同审核，进入产品待审核流程，请及时处理，谢谢！<br/>', '1', '1', '2016-02-01 11:32:46', '0000-00-00 00:00:00');
INSERT INTO `zb_user_message` VALUES ('200', '53', '【XFILE】进入产品销售中流程', '【XFILE】已完成产品审核，进入产品销售中流程，请知悉！<br/>', '1', '1', '2016-02-01 11:33:10', '0000-00-00 00:00:00');
INSERT INTO `zb_user_message` VALUES ('201', '61', '【XFILE】进入产品销售中流程', '【XFILE】已完成产品审核，进入产品销售中流程，请及时处理，谢谢！<br/>', '1', '1', '2016-02-01 11:33:10', '0000-00-00 00:00:00');
INSERT INTO `zb_user_message` VALUES ('202', '71', '【XFILE】进入产品销售中流程', '【XFILE】已完成产品审核，进入产品销售中流程，请及时处理，谢谢！<br/>', '1', '1', '2016-02-01 11:33:10', '0000-00-00 00:00:00');
INSERT INTO `zb_user_message` VALUES ('203', '75', '【XFILE】进入产品销售中流程', '【XFILE】已完成产品审核，进入产品销售中流程，请及时处理，谢谢！<br/>', '1', '1', '2016-02-01 11:33:10', '0000-00-00 00:00:00');
INSERT INTO `zb_user_message` VALUES ('204', '96', '【XFILE】进入产品销售中流程', '【XFILE】已完成产品审核，进入产品销售中流程，请及时处理，谢谢！<br/>', '1', '1', '2016-02-01 11:33:10', '0000-00-00 00:00:00');
INSERT INTO `zb_user_message` VALUES ('205', '53', '【XFILE】被暂停', '【XFILE】已被暂停，进入暂下回状态。请知悉，谢谢！', '1', '1', '2016-02-01 11:36:31', '0000-00-00 00:00:00');
INSERT INTO `zb_user_message` VALUES ('206', '53', '【XFILE】已起售', '【XFILE】已起售，进入销售中状态。请知悉，谢谢！', '1', '1', '2016-02-01 11:37:52', '0000-00-00 00:00:00');
INSERT INTO `zb_user_message` VALUES ('207', '53', '【XFILE】被暂停', '【XFILE】已被暂停，进入暂下回状态。请知悉，谢谢！', '1', '1', '2016-02-01 11:38:15', '0000-00-00 00:00:00');
INSERT INTO `zb_user_message` VALUES ('208', '53', '【XFILE】已下架', '【XFILE】已下架，进入被下架状态。请知悉，谢谢！', '1', '1', '2016-02-01 11:38:22', '0000-00-00 00:00:00');
INSERT INTO `zb_user_message` VALUES ('209', '1', '【范德萨】产品部已完成评分', '【范德萨】已完成评分，进入合同待上传流程，请及时处理，谢谢！<br/>', '1', '2', '2016-02-01 11:52:43', '2016-02-01 14:27:02');
INSERT INTO `zb_user_message` VALUES ('210', '60', '【鹏华行业】进入待评分流程', '【鹏华行业】已完成提交，进入待评分流程，请及时处理，谢谢！', '1', '1', '2016-02-01 13:52:51', '0000-00-00 00:00:00');
INSERT INTO `zb_user_message` VALUES ('211', '61', '【鹏华行业】进入待评分流程', '【鹏华行业】已完成提交，进入待评分流程，请及时处理，谢谢！', '1', '1', '2016-02-01 13:52:52', '0000-00-00 00:00:00');
INSERT INTO `zb_user_message` VALUES ('212', '63', '【鹏华行业】进入待评分流程', '【鹏华行业】已完成提交，进入待评分流程，请及时处理，谢谢！', '1', '1', '2016-02-01 13:52:52', '0000-00-00 00:00:00');
INSERT INTO `zb_user_message` VALUES ('213', '70', '【鹏华行业】进入待评分流程', '【鹏华行业】已完成提交，进入待评分流程，请及时处理，谢谢！', '1', '1', '2016-02-01 13:52:52', '0000-00-00 00:00:00');
INSERT INTO `zb_user_message` VALUES ('214', '71', '【鹏华行业】进入待评分流程', '【鹏华行业】已完成提交，进入待评分流程，请及时处理，谢谢！', '1', '1', '2016-02-01 13:52:52', '0000-00-00 00:00:00');
INSERT INTO `zb_user_message` VALUES ('215', '74', '【鹏华行业】进入待评分流程', '【鹏华行业】已完成提交，进入待评分流程，请及时处理，谢谢！', '1', '1', '2016-02-01 13:52:52', '0000-00-00 00:00:00');
INSERT INTO `zb_user_message` VALUES ('216', '75', '【鹏华行业】进入待评分流程', '【鹏华行业】已完成提交，进入待评分流程，请及时处理，谢谢！', '1', '1', '2016-02-01 13:52:52', '0000-00-00 00:00:00');
INSERT INTO `zb_user_message` VALUES ('217', '76', '【鹏华行业】进入待评分流程', '【鹏华行业】已完成提交，进入待评分流程，请及时处理，谢谢！', '1', '1', '2016-02-01 13:52:52', '0000-00-00 00:00:00');
INSERT INTO `zb_user_message` VALUES ('218', '83', '【鹏华行业】进入待评分流程', '【鹏华行业】已完成提交，进入待评分流程，请及时处理，谢谢！', '1', '1', '2016-02-01 13:52:52', '0000-00-00 00:00:00');
INSERT INTO `zb_user_message` VALUES ('219', '87', '【鹏华行业】进入待评分流程', '【鹏华行业】已完成提交，进入待评分流程，请及时处理，谢谢！', '1', '1', '2016-02-01 13:52:52', '0000-00-00 00:00:00');
INSERT INTO `zb_user_message` VALUES ('220', '94', '【鹏华行业】进入待评分流程', '【鹏华行业】已完成提交，进入待评分流程，请及时处理，谢谢！', '1', '1', '2016-02-01 13:52:52', '0000-00-00 00:00:00');
INSERT INTO `zb_user_message` VALUES ('221', '96', '【鹏华行业】进入待评分流程', '【鹏华行业】已完成提交，进入待评分流程，请及时处理，谢谢！', '1', '1', '2016-02-01 13:52:52', '0000-00-00 00:00:00');
INSERT INTO `zb_user_message` VALUES ('222', '98', '【鹏华行业】进入待评分流程', '【鹏华行业】已完成提交，进入待评分流程，请及时处理，谢谢！', '1', '2', '2016-02-01 13:52:52', '2016-02-02 14:15:23');
INSERT INTO `zb_user_message` VALUES ('223', '53', '【鹏华行业】 产品部 已评分', '【鹏华行业】 产品部 已评分，等待进入合同待上传流程，请知悉，谢谢！<br/>', '1', '1', '2016-02-01 13:53:14', '0000-00-00 00:00:00');
INSERT INTO `zb_user_message` VALUES ('224', '56', '【范德萨】进入合同待审核流程', '【范德萨】已完成合同上传，进入合同待审核流程，请及时处理，谢谢！<br/>', '1', '1', '2016-02-01 13:54:31', '0000-00-00 00:00:00');
INSERT INTO `zb_user_message` VALUES ('225', '62', '【范德萨】进入合同待审核流程', '【范德萨】已完成合同上传，进入合同待审核流程，请及时处理，谢谢！<br/>', '1', '1', '2016-02-01 13:54:31', '0000-00-00 00:00:00');
INSERT INTO `zb_user_message` VALUES ('226', '65', '【范德萨】进入合同待审核流程', '【范德萨】已完成合同上传，进入合同待审核流程，请及时处理，谢谢！<br/>', '1', '1', '2016-02-01 13:54:31', '0000-00-00 00:00:00');
INSERT INTO `zb_user_message` VALUES ('227', '93', '【范德萨】进入合同待审核流程', '【范德萨】已完成合同上传，进入合同待审核流程，请及时处理，谢谢！<br/>', '1', '1', '2016-02-01 13:54:31', '0000-00-00 00:00:00');
INSERT INTO `zb_user_message` VALUES ('228', '91', '【范德萨】进入产品待审核流程', '【范德萨】已完成合同审核，进入产品待审核流程，请及时处理，谢谢！<br/>', '1', '1', '2016-02-01 13:54:52', '0000-00-00 00:00:00');
INSERT INTO `zb_user_message` VALUES ('229', '92', '【范德萨】进入产品待审核流程', '【范德萨】已完成合同审核，进入产品待审核流程，请及时处理，谢谢！<br/>', '1', '1', '2016-02-01 13:54:52', '0000-00-00 00:00:00');
INSERT INTO `zb_user_message` VALUES ('230', '1', '【范德萨】进入产品待审核流程', '【范德萨】已完成合同审核，进入产品待审核流程，请及时处理，谢谢！<br/>', '1', '2', '2016-02-01 13:54:52', '2016-02-03 11:29:25');
INSERT INTO `zb_user_message` VALUES ('231', '53', '【城恒】被暂停', '【城恒】已被暂停，进入暂下回状态。请知悉，谢谢！', '1', '1', '2016-02-01 14:12:23', '0000-00-00 00:00:00');
INSERT INTO `zb_user_message` VALUES ('232', '53', '【XFILE】被还原', '【XFILE】已被还原到您的产品部工作台，请知悉，谢谢！', '1', '1', '2016-02-01 14:32:40', '0000-00-00 00:00:00');
INSERT INTO `zb_user_message` VALUES ('233', '60', '【12321】进入待评分流程', '【12321】已完成提交，进入待评分流程，请及时处理，谢谢！', '1', '1', '2016-02-01 14:33:16', '0000-00-00 00:00:00');
INSERT INTO `zb_user_message` VALUES ('234', '61', '【12321】进入待评分流程', '【12321】已完成提交，进入待评分流程，请及时处理，谢谢！', '1', '1', '2016-02-01 14:33:16', '0000-00-00 00:00:00');
INSERT INTO `zb_user_message` VALUES ('235', '63', '【12321】进入待评分流程', '【12321】已完成提交，进入待评分流程，请及时处理，谢谢！', '1', '1', '2016-02-01 14:33:16', '0000-00-00 00:00:00');
INSERT INTO `zb_user_message` VALUES ('236', '70', '【12321】进入待评分流程', '【12321】已完成提交，进入待评分流程，请及时处理，谢谢！', '1', '1', '2016-02-01 14:33:16', '0000-00-00 00:00:00');
INSERT INTO `zb_user_message` VALUES ('237', '71', '【12321】进入待评分流程', '【12321】已完成提交，进入待评分流程，请及时处理，谢谢！', '1', '1', '2016-02-01 14:33:16', '0000-00-00 00:00:00');
INSERT INTO `zb_user_message` VALUES ('238', '74', '【12321】进入待评分流程', '【12321】已完成提交，进入待评分流程，请及时处理，谢谢！', '1', '1', '2016-02-01 14:33:16', '0000-00-00 00:00:00');
INSERT INTO `zb_user_message` VALUES ('239', '75', '【12321】进入待评分流程', '【12321】已完成提交，进入待评分流程，请及时处理，谢谢！', '1', '1', '2016-02-01 14:33:16', '0000-00-00 00:00:00');
INSERT INTO `zb_user_message` VALUES ('240', '76', '【12321】进入待评分流程', '【12321】已完成提交，进入待评分流程，请及时处理，谢谢！', '1', '1', '2016-02-01 14:33:16', '0000-00-00 00:00:00');
INSERT INTO `zb_user_message` VALUES ('241', '83', '【12321】进入待评分流程', '【12321】已完成提交，进入待评分流程，请及时处理，谢谢！', '1', '1', '2016-02-01 14:33:16', '0000-00-00 00:00:00');
INSERT INTO `zb_user_message` VALUES ('242', '87', '【12321】进入待评分流程', '【12321】已完成提交，进入待评分流程，请及时处理，谢谢！', '1', '1', '2016-02-01 14:33:16', '0000-00-00 00:00:00');
INSERT INTO `zb_user_message` VALUES ('243', '94', '【12321】进入待评分流程', '【12321】已完成提交，进入待评分流程，请及时处理，谢谢！', '1', '1', '2016-02-01 14:33:16', '0000-00-00 00:00:00');
INSERT INTO `zb_user_message` VALUES ('244', '96', '【12321】进入待评分流程', '【12321】已完成提交，进入待评分流程，请及时处理，谢谢！', '1', '1', '2016-02-01 14:33:16', '0000-00-00 00:00:00');
INSERT INTO `zb_user_message` VALUES ('245', '98', '【12321】进入待评分流程', '【12321】已完成提交，进入待评分流程，请及时处理，谢谢！', '1', '2', '2016-02-01 14:33:16', '2016-02-02 14:15:17');
INSERT INTO `zb_user_message` VALUES ('246', '53', '【12321】 产品部 已评分', '【12321】 产品部 已评分，等待进入合同待上传流程，请知悉，谢谢！<br/>', '1', '1', '2016-02-01 14:33:52', '0000-00-00 00:00:00');
INSERT INTO `zb_user_message` VALUES ('247', '53', '【12321】 产品部 已评分', '【12321】 产品部 已评分，等待进入合同待上传流程，请知悉，谢谢！<br/>', '1', '1', '2016-02-01 14:34:25', '0000-00-00 00:00:00');
INSERT INTO `zb_user_message` VALUES ('248', '53', '【12321】调研部已完成评分', '【12321】已完成评分，进入合同待上传流程，请及时处理，谢谢！<br/>', '1', '1', '2016-02-01 14:34:57', '0000-00-00 00:00:00');
INSERT INTO `zb_user_message` VALUES ('249', '56', '【12321】进入合同待审核流程', '【12321】已完成合同上传，进入合同待审核流程，请及时处理，谢谢！<br/>', '1', '1', '2016-02-01 14:35:55', '0000-00-00 00:00:00');
INSERT INTO `zb_user_message` VALUES ('250', '62', '【12321】进入合同待审核流程', '【12321】已完成合同上传，进入合同待审核流程，请及时处理，谢谢！<br/>', '1', '1', '2016-02-01 14:35:55', '0000-00-00 00:00:00');
INSERT INTO `zb_user_message` VALUES ('251', '65', '【12321】进入合同待审核流程', '【12321】已完成合同上传，进入合同待审核流程，请及时处理，谢谢！<br/>', '1', '1', '2016-02-01 14:35:55', '0000-00-00 00:00:00');
INSERT INTO `zb_user_message` VALUES ('252', '93', '【12321】进入合同待审核流程', '【12321】已完成合同上传，进入合同待审核流程，请及时处理，谢谢！<br/>', '1', '1', '2016-02-01 14:35:55', '0000-00-00 00:00:00');
INSERT INTO `zb_user_message` VALUES ('253', '60', '【人反感】进入待评分流程', '【人反感】已完成提交，进入待评分流程，请及时处理，谢谢！', '1', '1', '2016-02-01 14:38:22', '0000-00-00 00:00:00');
INSERT INTO `zb_user_message` VALUES ('254', '61', '【人反感】进入待评分流程', '【人反感】已完成提交，进入待评分流程，请及时处理，谢谢！', '1', '1', '2016-02-01 14:38:22', '0000-00-00 00:00:00');
INSERT INTO `zb_user_message` VALUES ('255', '63', '【人反感】进入待评分流程', '【人反感】已完成提交，进入待评分流程，请及时处理，谢谢！', '1', '1', '2016-02-01 14:38:22', '0000-00-00 00:00:00');
INSERT INTO `zb_user_message` VALUES ('256', '70', '【人反感】进入待评分流程', '【人反感】已完成提交，进入待评分流程，请及时处理，谢谢！', '1', '1', '2016-02-01 14:38:22', '0000-00-00 00:00:00');
INSERT INTO `zb_user_message` VALUES ('257', '71', '【人反感】进入待评分流程', '【人反感】已完成提交，进入待评分流程，请及时处理，谢谢！', '1', '1', '2016-02-01 14:38:22', '0000-00-00 00:00:00');
INSERT INTO `zb_user_message` VALUES ('258', '74', '【人反感】进入待评分流程', '【人反感】已完成提交，进入待评分流程，请及时处理，谢谢！', '1', '1', '2016-02-01 14:38:22', '0000-00-00 00:00:00');
INSERT INTO `zb_user_message` VALUES ('259', '75', '【人反感】进入待评分流程', '【人反感】已完成提交，进入待评分流程，请及时处理，谢谢！', '1', '1', '2016-02-01 14:38:22', '0000-00-00 00:00:00');
INSERT INTO `zb_user_message` VALUES ('260', '76', '【人反感】进入待评分流程', '【人反感】已完成提交，进入待评分流程，请及时处理，谢谢！', '1', '1', '2016-02-01 14:38:22', '0000-00-00 00:00:00');
INSERT INTO `zb_user_message` VALUES ('261', '83', '【人反感】进入待评分流程', '【人反感】已完成提交，进入待评分流程，请及时处理，谢谢！', '1', '1', '2016-02-01 14:38:22', '0000-00-00 00:00:00');
INSERT INTO `zb_user_message` VALUES ('262', '87', '【人反感】进入待评分流程', '【人反感】已完成提交，进入待评分流程，请及时处理，谢谢！', '1', '1', '2016-02-01 14:38:22', '0000-00-00 00:00:00');
INSERT INTO `zb_user_message` VALUES ('263', '94', '【人反感】进入待评分流程', '【人反感】已完成提交，进入待评分流程，请及时处理，谢谢！', '1', '1', '2016-02-01 14:38:22', '0000-00-00 00:00:00');
INSERT INTO `zb_user_message` VALUES ('264', '96', '【人反感】进入待评分流程', '【人反感】已完成提交，进入待评分流程，请及时处理，谢谢！', '1', '1', '2016-02-01 14:38:22', '0000-00-00 00:00:00');
INSERT INTO `zb_user_message` VALUES ('265', '98', '【人反感】进入待评分流程', '【人反感】已完成提交，进入待评分流程，请及时处理，谢谢！', '1', '2', '2016-02-01 14:38:22', '2016-02-01 20:49:41');
INSERT INTO `zb_user_message` VALUES ('266', '53', '【人反感】 产品部 已评分', '【人反感】 产品部 已评分，等待进入合同待上传流程，请知悉，谢谢！<br/>', '1', '1', '2016-02-01 14:39:24', '0000-00-00 00:00:00');
INSERT INTO `zb_user_message` VALUES ('267', '53', '【人反感】 产品部 已评分', '【人反感】 产品部 已评分，等待进入合同待上传流程，请知悉，谢谢！<br/>', '1', '1', '2016-02-01 14:40:40', '0000-00-00 00:00:00');
INSERT INTO `zb_user_message` VALUES ('268', '53', '【人反感】调研部已完成评分', '【人反感】已完成评分，进入合同待上传流程，请及时处理，谢谢！<br/>', '1', '1', '2016-02-01 14:41:06', '0000-00-00 00:00:00');
INSERT INTO `zb_user_message` VALUES ('269', '56', '【人反感】进入合同待审核流程', '【人反感】已完成合同上传，进入合同待审核流程，请及时处理，谢谢！<br/>', '1', '1', '2016-02-01 14:41:58', '0000-00-00 00:00:00');
INSERT INTO `zb_user_message` VALUES ('270', '62', '【人反感】进入合同待审核流程', '【人反感】已完成合同上传，进入合同待审核流程，请及时处理，谢谢！<br/>', '1', '1', '2016-02-01 14:41:58', '0000-00-00 00:00:00');
INSERT INTO `zb_user_message` VALUES ('271', '65', '【人反感】进入合同待审核流程', '【人反感】已完成合同上传，进入合同待审核流程，请及时处理，谢谢！<br/>', '1', '1', '2016-02-01 14:41:58', '0000-00-00 00:00:00');
INSERT INTO `zb_user_message` VALUES ('272', '93', '【人反感】进入合同待审核流程', '【人反感】已完成合同上传，进入合同待审核流程，请及时处理，谢谢！<br/>', '1', '1', '2016-02-01 14:41:58', '0000-00-00 00:00:00');
INSERT INTO `zb_user_message` VALUES ('273', '91', '【人反感】进入产品待审核流程', '【人反感】已完成合同审核，进入产品待审核流程，请及时处理，谢谢！<br/>', '1', '1', '2016-02-01 14:42:52', '0000-00-00 00:00:00');
INSERT INTO `zb_user_message` VALUES ('274', '92', '【人反感】进入产品待审核流程', '【人反感】已完成合同审核，进入产品待审核流程，请及时处理，谢谢！<br/>', '1', '1', '2016-02-01 14:42:52', '0000-00-00 00:00:00');
INSERT INTO `zb_user_message` VALUES ('275', '53', '【人反感】进入产品待审核流程', '【人反感】已完成合同审核，进入产品待审核流程，请及时处理，谢谢！<br/>', '1', '1', '2016-02-01 14:42:52', '0000-00-00 00:00:00');
INSERT INTO `zb_user_message` VALUES ('276', '53', '【人反感】进入产品销售中流程', '【人反感】已完成产品审核，进入产品销售中流程，请知悉！<br/>', '1', '1', '2016-02-01 14:43:51', '0000-00-00 00:00:00');
INSERT INTO `zb_user_message` VALUES ('277', '61', '【人反感】进入产品销售中流程', '【人反感】已完成产品审核，进入产品销售中流程，请及时处理，谢谢！<br/>', '1', '1', '2016-02-01 14:43:51', '0000-00-00 00:00:00');
INSERT INTO `zb_user_message` VALUES ('278', '71', '【人反感】进入产品销售中流程', '【人反感】已完成产品审核，进入产品销售中流程，请及时处理，谢谢！<br/>', '1', '1', '2016-02-01 14:43:51', '0000-00-00 00:00:00');
INSERT INTO `zb_user_message` VALUES ('279', '75', '【人反感】进入产品销售中流程', '【人反感】已完成产品审核，进入产品销售中流程，请及时处理，谢谢！<br/>', '1', '1', '2016-02-01 14:43:51', '0000-00-00 00:00:00');
INSERT INTO `zb_user_message` VALUES ('280', '96', '【人反感】进入产品销售中流程', '【人反感】已完成产品审核，进入产品销售中流程，请及时处理，谢谢！<br/>', '1', '1', '2016-02-01 14:43:51', '0000-00-00 00:00:00');
INSERT INTO `zb_user_message` VALUES ('281', '101', '密码修改成功', '亲爱的用户，您好！你的密码已经重置为:, 请您牢记新密码。', '1', '1', '2016-02-01 18:04:44', '0000-00-00 00:00:00');
INSERT INTO `zb_user_message` VALUES ('282', '1', '密码修改成功', '亲爱的用户，您好！你的密码已经修改为:456123, 请您牢记新密码。', '1', '2', '2016-02-01 18:06:41', '2016-02-03 11:12:06');
INSERT INTO `zb_user_message` VALUES ('283', '1', '密码修改成功', '亲爱的用户，您好！你的密码已经重置为:, 请您牢记新密码。', '2', '2', '2016-02-01 18:07:21', '2016-03-18 11:33:54');
INSERT INTO `zb_user_message` VALUES ('284', '1', '密码修改成功', '亲爱的用户，您好！你的密码已经重置为:, 请您牢记新密码。', '1', '2', '2016-02-01 18:12:09', '2016-02-03 13:42:00');
INSERT INTO `zb_user_message` VALUES ('285', '1', '密码修改成功', '亲爱的用户，您好！你的密码已经重置为:123456, 请您牢记新密码。', '1', '2', '2016-02-01 18:13:10', '2016-02-03 13:31:16');
INSERT INTO `zb_user_message` VALUES ('286', '60', '【瀚华】进入待评分流程', '【瀚华】已完成提交，进入待评分流程，请及时处理，谢谢！', '1', '1', '2016-02-03 11:06:37', '0000-00-00 00:00:00');
INSERT INTO `zb_user_message` VALUES ('287', '61', '【瀚华】进入待评分流程', '【瀚华】已完成提交，进入待评分流程，请及时处理，谢谢！', '1', '1', '2016-02-03 11:06:37', '0000-00-00 00:00:00');
INSERT INTO `zb_user_message` VALUES ('288', '63', '【瀚华】进入待评分流程', '【瀚华】已完成提交，进入待评分流程，请及时处理，谢谢！', '1', '1', '2016-02-03 11:06:37', '0000-00-00 00:00:00');
INSERT INTO `zb_user_message` VALUES ('289', '70', '【瀚华】进入待评分流程', '【瀚华】已完成提交，进入待评分流程，请及时处理，谢谢！', '1', '1', '2016-02-03 11:06:37', '0000-00-00 00:00:00');
INSERT INTO `zb_user_message` VALUES ('290', '71', '【瀚华】进入待评分流程', '【瀚华】已完成提交，进入待评分流程，请及时处理，谢谢！', '1', '1', '2016-02-03 11:06:37', '0000-00-00 00:00:00');
INSERT INTO `zb_user_message` VALUES ('291', '74', '【瀚华】进入待评分流程', '【瀚华】已完成提交，进入待评分流程，请及时处理，谢谢！', '1', '1', '2016-02-03 11:06:37', '0000-00-00 00:00:00');
INSERT INTO `zb_user_message` VALUES ('292', '75', '【瀚华】进入待评分流程', '【瀚华】已完成提交，进入待评分流程，请及时处理，谢谢！', '1', '1', '2016-02-03 11:06:37', '0000-00-00 00:00:00');
INSERT INTO `zb_user_message` VALUES ('293', '76', '【瀚华】进入待评分流程', '【瀚华】已完成提交，进入待评分流程，请及时处理，谢谢！', '1', '1', '2016-02-03 11:06:37', '0000-00-00 00:00:00');
INSERT INTO `zb_user_message` VALUES ('294', '83', '【瀚华】进入待评分流程', '【瀚华】已完成提交，进入待评分流程，请及时处理，谢谢！', '1', '1', '2016-02-03 11:06:37', '0000-00-00 00:00:00');
INSERT INTO `zb_user_message` VALUES ('295', '87', '【瀚华】进入待评分流程', '【瀚华】已完成提交，进入待评分流程，请及时处理，谢谢！', '1', '1', '2016-02-03 11:06:37', '0000-00-00 00:00:00');
INSERT INTO `zb_user_message` VALUES ('296', '94', '【瀚华】进入待评分流程', '【瀚华】已完成提交，进入待评分流程，请及时处理，谢谢！', '1', '1', '2016-02-03 11:06:37', '0000-00-00 00:00:00');
INSERT INTO `zb_user_message` VALUES ('297', '96', '【瀚华】进入待评分流程', '【瀚华】已完成提交，进入待评分流程，请及时处理，谢谢！', '1', '1', '2016-02-03 11:06:37', '0000-00-00 00:00:00');
INSERT INTO `zb_user_message` VALUES ('298', '98', '【瀚华】进入待评分流程', '【瀚华】已完成提交，进入待评分流程，请及时处理，谢谢！', '1', '1', '2016-02-03 11:06:37', '0000-00-00 00:00:00');
INSERT INTO `zb_user_message` VALUES ('299', '60', '【测试产品20160203】进入待评分流程', '【测试产品20160203】已完成提交，进入待评分流程，请及时处理，谢谢！', '1', '1', '2016-02-03 11:07:07', '0000-00-00 00:00:00');
INSERT INTO `zb_user_message` VALUES ('300', '61', '【测试产品20160203】进入待评分流程', '【测试产品20160203】已完成提交，进入待评分流程，请及时处理，谢谢！', '1', '1', '2016-02-03 11:07:07', '0000-00-00 00:00:00');
INSERT INTO `zb_user_message` VALUES ('301', '63', '【测试产品20160203】进入待评分流程', '【测试产品20160203】已完成提交，进入待评分流程，请及时处理，谢谢！', '1', '1', '2016-02-03 11:07:07', '0000-00-00 00:00:00');
INSERT INTO `zb_user_message` VALUES ('302', '70', '【测试产品20160203】进入待评分流程', '【测试产品20160203】已完成提交，进入待评分流程，请及时处理，谢谢！', '1', '1', '2016-02-03 11:07:07', '0000-00-00 00:00:00');
INSERT INTO `zb_user_message` VALUES ('303', '71', '【测试产品20160203】进入待评分流程', '【测试产品20160203】已完成提交，进入待评分流程，请及时处理，谢谢！', '1', '1', '2016-02-03 11:07:07', '0000-00-00 00:00:00');
INSERT INTO `zb_user_message` VALUES ('304', '74', '【测试产品20160203】进入待评分流程', '【测试产品20160203】已完成提交，进入待评分流程，请及时处理，谢谢！', '1', '1', '2016-02-03 11:07:07', '0000-00-00 00:00:00');
INSERT INTO `zb_user_message` VALUES ('305', '75', '【测试产品20160203】进入待评分流程', '【测试产品20160203】已完成提交，进入待评分流程，请及时处理，谢谢！', '1', '1', '2016-02-03 11:07:07', '0000-00-00 00:00:00');
INSERT INTO `zb_user_message` VALUES ('306', '76', '【测试产品20160203】进入待评分流程', '【测试产品20160203】已完成提交，进入待评分流程，请及时处理，谢谢！', '1', '1', '2016-02-03 11:07:07', '0000-00-00 00:00:00');
INSERT INTO `zb_user_message` VALUES ('307', '83', '【测试产品20160203】进入待评分流程', '【测试产品20160203】已完成提交，进入待评分流程，请及时处理，谢谢！', '1', '1', '2016-02-03 11:07:07', '0000-00-00 00:00:00');
INSERT INTO `zb_user_message` VALUES ('308', '87', '【测试产品20160203】进入待评分流程', '【测试产品20160203】已完成提交，进入待评分流程，请及时处理，谢谢！', '1', '1', '2016-02-03 11:07:07', '0000-00-00 00:00:00');
INSERT INTO `zb_user_message` VALUES ('309', '94', '【测试产品20160203】进入待评分流程', '【测试产品20160203】已完成提交，进入待评分流程，请及时处理，谢谢！', '1', '1', '2016-02-03 11:07:07', '0000-00-00 00:00:00');
INSERT INTO `zb_user_message` VALUES ('310', '96', '【测试产品20160203】进入待评分流程', '【测试产品20160203】已完成提交，进入待评分流程，请及时处理，谢谢！', '1', '1', '2016-02-03 11:07:07', '0000-00-00 00:00:00');
INSERT INTO `zb_user_message` VALUES ('311', '98', '【测试产品20160203】进入待评分流程', '【测试产品20160203】已完成提交，进入待评分流程，请及时处理，谢谢！', '1', '2', '2016-02-03 11:07:07', '2016-02-03 23:07:11');
INSERT INTO `zb_user_message` VALUES ('312', '95', '【测试产品20160203】 产品部 已评分', '【测试产品20160203】 产品部 已评分，等待进入合同待上传流程，请知悉，谢谢！<br/>', '1', '1', '2016-02-03 11:12:28', '0000-00-00 00:00:00');
INSERT INTO `zb_user_message` VALUES ('313', '95', '【瀚华】评分被退回', '【瀚华】在评分环节被退回，请及时处理，谢谢!<br/>退回理由：23232', '1', '1', '2016-02-03 11:12:41', '0000-00-00 00:00:00');
INSERT INTO `zb_user_message` VALUES ('314', '95', '【瀚华】 运营部 已评分', '【瀚华】 运营部 已评分，等待进入合同待上传流程，请知悉，谢谢！<br/>', '1', '1', '2016-02-03 11:13:25', '0000-00-00 00:00:00');
INSERT INTO `zb_user_message` VALUES ('315', '95', '【测试产品20160203】 运营部 已评分', '【测试产品20160203】 运营部 已评分，等待进入合同待上传流程，请知悉，谢谢！<br/>', '1', '1', '2016-02-03 11:20:25', '0000-00-00 00:00:00');
INSERT INTO `zb_user_message` VALUES ('316', '95', '【测试产品20160203】调研部已完成评分', '【测试产品20160203】已完成评分，进入合同待上传流程，请及时处理，谢谢！<br/>', '1', '1', '2016-02-03 11:22:30', '0000-00-00 00:00:00');
INSERT INTO `zb_user_message` VALUES ('317', '56', '【测试产品20160203】进入合同待审核流程', '【测试产品20160203】已完成合同上传，进入合同待审核流程，请及时处理，谢谢！<br/>', '1', '1', '2016-02-03 11:24:00', '0000-00-00 00:00:00');
INSERT INTO `zb_user_message` VALUES ('318', '62', '【测试产品20160203】进入合同待审核流程', '【测试产品20160203】已完成合同上传，进入合同待审核流程，请及时处理，谢谢！<br/>', '1', '1', '2016-02-03 11:24:00', '0000-00-00 00:00:00');
INSERT INTO `zb_user_message` VALUES ('319', '65', '【测试产品20160203】进入合同待审核流程', '【测试产品20160203】已完成合同上传，进入合同待审核流程，请及时处理，谢谢！<br/>', '1', '1', '2016-02-03 11:24:00', '0000-00-00 00:00:00');
INSERT INTO `zb_user_message` VALUES ('320', '93', '【测试产品20160203】进入合同待审核流程', '【测试产品20160203】已完成合同上传，进入合同待审核流程，请及时处理，谢谢！<br/>', '1', '1', '2016-02-03 11:24:00', '0000-00-00 00:00:00');
INSERT INTO `zb_user_message` VALUES ('321', '91', '【测试产品20160203】进入产品待审核流程', '【测试产品20160203】已完成合同审核，进入产品待审核流程，请及时处理，谢谢！<br/>', '1', '1', '2016-02-03 11:25:13', '0000-00-00 00:00:00');
INSERT INTO `zb_user_message` VALUES ('322', '92', '【测试产品20160203】进入产品待审核流程', '【测试产品20160203】已完成合同审核，进入产品待审核流程，请及时处理，谢谢！<br/>', '1', '1', '2016-02-03 11:25:13', '0000-00-00 00:00:00');
INSERT INTO `zb_user_message` VALUES ('323', '95', '【测试产品20160203】进入产品待审核流程', '【测试产品20160203】已完成合同审核，进入产品待审核流程，请及时处理，谢谢！<br/>', '1', '1', '2016-02-03 11:25:13', '0000-00-00 00:00:00');
INSERT INTO `zb_user_message` VALUES ('324', '95', '【测试产品20160203】进入产品销售中流程', '【测试产品20160203】已完成产品审核，进入产品销售中流程，请知悉！<br/>', '1', '1', '2016-02-03 11:28:43', '0000-00-00 00:00:00');
INSERT INTO `zb_user_message` VALUES ('325', '61', '【测试产品20160203】进入产品销售中流程', '【测试产品20160203】已完成产品审核，进入产品销售中流程，请及时处理，谢谢！<br/>', '1', '1', '2016-02-03 11:28:43', '0000-00-00 00:00:00');
INSERT INTO `zb_user_message` VALUES ('326', '71', '【测试产品20160203】进入产品销售中流程', '【测试产品20160203】已完成产品审核，进入产品销售中流程，请及时处理，谢谢！<br/>', '1', '1', '2016-02-03 11:28:43', '0000-00-00 00:00:00');
INSERT INTO `zb_user_message` VALUES ('327', '75', '【测试产品20160203】进入产品销售中流程', '【测试产品20160203】已完成产品审核，进入产品销售中流程，请及时处理，谢谢！<br/>', '1', '1', '2016-02-03 11:28:43', '0000-00-00 00:00:00');
INSERT INTO `zb_user_message` VALUES ('328', '96', '【测试产品20160203】进入产品销售中流程', '【测试产品20160203】已完成产品审核，进入产品销售中流程，请及时处理，谢谢！<br/>', '1', '1', '2016-02-03 11:28:43', '0000-00-00 00:00:00');
INSERT INTO `zb_user_message` VALUES ('329', '1', '【范德萨】被退回', '【范德萨】在产品审核环节被退回，请及时处理，谢谢！<br/>退回理由：44', '2', '2', '2016-02-03 11:29:16', '2016-03-18 11:57:16');
INSERT INTO `zb_user_message` VALUES ('330', '60', '【瀚华】进入待评分流程', '【瀚华】已完成提交，进入待评分流程，请及时处理，谢谢！', '1', '1', '2016-02-03 11:29:42', '0000-00-00 00:00:00');
INSERT INTO `zb_user_message` VALUES ('331', '61', '【瀚华】进入待评分流程', '【瀚华】已完成提交，进入待评分流程，请及时处理，谢谢！', '1', '1', '2016-02-03 11:29:42', '0000-00-00 00:00:00');
INSERT INTO `zb_user_message` VALUES ('332', '63', '【瀚华】进入待评分流程', '【瀚华】已完成提交，进入待评分流程，请及时处理，谢谢！', '1', '1', '2016-02-03 11:29:42', '0000-00-00 00:00:00');
INSERT INTO `zb_user_message` VALUES ('333', '70', '【瀚华】进入待评分流程', '【瀚华】已完成提交，进入待评分流程，请及时处理，谢谢！', '1', '1', '2016-02-03 11:29:42', '0000-00-00 00:00:00');
INSERT INTO `zb_user_message` VALUES ('334', '71', '【瀚华】进入待评分流程', '【瀚华】已完成提交，进入待评分流程，请及时处理，谢谢！', '1', '1', '2016-02-03 11:29:42', '0000-00-00 00:00:00');
INSERT INTO `zb_user_message` VALUES ('335', '74', '【瀚华】进入待评分流程', '【瀚华】已完成提交，进入待评分流程，请及时处理，谢谢！', '1', '1', '2016-02-03 11:29:42', '0000-00-00 00:00:00');
INSERT INTO `zb_user_message` VALUES ('336', '75', '【瀚华】进入待评分流程', '【瀚华】已完成提交，进入待评分流程，请及时处理，谢谢！', '1', '1', '2016-02-03 11:29:42', '0000-00-00 00:00:00');
INSERT INTO `zb_user_message` VALUES ('337', '76', '【瀚华】进入待评分流程', '【瀚华】已完成提交，进入待评分流程，请及时处理，谢谢！', '1', '1', '2016-02-03 11:29:42', '0000-00-00 00:00:00');
INSERT INTO `zb_user_message` VALUES ('338', '83', '【瀚华】进入待评分流程', '【瀚华】已完成提交，进入待评分流程，请及时处理，谢谢！', '1', '1', '2016-02-03 11:29:42', '0000-00-00 00:00:00');
INSERT INTO `zb_user_message` VALUES ('339', '87', '【瀚华】进入待评分流程', '【瀚华】已完成提交，进入待评分流程，请及时处理，谢谢！', '1', '1', '2016-02-03 11:29:42', '0000-00-00 00:00:00');
INSERT INTO `zb_user_message` VALUES ('340', '94', '【瀚华】进入待评分流程', '【瀚华】已完成提交，进入待评分流程，请及时处理，谢谢！', '1', '1', '2016-02-03 11:29:42', '0000-00-00 00:00:00');
INSERT INTO `zb_user_message` VALUES ('341', '96', '【瀚华】进入待评分流程', '【瀚华】已完成提交，进入待评分流程，请及时处理，谢谢！', '1', '1', '2016-02-03 11:29:42', '0000-00-00 00:00:00');
INSERT INTO `zb_user_message` VALUES ('342', '98', '【瀚华】进入待评分流程', '【瀚华】已完成提交，进入待评分流程，请及时处理，谢谢！', '1', '1', '2016-02-03 11:29:42', '0000-00-00 00:00:00');
INSERT INTO `zb_user_message` VALUES ('343', '95', '【瀚华】 调研部 已评分', '【瀚华】 调研部 已评分，等待进入合同待上传流程，请知悉，谢谢！<br/>', '1', '1', '2016-02-03 11:32:47', '0000-00-00 00:00:00');
INSERT INTO `zb_user_message` VALUES ('344', '95', '【瀚华】开发部已完成评分', '【瀚华】已完成评分，进入合同待上传流程，请及时处理，谢谢！<br/>', '1', '1', '2016-02-03 11:36:23', '0000-00-00 00:00:00');
INSERT INTO `zb_user_message` VALUES ('345', '95', '【瀚华】被退回', '【瀚华】在产品审核环节被退回，请及时处理，谢谢！<br/>退回理由：测试退回', '1', '1', '2016-02-03 11:38:09', '0000-00-00 00:00:00');
INSERT INTO `zb_user_message` VALUES ('346', '60', '【瀚华】进入待评分流程', '【瀚华】已完成提交，进入待评分流程，请及时处理，谢谢！', '1', '1', '2016-02-03 11:38:32', '0000-00-00 00:00:00');
INSERT INTO `zb_user_message` VALUES ('347', '61', '【瀚华】进入待评分流程', '【瀚华】已完成提交，进入待评分流程，请及时处理，谢谢！', '1', '1', '2016-02-03 11:38:32', '0000-00-00 00:00:00');
INSERT INTO `zb_user_message` VALUES ('348', '63', '【瀚华】进入待评分流程', '【瀚华】已完成提交，进入待评分流程，请及时处理，谢谢！', '1', '1', '2016-02-03 11:38:32', '0000-00-00 00:00:00');
INSERT INTO `zb_user_message` VALUES ('349', '70', '【瀚华】进入待评分流程', '【瀚华】已完成提交，进入待评分流程，请及时处理，谢谢！', '1', '1', '2016-02-03 11:38:32', '0000-00-00 00:00:00');
INSERT INTO `zb_user_message` VALUES ('350', '71', '【瀚华】进入待评分流程', '【瀚华】已完成提交，进入待评分流程，请及时处理，谢谢！', '1', '1', '2016-02-03 11:38:32', '0000-00-00 00:00:00');
INSERT INTO `zb_user_message` VALUES ('351', '74', '【瀚华】进入待评分流程', '【瀚华】已完成提交，进入待评分流程，请及时处理，谢谢！', '1', '1', '2016-02-03 11:38:32', '0000-00-00 00:00:00');
INSERT INTO `zb_user_message` VALUES ('352', '75', '【瀚华】进入待评分流程', '【瀚华】已完成提交，进入待评分流程，请及时处理，谢谢！', '1', '1', '2016-02-03 11:38:32', '0000-00-00 00:00:00');
INSERT INTO `zb_user_message` VALUES ('353', '76', '【瀚华】进入待评分流程', '【瀚华】已完成提交，进入待评分流程，请及时处理，谢谢！', '1', '1', '2016-02-03 11:38:32', '0000-00-00 00:00:00');
INSERT INTO `zb_user_message` VALUES ('354', '83', '【瀚华】进入待评分流程', '【瀚华】已完成提交，进入待评分流程，请及时处理，谢谢！', '1', '1', '2016-02-03 11:38:32', '0000-00-00 00:00:00');
INSERT INTO `zb_user_message` VALUES ('355', '87', '【瀚华】进入待评分流程', '【瀚华】已完成提交，进入待评分流程，请及时处理，谢谢！', '1', '1', '2016-02-03 11:38:32', '0000-00-00 00:00:00');
INSERT INTO `zb_user_message` VALUES ('356', '94', '【瀚华】进入待评分流程', '【瀚华】已完成提交，进入待评分流程，请及时处理，谢谢！', '1', '1', '2016-02-03 11:38:32', '0000-00-00 00:00:00');
INSERT INTO `zb_user_message` VALUES ('357', '96', '【瀚华】进入待评分流程', '【瀚华】已完成提交，进入待评分流程，请及时处理，谢谢！', '1', '1', '2016-02-03 11:38:32', '0000-00-00 00:00:00');
INSERT INTO `zb_user_message` VALUES ('358', '98', '【瀚华】进入待评分流程', '【瀚华】已完成提交，进入待评分流程，请及时处理，谢谢！', '1', '2', '2016-02-03 11:38:32', '2016-02-03 22:13:22');
INSERT INTO `zb_user_message` VALUES ('359', '95', '【瀚华】 开发部 已评分', '【瀚华】 开发部 已评分，等待进入合同待上传流程，请知悉，谢谢！<br/>', '1', '2', '2016-02-03 11:38:59', '2016-02-03 14:32:07');
INSERT INTO `zb_user_message` VALUES ('360', '95', '【瀚华】 运营部 已评分', '【瀚华】 运营部 已评分，等待进入合同待上传流程，请知悉，谢谢！<br/>', '1', '1', '2016-02-03 11:40:01', '0000-00-00 00:00:00');
INSERT INTO `zb_user_message` VALUES ('361', '95', '【瀚华】产品部已完成评分', '【瀚华】已完成评分，进入合同待上传流程，请及时处理，谢谢！<br/>', '1', '1', '2016-02-03 11:41:41', '0000-00-00 00:00:00');
INSERT INTO `zb_user_message` VALUES ('362', '56', '【瀚华】进入合同待审核流程', '【瀚华】已完成合同上传，进入合同待审核流程，请及时处理，谢谢！<br/>', '1', '1', '2016-02-03 11:43:53', '0000-00-00 00:00:00');
INSERT INTO `zb_user_message` VALUES ('363', '62', '【瀚华】进入合同待审核流程', '【瀚华】已完成合同上传，进入合同待审核流程，请及时处理，谢谢！<br/>', '1', '1', '2016-02-03 11:43:53', '0000-00-00 00:00:00');
INSERT INTO `zb_user_message` VALUES ('364', '65', '【瀚华】进入合同待审核流程', '【瀚华】已完成合同上传，进入合同待审核流程，请及时处理，谢谢！<br/>', '1', '1', '2016-02-03 11:43:53', '0000-00-00 00:00:00');
INSERT INTO `zb_user_message` VALUES ('365', '93', '【瀚华】进入合同待审核流程', '【瀚华】已完成合同上传，进入合同待审核流程，请及时处理，谢谢！<br/>', '1', '1', '2016-02-03 11:43:53', '0000-00-00 00:00:00');
INSERT INTO `zb_user_message` VALUES ('366', '91', '【瀚华】进入产品待审核流程', '【瀚华】已完成合同审核，进入产品待审核流程，请及时处理，谢谢！<br/>', '1', '1', '2016-02-03 11:45:02', '0000-00-00 00:00:00');
INSERT INTO `zb_user_message` VALUES ('367', '92', '【瀚华】进入产品待审核流程', '【瀚华】已完成合同审核，进入产品待审核流程，请及时处理，谢谢！<br/>', '1', '1', '2016-02-03 11:45:02', '0000-00-00 00:00:00');
INSERT INTO `zb_user_message` VALUES ('368', '95', '【瀚华】进入产品待审核流程', '【瀚华】已完成合同审核，进入产品待审核流程，请及时处理，谢谢！<br/>', '1', '1', '2016-02-03 11:45:02', '0000-00-00 00:00:00');
INSERT INTO `zb_user_message` VALUES ('369', '60', '【测试产品20160203】完成费率方案编辑', '【测试产品20160203】已完成费率方案编辑，请及时处理，谢谢！', '1', '1', '2016-02-03 11:47:48', '0000-00-00 00:00:00');
INSERT INTO `zb_user_message` VALUES ('370', '64', '【测试产品20160203】完成费率方案编辑', '【测试产品20160203】已完成费率方案编辑，请及时处理，谢谢！', '1', '1', '2016-02-03 11:47:48', '0000-00-00 00:00:00');
INSERT INTO `zb_user_message` VALUES ('371', '70', '【测试产品20160203】完成费率方案编辑', '【测试产品20160203】已完成费率方案编辑，请及时处理，谢谢！', '1', '1', '2016-02-03 11:47:48', '0000-00-00 00:00:00');
INSERT INTO `zb_user_message` VALUES ('372', '74', '【测试产品20160203】完成费率方案编辑', '【测试产品20160203】已完成费率方案编辑，请及时处理，谢谢！', '1', '2', '2016-02-03 11:47:48', '2016-02-03 14:31:55');
INSERT INTO `zb_user_message` VALUES ('373', '83', '【测试产品20160203】完成费率方案编辑', '【测试产品20160203】已完成费率方案编辑，请及时处理，谢谢！', '1', '1', '2016-02-03 11:47:48', '0000-00-00 00:00:00');
INSERT INTO `zb_user_message` VALUES ('374', '85', '【测试产品20160203】完成费率方案编辑', '【测试产品20160203】已完成费率方案编辑，请及时处理，谢谢！', '1', '1', '2016-02-03 11:47:48', '0000-00-00 00:00:00');
INSERT INTO `zb_user_message` VALUES ('375', '87', '【测试产品20160203】完成费率方案编辑', '【测试产品20160203】已完成费率方案编辑，请及时处理，谢谢！', '1', '1', '2016-02-03 11:47:48', '0000-00-00 00:00:00');
INSERT INTO `zb_user_message` VALUES ('376', '91', '【测试产品20160203】完成费率方案编辑', '【测试产品20160203】已完成费率方案编辑，请及时处理，谢谢！', '1', '1', '2016-02-03 11:47:48', '0000-00-00 00:00:00');
INSERT INTO `zb_user_message` VALUES ('377', '92', '【测试产品20160203】完成费率方案编辑', '【测试产品20160203】已完成费率方案编辑，请及时处理，谢谢！', '1', '1', '2016-02-03 11:47:48', '0000-00-00 00:00:00');
INSERT INTO `zb_user_message` VALUES ('378', '94', '【测试产品20160203】完成费率方案编辑', '【测试产品20160203】已完成费率方案编辑，请及时处理，谢谢！', '1', '1', '2016-02-03 11:47:48', '0000-00-00 00:00:00');
INSERT INTO `zb_user_message` VALUES ('379', '100', '【测试产品20160203】完成费率方案编辑', '【测试产品20160203】已完成费率方案编辑，请及时处理，谢谢！', '1', '1', '2016-02-03 11:47:48', '0000-00-00 00:00:00');
INSERT INTO `zb_user_message` VALUES ('380', '53', '【12321】合同被退回', '【12321】在合同审核环节被退回，请及时处理，谢谢！<br/>退回理由：sfdsfdsfd', '1', '1', '2016-02-03 12:03:29', '0000-00-00 00:00:00');
INSERT INTO `zb_user_message` VALUES ('381', '95', '【瀚华】进入产品销售中流程', '【瀚华】已完成产品审核，进入产品销售中流程，请知悉！<br/>', '1', '1', '2016-02-03 13:20:12', '0000-00-00 00:00:00');
INSERT INTO `zb_user_message` VALUES ('382', '61', '【瀚华】进入产品销售中流程', '【瀚华】已完成产品审核，进入产品销售中流程，请及时处理，谢谢！<br/>', '1', '1', '2016-02-03 13:20:12', '0000-00-00 00:00:00');
INSERT INTO `zb_user_message` VALUES ('383', '71', '【瀚华】进入产品销售中流程', '【瀚华】已完成产品审核，进入产品销售中流程，请及时处理，谢谢！<br/>', '1', '1', '2016-02-03 13:20:12', '0000-00-00 00:00:00');
INSERT INTO `zb_user_message` VALUES ('384', '75', '【瀚华】进入产品销售中流程', '【瀚华】已完成产品审核，进入产品销售中流程，请及时处理，谢谢！<br/>', '1', '1', '2016-02-03 13:20:12', '0000-00-00 00:00:00');
INSERT INTO `zb_user_message` VALUES ('385', '96', '【瀚华】进入产品销售中流程', '【瀚华】已完成产品审核，进入产品销售中流程，请及时处理，谢谢！<br/>', '1', '1', '2016-02-03 13:20:12', '0000-00-00 00:00:00');
INSERT INTO `zb_user_message` VALUES ('386', '1', '密码修改成功', '亲爱的用户，您好！你的密码已经修改为:123456, 请您牢记新密码。', '1', '2', '2016-02-03 13:46:36', '2016-03-28 15:24:10');
INSERT INTO `zb_user_message` VALUES ('387', '1', '密码修改成功', '亲爱的用户，您好！你的密码已经修改为:123456, 请您牢记新密码。', '1', '2', '2016-02-03 13:46:50', '2016-03-24 14:43:19');
INSERT INTO `zb_user_message` VALUES ('388', '60', '【瀚华】完成费率方案编辑', '【瀚华】已完成费率方案编辑，请及时处理，谢谢！', '1', '1', '2016-02-03 13:49:11', '0000-00-00 00:00:00');
INSERT INTO `zb_user_message` VALUES ('389', '64', '【瀚华】完成费率方案编辑', '【瀚华】已完成费率方案编辑，请及时处理，谢谢！', '1', '1', '2016-02-03 13:49:11', '0000-00-00 00:00:00');
INSERT INTO `zb_user_message` VALUES ('390', '70', '【瀚华】完成费率方案编辑', '【瀚华】已完成费率方案编辑，请及时处理，谢谢！', '1', '1', '2016-02-03 13:49:11', '0000-00-00 00:00:00');
INSERT INTO `zb_user_message` VALUES ('391', '74', '【瀚华】完成费率方案编辑', '【瀚华】已完成费率方案编辑，请及时处理，谢谢！', '1', '2', '2016-02-03 13:49:11', '2016-02-03 14:31:53');
INSERT INTO `zb_user_message` VALUES ('392', '83', '【瀚华】完成费率方案编辑', '【瀚华】已完成费率方案编辑，请及时处理，谢谢！', '1', '1', '2016-02-03 13:49:11', '0000-00-00 00:00:00');
INSERT INTO `zb_user_message` VALUES ('393', '85', '【瀚华】完成费率方案编辑', '【瀚华】已完成费率方案编辑，请及时处理，谢谢！', '1', '1', '2016-02-03 13:49:11', '0000-00-00 00:00:00');
INSERT INTO `zb_user_message` VALUES ('394', '87', '【瀚华】完成费率方案编辑', '【瀚华】已完成费率方案编辑，请及时处理，谢谢！', '1', '1', '2016-02-03 13:49:11', '0000-00-00 00:00:00');
INSERT INTO `zb_user_message` VALUES ('395', '91', '【瀚华】完成费率方案编辑', '【瀚华】已完成费率方案编辑，请及时处理，谢谢！', '1', '1', '2016-02-03 13:49:11', '0000-00-00 00:00:00');
INSERT INTO `zb_user_message` VALUES ('396', '92', '【瀚华】完成费率方案编辑', '【瀚华】已完成费率方案编辑，请及时处理，谢谢！', '1', '1', '2016-02-03 13:49:11', '0000-00-00 00:00:00');
INSERT INTO `zb_user_message` VALUES ('397', '94', '【瀚华】完成费率方案编辑', '【瀚华】已完成费率方案编辑，请及时处理，谢谢！', '1', '1', '2016-02-03 13:49:11', '0000-00-00 00:00:00');
INSERT INTO `zb_user_message` VALUES ('398', '100', '【瀚华】完成费率方案编辑', '【瀚华】已完成费率方案编辑，请及时处理，谢谢！', '1', '1', '2016-02-03 13:49:11', '0000-00-00 00:00:00');
INSERT INTO `zb_user_message` VALUES ('399', '60', '【泽熙2期】进入待评分流程', '【泽熙2期】已完成提交，进入待评分流程，请及时处理，谢谢！', '1', '1', '2016-02-03 14:28:04', '0000-00-00 00:00:00');
INSERT INTO `zb_user_message` VALUES ('400', '61', '【泽熙2期】进入待评分流程', '【泽熙2期】已完成提交，进入待评分流程，请及时处理，谢谢！', '1', '1', '2016-02-03 14:28:04', '0000-00-00 00:00:00');
INSERT INTO `zb_user_message` VALUES ('401', '63', '【泽熙2期】进入待评分流程', '【泽熙2期】已完成提交，进入待评分流程，请及时处理，谢谢！', '1', '1', '2016-02-03 14:28:04', '0000-00-00 00:00:00');
INSERT INTO `zb_user_message` VALUES ('402', '70', '【泽熙2期】进入待评分流程', '【泽熙2期】已完成提交，进入待评分流程，请及时处理，谢谢！', '1', '1', '2016-02-03 14:28:04', '0000-00-00 00:00:00');
INSERT INTO `zb_user_message` VALUES ('403', '71', '【泽熙2期】进入待评分流程', '【泽熙2期】已完成提交，进入待评分流程，请及时处理，谢谢！', '1', '1', '2016-02-03 14:28:04', '0000-00-00 00:00:00');
INSERT INTO `zb_user_message` VALUES ('404', '74', '【泽熙2期】进入待评分流程', '【泽熙2期】已完成提交，进入待评分流程，请及时处理，谢谢！', '1', '2', '2016-02-03 14:28:04', '2016-02-03 14:32:17');
INSERT INTO `zb_user_message` VALUES ('405', '75', '【泽熙2期】进入待评分流程', '【泽熙2期】已完成提交，进入待评分流程，请及时处理，谢谢！', '1', '1', '2016-02-03 14:28:04', '0000-00-00 00:00:00');
INSERT INTO `zb_user_message` VALUES ('406', '76', '【泽熙2期】进入待评分流程', '【泽熙2期】已完成提交，进入待评分流程，请及时处理，谢谢！', '1', '1', '2016-02-03 14:28:04', '0000-00-00 00:00:00');
INSERT INTO `zb_user_message` VALUES ('407', '83', '【泽熙2期】进入待评分流程', '【泽熙2期】已完成提交，进入待评分流程，请及时处理，谢谢！', '1', '1', '2016-02-03 14:28:04', '0000-00-00 00:00:00');
INSERT INTO `zb_user_message` VALUES ('408', '87', '【泽熙2期】进入待评分流程', '【泽熙2期】已完成提交，进入待评分流程，请及时处理，谢谢！', '1', '1', '2016-02-03 14:28:04', '0000-00-00 00:00:00');
INSERT INTO `zb_user_message` VALUES ('409', '94', '【泽熙2期】进入待评分流程', '【泽熙2期】已完成提交，进入待评分流程，请及时处理，谢谢！', '1', '1', '2016-02-03 14:28:04', '0000-00-00 00:00:00');
INSERT INTO `zb_user_message` VALUES ('410', '96', '【泽熙2期】进入待评分流程', '【泽熙2期】已完成提交，进入待评分流程，请及时处理，谢谢！', '1', '2', '2016-02-03 14:28:05', '2016-02-03 14:32:28');
INSERT INTO `zb_user_message` VALUES ('411', '98', '【泽熙2期】进入待评分流程', '【泽熙2期】已完成提交，进入待评分流程，请及时处理，谢谢！', '1', '2', '2016-02-03 14:28:05', '2016-02-03 14:30:26');
INSERT INTO `zb_user_message` VALUES ('412', '95', '【泽熙2期】 运营部 已评分', '【泽熙2期】 运营部 已评分，等待进入合同待上传流程，请知悉，谢谢！<br/>', '1', '1', '2016-02-03 14:29:09', '0000-00-00 00:00:00');
INSERT INTO `zb_user_message` VALUES ('413', '95', '【泽熙2期】 产品部 已评分', '【泽熙2期】 产品部 已评分，等待进入合同待上传流程，请知悉，谢谢！<br/>', '1', '1', '2016-02-03 14:29:22', '0000-00-00 00:00:00');
INSERT INTO `zb_user_message` VALUES ('414', '95', '【泽熙2期】调研部已完成评分', '【泽熙2期】已完成评分，进入合同待上传流程，请及时处理，谢谢！<br/>', '1', '2', '2016-02-03 14:31:06', '2016-02-03 14:40:17');
INSERT INTO `zb_user_message` VALUES ('415', '56', '【泽熙2期】进入合同待审核流程', '【泽熙2期】已完成合同上传，进入合同待审核流程，请及时处理，谢谢！<br/>', '1', '1', '2016-02-03 14:36:21', '0000-00-00 00:00:00');
INSERT INTO `zb_user_message` VALUES ('416', '62', '【泽熙2期】进入合同待审核流程', '【泽熙2期】已完成合同上传，进入合同待审核流程，请及时处理，谢谢！<br/>', '1', '1', '2016-02-03 14:36:21', '0000-00-00 00:00:00');
INSERT INTO `zb_user_message` VALUES ('417', '65', '【泽熙2期】进入合同待审核流程', '【泽熙2期】已完成合同上传，进入合同待审核流程，请及时处理，谢谢！<br/>', '1', '1', '2016-02-03 14:36:21', '0000-00-00 00:00:00');
INSERT INTO `zb_user_message` VALUES ('418', '93', '【泽熙2期】进入合同待审核流程', '【泽熙2期】已完成合同上传，进入合同待审核流程，请及时处理，谢谢！<br/>', '1', '1', '2016-02-03 14:36:21', '0000-00-00 00:00:00');
INSERT INTO `zb_user_message` VALUES ('419', '95', '【泽熙2期】合同被退回', '【泽熙2期】在合同审核环节被退回，请及时处理，谢谢！<br/>退回理由：dsdfdgfgx', '1', '1', '2016-02-03 14:38:25', '0000-00-00 00:00:00');
INSERT INTO `zb_user_message` VALUES ('420', '56', '【泽熙2期】进入合同待审核流程', '【泽熙2期】已完成合同上传，进入合同待审核流程，请及时处理，谢谢！<br/>', '1', '1', '2016-02-03 14:38:38', '0000-00-00 00:00:00');
INSERT INTO `zb_user_message` VALUES ('421', '62', '【泽熙2期】进入合同待审核流程', '【泽熙2期】已完成合同上传，进入合同待审核流程，请及时处理，谢谢！<br/>', '1', '1', '2016-02-03 14:38:38', '0000-00-00 00:00:00');
INSERT INTO `zb_user_message` VALUES ('422', '65', '【泽熙2期】进入合同待审核流程', '【泽熙2期】已完成合同上传，进入合同待审核流程，请及时处理，谢谢！<br/>', '1', '1', '2016-02-03 14:38:38', '0000-00-00 00:00:00');
INSERT INTO `zb_user_message` VALUES ('423', '93', '【泽熙2期】进入合同待审核流程', '【泽熙2期】已完成合同上传，进入合同待审核流程，请及时处理，谢谢！<br/>', '1', '1', '2016-02-03 14:38:38', '0000-00-00 00:00:00');
INSERT INTO `zb_user_message` VALUES ('424', '91', '【泽熙2期】进入产品待审核流程', '【泽熙2期】已完成合同审核，进入产品待审核流程，请及时处理，谢谢！<br/>', '1', '1', '2016-02-03 14:39:01', '0000-00-00 00:00:00');
INSERT INTO `zb_user_message` VALUES ('425', '92', '【泽熙2期】进入产品待审核流程', '【泽熙2期】已完成合同审核，进入产品待审核流程，请及时处理，谢谢！<br/>', '1', '1', '2016-02-03 14:39:01', '0000-00-00 00:00:00');
INSERT INTO `zb_user_message` VALUES ('426', '95', '【泽熙2期】进入产品待审核流程', '【泽熙2期】已完成合同审核，进入产品待审核流程，请及时处理，谢谢！<br/>', '1', '1', '2016-02-03 14:39:01', '0000-00-00 00:00:00');
INSERT INTO `zb_user_message` VALUES ('427', '95', '【泽熙2期】进入产品销售中流程', '【泽熙2期】已完成产品审核，进入产品销售中流程，请知悉！<br/>', '1', '1', '2016-02-03 14:39:47', '0000-00-00 00:00:00');
INSERT INTO `zb_user_message` VALUES ('428', '61', '【泽熙2期】进入产品销售中流程', '【泽熙2期】已完成产品审核，进入产品销售中流程，请及时处理，谢谢！<br/>', '1', '1', '2016-02-03 14:39:47', '0000-00-00 00:00:00');
INSERT INTO `zb_user_message` VALUES ('429', '71', '【泽熙2期】进入产品销售中流程', '【泽熙2期】已完成产品审核，进入产品销售中流程，请及时处理，谢谢！<br/>', '1', '1', '2016-02-03 14:39:47', '0000-00-00 00:00:00');
INSERT INTO `zb_user_message` VALUES ('430', '75', '【泽熙2期】进入产品销售中流程', '【泽熙2期】已完成产品审核，进入产品销售中流程，请及时处理，谢谢！<br/>', '1', '1', '2016-02-03 14:39:47', '0000-00-00 00:00:00');
INSERT INTO `zb_user_message` VALUES ('431', '96', '【泽熙2期】进入产品销售中流程', '【泽熙2期】已完成产品审核，进入产品销售中流程，请及时处理，谢谢！<br/>', '1', '2', '2016-02-03 14:39:47', '2016-02-03 14:42:40');
INSERT INTO `zb_user_message` VALUES ('432', '60', '【泽熙2期】完成费率方案编辑', '【泽熙2期】已完成费率方案编辑，请及时处理，谢谢！', '1', '1', '2016-02-03 14:41:40', '0000-00-00 00:00:00');
INSERT INTO `zb_user_message` VALUES ('433', '64', '【泽熙2期】完成费率方案编辑', '【泽熙2期】已完成费率方案编辑，请及时处理，谢谢！', '1', '1', '2016-02-03 14:41:40', '0000-00-00 00:00:00');
INSERT INTO `zb_user_message` VALUES ('434', '70', '【泽熙2期】完成费率方案编辑', '【泽熙2期】已完成费率方案编辑，请及时处理，谢谢！', '1', '1', '2016-02-03 14:41:40', '0000-00-00 00:00:00');
INSERT INTO `zb_user_message` VALUES ('435', '74', '【泽熙2期】完成费率方案编辑', '【泽熙2期】已完成费率方案编辑，请及时处理，谢谢！', '1', '2', '2016-02-03 14:41:40', '2016-02-03 14:43:21');
INSERT INTO `zb_user_message` VALUES ('436', '83', '【泽熙2期】完成费率方案编辑', '【泽熙2期】已完成费率方案编辑，请及时处理，谢谢！', '1', '1', '2016-02-03 14:41:40', '0000-00-00 00:00:00');
INSERT INTO `zb_user_message` VALUES ('437', '85', '【泽熙2期】完成费率方案编辑', '【泽熙2期】已完成费率方案编辑，请及时处理，谢谢！', '1', '1', '2016-02-03 14:41:40', '0000-00-00 00:00:00');
INSERT INTO `zb_user_message` VALUES ('438', '87', '【泽熙2期】完成费率方案编辑', '【泽熙2期】已完成费率方案编辑，请及时处理，谢谢！', '1', '1', '2016-02-03 14:41:40', '0000-00-00 00:00:00');
INSERT INTO `zb_user_message` VALUES ('439', '91', '【泽熙2期】完成费率方案编辑', '【泽熙2期】已完成费率方案编辑，请及时处理，谢谢！', '1', '1', '2016-02-03 14:41:40', '0000-00-00 00:00:00');
INSERT INTO `zb_user_message` VALUES ('440', '92', '【泽熙2期】完成费率方案编辑', '【泽熙2期】已完成费率方案编辑，请及时处理，谢谢！', '1', '1', '2016-02-03 14:41:40', '0000-00-00 00:00:00');
INSERT INTO `zb_user_message` VALUES ('441', '94', '【泽熙2期】完成费率方案编辑', '【泽熙2期】已完成费率方案编辑，请及时处理，谢谢！', '1', '1', '2016-02-03 14:41:40', '0000-00-00 00:00:00');
INSERT INTO `zb_user_message` VALUES ('442', '100', '【泽熙2期】完成费率方案编辑', '【泽熙2期】已完成费率方案编辑，请及时处理，谢谢！', '1', '2', '2016-02-03 14:41:40', '2016-02-03 14:42:46');
INSERT INTO `zb_user_message` VALUES ('443', '60', '【泽熙2期】费率方案被战略发展部退回', '【泽熙2期】费率方案被战略发展部退回，请及时处理，谢谢！<br/>退回理由:xxxc', '1', '1', '2016-02-03 14:44:43', '0000-00-00 00:00:00');
INSERT INTO `zb_user_message` VALUES ('444', '64', '【泽熙2期】费率方案被战略发展部退回', '【泽熙2期】费率方案被战略发展部退回，请及时处理，谢谢！<br/>退回理由:xxxc', '1', '1', '2016-02-03 14:44:43', '0000-00-00 00:00:00');
INSERT INTO `zb_user_message` VALUES ('445', '70', '【泽熙2期】费率方案被战略发展部退回', '【泽熙2期】费率方案被战略发展部退回，请及时处理，谢谢！<br/>退回理由:xxxc', '1', '1', '2016-02-03 14:44:43', '0000-00-00 00:00:00');
INSERT INTO `zb_user_message` VALUES ('446', '74', '【泽熙2期】费率方案被战略发展部退回', '【泽熙2期】费率方案被战略发展部退回，请及时处理，谢谢！<br/>退回理由:xxxc', '1', '1', '2016-02-03 14:44:43', '0000-00-00 00:00:00');
INSERT INTO `zb_user_message` VALUES ('447', '83', '【泽熙2期】费率方案被战略发展部退回', '【泽熙2期】费率方案被战略发展部退回，请及时处理，谢谢！<br/>退回理由:xxxc', '1', '1', '2016-02-03 14:44:43', '0000-00-00 00:00:00');
INSERT INTO `zb_user_message` VALUES ('448', '85', '【泽熙2期】费率方案被战略发展部退回', '【泽熙2期】费率方案被战略发展部退回，请及时处理，谢谢！<br/>退回理由:xxxc', '1', '1', '2016-02-03 14:44:43', '0000-00-00 00:00:00');
INSERT INTO `zb_user_message` VALUES ('449', '87', '【泽熙2期】费率方案被战略发展部退回', '【泽熙2期】费率方案被战略发展部退回，请及时处理，谢谢！<br/>退回理由:xxxc', '1', '1', '2016-02-03 14:44:43', '0000-00-00 00:00:00');
INSERT INTO `zb_user_message` VALUES ('450', '91', '【泽熙2期】费率方案被战略发展部退回', '【泽熙2期】费率方案被战略发展部退回，请及时处理，谢谢！<br/>退回理由:xxxc', '1', '1', '2016-02-03 14:44:43', '0000-00-00 00:00:00');
INSERT INTO `zb_user_message` VALUES ('451', '92', '【泽熙2期】费率方案被战略发展部退回', '【泽熙2期】费率方案被战略发展部退回，请及时处理，谢谢！<br/>退回理由:xxxc', '1', '1', '2016-02-03 14:44:43', '0000-00-00 00:00:00');
INSERT INTO `zb_user_message` VALUES ('452', '94', '【泽熙2期】费率方案被战略发展部退回', '【泽熙2期】费率方案被战略发展部退回，请及时处理，谢谢！<br/>退回理由:xxxc', '1', '1', '2016-02-03 14:44:43', '0000-00-00 00:00:00');
INSERT INTO `zb_user_message` VALUES ('453', '100', '【泽熙2期】费率方案被战略发展部退回', '【泽熙2期】费率方案被战略发展部退回，请及时处理，谢谢！<br/>退回理由:xxxc', '1', '2', '2016-02-03 14:44:43', '2016-02-03 14:45:41');
INSERT INTO `zb_user_message` VALUES ('454', '60', '【泽熙2期】完成费率方案编辑', '【泽熙2期】已完成费率方案编辑，请及时处理，谢谢！', '1', '1', '2016-02-03 14:44:51', '0000-00-00 00:00:00');
INSERT INTO `zb_user_message` VALUES ('455', '64', '【泽熙2期】完成费率方案编辑', '【泽熙2期】已完成费率方案编辑，请及时处理，谢谢！', '1', '1', '2016-02-03 14:44:51', '0000-00-00 00:00:00');
INSERT INTO `zb_user_message` VALUES ('456', '70', '【泽熙2期】完成费率方案编辑', '【泽熙2期】已完成费率方案编辑，请及时处理，谢谢！', '1', '1', '2016-02-03 14:44:51', '0000-00-00 00:00:00');
INSERT INTO `zb_user_message` VALUES ('457', '74', '【泽熙2期】完成费率方案编辑', '【泽熙2期】已完成费率方案编辑，请及时处理，谢谢！', '1', '1', '2016-02-03 14:44:51', '0000-00-00 00:00:00');
INSERT INTO `zb_user_message` VALUES ('458', '83', '【泽熙2期】完成费率方案编辑', '【泽熙2期】已完成费率方案编辑，请及时处理，谢谢！', '1', '1', '2016-02-03 14:44:51', '0000-00-00 00:00:00');
INSERT INTO `zb_user_message` VALUES ('459', '85', '【泽熙2期】完成费率方案编辑', '【泽熙2期】已完成费率方案编辑，请及时处理，谢谢！', '1', '1', '2016-02-03 14:44:51', '0000-00-00 00:00:00');
INSERT INTO `zb_user_message` VALUES ('460', '87', '【泽熙2期】完成费率方案编辑', '【泽熙2期】已完成费率方案编辑，请及时处理，谢谢！', '1', '1', '2016-02-03 14:44:51', '0000-00-00 00:00:00');
INSERT INTO `zb_user_message` VALUES ('461', '91', '【泽熙2期】完成费率方案编辑', '【泽熙2期】已完成费率方案编辑，请及时处理，谢谢！', '1', '1', '2016-02-03 14:44:51', '0000-00-00 00:00:00');
INSERT INTO `zb_user_message` VALUES ('462', '92', '【泽熙2期】完成费率方案编辑', '【泽熙2期】已完成费率方案编辑，请及时处理，谢谢！', '1', '1', '2016-02-03 14:44:51', '0000-00-00 00:00:00');
INSERT INTO `zb_user_message` VALUES ('463', '94', '【泽熙2期】完成费率方案编辑', '【泽熙2期】已完成费率方案编辑，请及时处理，谢谢！', '1', '1', '2016-02-03 14:44:51', '0000-00-00 00:00:00');
INSERT INTO `zb_user_message` VALUES ('464', '100', '【泽熙2期】完成费率方案编辑', '【泽熙2期】已完成费率方案编辑，请及时处理，谢谢！', '1', '1', '2016-02-03 14:44:51', '0000-00-00 00:00:00');
INSERT INTO `zb_user_message` VALUES ('465', '60', '【泽熙2期】通过费率方案', '【泽熙2期】通过费率方案，请知悉，谢谢！', '1', '1', '2016-02-03 14:46:12', '0000-00-00 00:00:00');
INSERT INTO `zb_user_message` VALUES ('466', '64', '【泽熙2期】通过费率方案', '【泽熙2期】通过费率方案，请知悉，谢谢！', '1', '1', '2016-02-03 14:46:12', '0000-00-00 00:00:00');
INSERT INTO `zb_user_message` VALUES ('467', '70', '【泽熙2期】通过费率方案', '【泽熙2期】通过费率方案，请知悉，谢谢！', '1', '1', '2016-02-03 14:46:12', '0000-00-00 00:00:00');
INSERT INTO `zb_user_message` VALUES ('468', '74', '【泽熙2期】通过费率方案', '【泽熙2期】通过费率方案，请知悉，谢谢！', '1', '1', '2016-02-03 14:46:12', '0000-00-00 00:00:00');
INSERT INTO `zb_user_message` VALUES ('469', '83', '【泽熙2期】通过费率方案', '【泽熙2期】通过费率方案，请知悉，谢谢！', '1', '1', '2016-02-03 14:46:12', '0000-00-00 00:00:00');
INSERT INTO `zb_user_message` VALUES ('470', '85', '【泽熙2期】通过费率方案', '【泽熙2期】通过费率方案，请知悉，谢谢！', '1', '1', '2016-02-03 14:46:12', '0000-00-00 00:00:00');
INSERT INTO `zb_user_message` VALUES ('471', '87', '【泽熙2期】通过费率方案', '【泽熙2期】通过费率方案，请知悉，谢谢！', '1', '1', '2016-02-03 14:46:12', '0000-00-00 00:00:00');
INSERT INTO `zb_user_message` VALUES ('472', '91', '【泽熙2期】通过费率方案', '【泽熙2期】通过费率方案，请知悉，谢谢！', '1', '1', '2016-02-03 14:46:12', '0000-00-00 00:00:00');
INSERT INTO `zb_user_message` VALUES ('473', '92', '【泽熙2期】通过费率方案', '【泽熙2期】通过费率方案，请知悉，谢谢！', '1', '1', '2016-02-03 14:46:12', '0000-00-00 00:00:00');
INSERT INTO `zb_user_message` VALUES ('474', '94', '【泽熙2期】通过费率方案', '【泽熙2期】通过费率方案，请知悉，谢谢！', '1', '1', '2016-02-03 14:46:12', '0000-00-00 00:00:00');
INSERT INTO `zb_user_message` VALUES ('475', '100', '【泽熙2期】通过费率方案', '【泽熙2期】通过费率方案，请知悉，谢谢！', '1', '1', '2016-02-03 14:46:12', '0000-00-00 00:00:00');
INSERT INTO `zb_user_message` VALUES ('476', '95', '【泽熙2期】被暂停', '【泽熙2期】已被暂停，进入暂下回状态。请知悉，谢谢！', '1', '1', '2016-02-03 14:47:53', '0000-00-00 00:00:00');
INSERT INTO `zb_user_message` VALUES ('477', '95', '【泽熙2期】已起售', '【泽熙2期】已起售，进入销售中状态。请知悉，谢谢！', '1', '1', '2016-02-03 14:48:00', '0000-00-00 00:00:00');
INSERT INTO `zb_user_message` VALUES ('478', '95', '【泽熙2期】被暂停', '【泽熙2期】已被暂停，进入暂下回状态。请知悉，谢谢！', '1', '1', '2016-02-03 14:48:10', '0000-00-00 00:00:00');
INSERT INTO `zb_user_message` VALUES ('479', '95', '【泽熙2期】已下架', '【泽熙2期】已下架，进入被下架状态。请知悉，谢谢！', '1', '1', '2016-02-03 14:48:14', '0000-00-00 00:00:00');
INSERT INTO `zb_user_message` VALUES ('480', '95', '【泽熙2期】被还原', '【泽熙2期】已被还原到您的产品部工作台，请知悉，谢谢！', '1', '1', '2016-02-03 14:48:25', '0000-00-00 00:00:00');
INSERT INTO `zb_user_message` VALUES ('481', '56', '【12321】进入合同待审核流程', '【12321】已完成合同上传，进入合同待审核流程，请及时处理，谢谢！<br/>', '1', '1', '2016-02-19 11:26:04', '0000-00-00 00:00:00');
INSERT INTO `zb_user_message` VALUES ('482', '62', '【12321】进入合同待审核流程', '【12321】已完成合同上传，进入合同待审核流程，请及时处理，谢谢！<br/>', '1', '1', '2016-02-19 11:26:04', '0000-00-00 00:00:00');
INSERT INTO `zb_user_message` VALUES ('483', '65', '【12321】进入合同待审核流程', '【12321】已完成合同上传，进入合同待审核流程，请及时处理，谢谢！<br/>', '1', '1', '2016-02-19 11:26:04', '0000-00-00 00:00:00');
INSERT INTO `zb_user_message` VALUES ('484', '93', '【12321】进入合同待审核流程', '【12321】已完成合同上传，进入合同待审核流程，请及时处理，谢谢！<br/>', '1', '1', '2016-02-19 11:26:04', '0000-00-00 00:00:00');
INSERT INTO `zb_user_message` VALUES ('485', '91', '【12321】进入产品待审核流程', '【12321】已完成合同审核，进入产品待审核流程，请及时处理，谢谢！<br/>', '1', '1', '2016-02-19 11:27:52', '0000-00-00 00:00:00');
INSERT INTO `zb_user_message` VALUES ('486', '92', '【12321】进入产品待审核流程', '【12321】已完成合同审核，进入产品待审核流程，请及时处理，谢谢！<br/>', '1', '1', '2016-02-19 11:27:52', '0000-00-00 00:00:00');
INSERT INTO `zb_user_message` VALUES ('487', '53', '【12321】进入产品待审核流程', '【12321】已完成合同审核，进入产品待审核流程，请及时处理，谢谢！<br/>', '1', '1', '2016-02-19 11:27:52', '0000-00-00 00:00:00');
INSERT INTO `zb_user_message` VALUES ('488', '53', '【12321】进入产品销售中流程', '【12321】已完成产品审核，进入产品销售中流程，请知悉！<br/>', '1', '1', '2016-02-19 11:29:19', '0000-00-00 00:00:00');
INSERT INTO `zb_user_message` VALUES ('489', '61', '【12321】进入产品销售中流程', '【12321】已完成产品审核，进入产品销售中流程，请及时处理，谢谢！<br/>', '1', '1', '2016-02-19 11:29:19', '0000-00-00 00:00:00');
INSERT INTO `zb_user_message` VALUES ('490', '71', '【12321】进入产品销售中流程', '【12321】已完成产品审核，进入产品销售中流程，请及时处理，谢谢！<br/>', '1', '1', '2016-02-19 11:29:19', '0000-00-00 00:00:00');
INSERT INTO `zb_user_message` VALUES ('491', '75', '【12321】进入产品销售中流程', '【12321】已完成产品审核，进入产品销售中流程，请及时处理，谢谢！<br/>', '1', '1', '2016-02-19 11:29:19', '0000-00-00 00:00:00');
INSERT INTO `zb_user_message` VALUES ('492', '96', '【12321】进入产品销售中流程', '【12321】已完成产品审核，进入产品销售中流程，请及时处理，谢谢！<br/>', '1', '1', '2016-02-19 11:29:19', '0000-00-00 00:00:00');
INSERT INTO `zb_user_message` VALUES ('493', '60', '【人反感】完成费率方案编辑', '【人反感】已完成费率方案编辑，请及时处理，谢谢！', '1', '1', '2016-02-19 14:18:46', '0000-00-00 00:00:00');
INSERT INTO `zb_user_message` VALUES ('494', '64', '【人反感】完成费率方案编辑', '【人反感】已完成费率方案编辑，请及时处理，谢谢！', '1', '1', '2016-02-19 14:18:46', '0000-00-00 00:00:00');
INSERT INTO `zb_user_message` VALUES ('495', '70', '【人反感】完成费率方案编辑', '【人反感】已完成费率方案编辑，请及时处理，谢谢！', '1', '1', '2016-02-19 14:18:46', '0000-00-00 00:00:00');
INSERT INTO `zb_user_message` VALUES ('496', '74', '【人反感】完成费率方案编辑', '【人反感】已完成费率方案编辑，请及时处理，谢谢！', '1', '1', '2016-02-19 14:18:46', '0000-00-00 00:00:00');
INSERT INTO `zb_user_message` VALUES ('497', '83', '【人反感】完成费率方案编辑', '【人反感】已完成费率方案编辑，请及时处理，谢谢！', '1', '1', '2016-02-19 14:18:46', '0000-00-00 00:00:00');
INSERT INTO `zb_user_message` VALUES ('498', '85', '【人反感】完成费率方案编辑', '【人反感】已完成费率方案编辑，请及时处理，谢谢！', '1', '1', '2016-02-19 14:18:46', '0000-00-00 00:00:00');
INSERT INTO `zb_user_message` VALUES ('499', '87', '【人反感】完成费率方案编辑', '【人反感】已完成费率方案编辑，请及时处理，谢谢！', '1', '1', '2016-02-19 14:18:46', '0000-00-00 00:00:00');
INSERT INTO `zb_user_message` VALUES ('500', '91', '【人反感】完成费率方案编辑', '【人反感】已完成费率方案编辑，请及时处理，谢谢！', '1', '1', '2016-02-19 14:18:46', '0000-00-00 00:00:00');
INSERT INTO `zb_user_message` VALUES ('501', '92', '【人反感】完成费率方案编辑', '【人反感】已完成费率方案编辑，请及时处理，谢谢！', '1', '1', '2016-02-19 14:18:46', '0000-00-00 00:00:00');
INSERT INTO `zb_user_message` VALUES ('502', '94', '【人反感】完成费率方案编辑', '【人反感】已完成费率方案编辑，请及时处理，谢谢！', '1', '1', '2016-02-19 14:18:46', '0000-00-00 00:00:00');
INSERT INTO `zb_user_message` VALUES ('503', '100', '【人反感】完成费率方案编辑', '【人反感】已完成费率方案编辑，请及时处理，谢谢！', '1', '1', '2016-02-19 14:18:46', '0000-00-00 00:00:00');
INSERT INTO `zb_user_message` VALUES ('504', '1', '【华华】被还原', '【华华】已被还原到您的产品部工作台，请知悉，谢谢！', '2', '2', '2016-02-19 16:49:28', '2016-03-18 11:58:08');
INSERT INTO `zb_user_message` VALUES ('505', '60', '【清水源1号】进入待评分流程', '【清水源1号】已完成提交，进入待评分流程，请及时处理，谢谢！', '1', '1', '2016-02-19 17:04:58', '0000-00-00 00:00:00');
INSERT INTO `zb_user_message` VALUES ('506', '61', '【清水源1号】进入待评分流程', '【清水源1号】已完成提交，进入待评分流程，请及时处理，谢谢！', '1', '1', '2016-02-19 17:04:58', '0000-00-00 00:00:00');
INSERT INTO `zb_user_message` VALUES ('507', '63', '【清水源1号】进入待评分流程', '【清水源1号】已完成提交，进入待评分流程，请及时处理，谢谢！', '1', '1', '2016-02-19 17:04:58', '0000-00-00 00:00:00');
INSERT INTO `zb_user_message` VALUES ('508', '70', '【清水源1号】进入待评分流程', '【清水源1号】已完成提交，进入待评分流程，请及时处理，谢谢！', '1', '1', '2016-02-19 17:04:58', '0000-00-00 00:00:00');
INSERT INTO `zb_user_message` VALUES ('509', '71', '【清水源1号】进入待评分流程', '【清水源1号】已完成提交，进入待评分流程，请及时处理，谢谢！', '1', '1', '2016-02-19 17:04:58', '0000-00-00 00:00:00');
INSERT INTO `zb_user_message` VALUES ('510', '74', '【清水源1号】进入待评分流程', '【清水源1号】已完成提交，进入待评分流程，请及时处理，谢谢！', '1', '1', '2016-02-19 17:04:58', '0000-00-00 00:00:00');
INSERT INTO `zb_user_message` VALUES ('511', '75', '【清水源1号】进入待评分流程', '【清水源1号】已完成提交，进入待评分流程，请及时处理，谢谢！', '1', '1', '2016-02-19 17:04:58', '0000-00-00 00:00:00');
INSERT INTO `zb_user_message` VALUES ('512', '76', '【清水源1号】进入待评分流程', '【清水源1号】已完成提交，进入待评分流程，请及时处理，谢谢！', '1', '1', '2016-02-19 17:04:59', '0000-00-00 00:00:00');
INSERT INTO `zb_user_message` VALUES ('513', '83', '【清水源1号】进入待评分流程', '【清水源1号】已完成提交，进入待评分流程，请及时处理，谢谢！', '1', '1', '2016-02-19 17:04:59', '0000-00-00 00:00:00');
INSERT INTO `zb_user_message` VALUES ('514', '87', '【清水源1号】进入待评分流程', '【清水源1号】已完成提交，进入待评分流程，请及时处理，谢谢！', '1', '1', '2016-02-19 17:04:59', '0000-00-00 00:00:00');
INSERT INTO `zb_user_message` VALUES ('515', '94', '【清水源1号】进入待评分流程', '【清水源1号】已完成提交，进入待评分流程，请及时处理，谢谢！', '1', '1', '2016-02-19 17:04:59', '0000-00-00 00:00:00');
INSERT INTO `zb_user_message` VALUES ('516', '96', '【清水源1号】进入待评分流程', '【清水源1号】已完成提交，进入待评分流程，请及时处理，谢谢！', '1', '1', '2016-02-19 17:04:59', '0000-00-00 00:00:00');
INSERT INTO `zb_user_message` VALUES ('517', '98', '【清水源1号】进入待评分流程', '【清水源1号】已完成提交，进入待评分流程，请及时处理，谢谢！', '1', '1', '2016-02-19 17:04:59', '0000-00-00 00:00:00');
INSERT INTO `zb_user_message` VALUES ('518', '95', '【清水源1号】 开发部 已评分', '【清水源1号】 开发部 已评分，等待进入合同待上传流程，请知悉，谢谢！<br/>', '1', '1', '2016-02-22 09:27:10', '0000-00-00 00:00:00');
INSERT INTO `zb_user_message` VALUES ('519', '1', '【范德萨】被还原', '【范德萨】已被还原到您的产品部工作台，请知悉，谢谢！', '2', '2', '2016-02-22 10:03:05', '2016-03-18 18:21:15');
INSERT INTO `zb_user_message` VALUES ('520', '1', '【萨地方撒旦发】被还原', '【萨地方撒旦发】已被还原到您的产品部工作台，请知悉，谢谢！', '1', '2', '2016-02-22 10:03:10', '2016-03-24 14:43:11');
INSERT INTO `zb_user_message` VALUES ('521', '1', '【华华】被还原', '【华华】已被还原到您的产品部工作台，请知悉，谢谢！', '2', '2', '2016-02-22 10:03:13', '2016-03-18 11:34:24');
INSERT INTO `zb_user_message` VALUES ('522', '95', '【瀚华】被暂停', '【瀚华】已被暂停，进入暂下回状态。请知悉，谢谢！', '1', '1', '2016-02-22 10:08:43', '0000-00-00 00:00:00');
INSERT INTO `zb_user_message` VALUES ('523', '95', '【瀚华】已下架', '【瀚华】已下架，进入被下架状态。请知悉，谢谢！', '1', '1', '2016-02-22 10:08:47', '0000-00-00 00:00:00');
INSERT INTO `zb_user_message` VALUES ('524', '60', '【范德萨】进入待评分流程', '【范德萨】已完成提交，进入待评分流程，请及时处理，谢谢！', '1', '1', '2016-02-22 10:17:13', '0000-00-00 00:00:00');
INSERT INTO `zb_user_message` VALUES ('525', '61', '【范德萨】进入待评分流程', '【范德萨】已完成提交，进入待评分流程，请及时处理，谢谢！', '1', '1', '2016-02-22 10:17:13', '0000-00-00 00:00:00');
INSERT INTO `zb_user_message` VALUES ('526', '63', '【范德萨】进入待评分流程', '【范德萨】已完成提交，进入待评分流程，请及时处理，谢谢！', '1', '1', '2016-02-22 10:17:13', '0000-00-00 00:00:00');
INSERT INTO `zb_user_message` VALUES ('527', '70', '【范德萨】进入待评分流程', '【范德萨】已完成提交，进入待评分流程，请及时处理，谢谢！', '1', '1', '2016-02-22 10:17:13', '0000-00-00 00:00:00');
INSERT INTO `zb_user_message` VALUES ('528', '71', '【范德萨】进入待评分流程', '【范德萨】已完成提交，进入待评分流程，请及时处理，谢谢！', '1', '1', '2016-02-22 10:17:13', '0000-00-00 00:00:00');
INSERT INTO `zb_user_message` VALUES ('529', '74', '【范德萨】进入待评分流程', '【范德萨】已完成提交，进入待评分流程，请及时处理，谢谢！', '1', '1', '2016-02-22 10:17:13', '0000-00-00 00:00:00');
INSERT INTO `zb_user_message` VALUES ('530', '75', '【范德萨】进入待评分流程', '【范德萨】已完成提交，进入待评分流程，请及时处理，谢谢！', '1', '1', '2016-02-22 10:17:13', '0000-00-00 00:00:00');
INSERT INTO `zb_user_message` VALUES ('531', '76', '【范德萨】进入待评分流程', '【范德萨】已完成提交，进入待评分流程，请及时处理，谢谢！', '1', '1', '2016-02-22 10:17:13', '0000-00-00 00:00:00');
INSERT INTO `zb_user_message` VALUES ('532', '83', '【范德萨】进入待评分流程', '【范德萨】已完成提交，进入待评分流程，请及时处理，谢谢！', '1', '1', '2016-02-22 10:17:13', '0000-00-00 00:00:00');
INSERT INTO `zb_user_message` VALUES ('533', '87', '【范德萨】进入待评分流程', '【范德萨】已完成提交，进入待评分流程，请及时处理，谢谢！', '1', '1', '2016-02-22 10:17:13', '0000-00-00 00:00:00');
INSERT INTO `zb_user_message` VALUES ('534', '94', '【范德萨】进入待评分流程', '【范德萨】已完成提交，进入待评分流程，请及时处理，谢谢！', '1', '1', '2016-02-22 10:17:13', '0000-00-00 00:00:00');
INSERT INTO `zb_user_message` VALUES ('535', '96', '【范德萨】进入待评分流程', '【范德萨】已完成提交，进入待评分流程，请及时处理，谢谢！', '1', '1', '2016-02-22 10:17:14', '0000-00-00 00:00:00');
INSERT INTO `zb_user_message` VALUES ('536', '98', '【范德萨】进入待评分流程', '【范德萨】已完成提交，进入待评分流程，请及时处理，谢谢！', '1', '1', '2016-02-22 10:17:14', '0000-00-00 00:00:00');
INSERT INTO `zb_user_message` VALUES ('537', '95', '【清水源1号】 产品部 已评分', '【清水源1号】 产品部 已评分，等待进入合同待上传流程，请知悉，谢谢！<br/>', '1', '1', '2016-02-22 10:24:13', '0000-00-00 00:00:00');
INSERT INTO `zb_user_message` VALUES ('538', '95', '【清水源1号】调研部已完成评分', '【清水源1号】已完成评分，进入合同待上传流程，请及时处理，谢谢！<br/>', '1', '1', '2016-02-22 10:25:25', '0000-00-00 00:00:00');
INSERT INTO `zb_user_message` VALUES ('539', '53', '【鹏华行业】 开发部 已评分', '【鹏华行业】 开发部 已评分，等待进入合同待上传流程，请知悉，谢谢！<br/>', '1', '1', '2016-02-22 10:33:44', '0000-00-00 00:00:00');
INSERT INTO `zb_user_message` VALUES ('540', '53', '【鹏华行业】调研部已完成评分', '【鹏华行业】已完成评分，进入合同待上传流程，请及时处理，谢谢！<br/>', '1', '1', '2016-02-22 10:35:44', '0000-00-00 00:00:00');
INSERT INTO `zb_user_message` VALUES ('541', '1', '【范德萨】 产品部 已评分', '【范德萨】 产品部 已评分，等待进入合同待上传流程，请知悉，谢谢！<br/>', '1', '2', '2016-02-22 10:42:42', '2016-03-24 20:54:09');
INSERT INTO `zb_user_message` VALUES ('542', '60', '【华华】费率方案被开发部退回', '【华华】费率方案被开发部退回，请及时处理，谢谢！<br/>退回理由:测试数据', '1', '1', '2016-02-22 14:31:06', '0000-00-00 00:00:00');
INSERT INTO `zb_user_message` VALUES ('543', '64', '【华华】费率方案被开发部退回', '【华华】费率方案被开发部退回，请及时处理，谢谢！<br/>退回理由:测试数据', '1', '1', '2016-02-22 14:31:06', '0000-00-00 00:00:00');
INSERT INTO `zb_user_message` VALUES ('544', '70', '【华华】费率方案被开发部退回', '【华华】费率方案被开发部退回，请及时处理，谢谢！<br/>退回理由:测试数据', '1', '1', '2016-02-22 14:31:06', '0000-00-00 00:00:00');
INSERT INTO `zb_user_message` VALUES ('545', '74', '【华华】费率方案被开发部退回', '【华华】费率方案被开发部退回，请及时处理，谢谢！<br/>退回理由:测试数据', '1', '1', '2016-02-22 14:31:06', '0000-00-00 00:00:00');
INSERT INTO `zb_user_message` VALUES ('546', '83', '【华华】费率方案被开发部退回', '【华华】费率方案被开发部退回，请及时处理，谢谢！<br/>退回理由:测试数据', '1', '1', '2016-02-22 14:31:06', '0000-00-00 00:00:00');
INSERT INTO `zb_user_message` VALUES ('547', '85', '【华华】费率方案被开发部退回', '【华华】费率方案被开发部退回，请及时处理，谢谢！<br/>退回理由:测试数据', '1', '1', '2016-02-22 14:31:06', '0000-00-00 00:00:00');
INSERT INTO `zb_user_message` VALUES ('548', '87', '【华华】费率方案被开发部退回', '【华华】费率方案被开发部退回，请及时处理，谢谢！<br/>退回理由:测试数据', '1', '1', '2016-02-22 14:31:06', '0000-00-00 00:00:00');
INSERT INTO `zb_user_message` VALUES ('549', '91', '【华华】费率方案被开发部退回', '【华华】费率方案被开发部退回，请及时处理，谢谢！<br/>退回理由:测试数据', '1', '1', '2016-02-22 14:31:06', '0000-00-00 00:00:00');
INSERT INTO `zb_user_message` VALUES ('550', '92', '【华华】费率方案被开发部退回', '【华华】费率方案被开发部退回，请及时处理，谢谢！<br/>退回理由:测试数据', '1', '1', '2016-02-22 14:31:06', '0000-00-00 00:00:00');
INSERT INTO `zb_user_message` VALUES ('551', '94', '【华华】费率方案被开发部退回', '【华华】费率方案被开发部退回，请及时处理，谢谢！<br/>退回理由:测试数据', '1', '1', '2016-02-22 14:31:06', '0000-00-00 00:00:00');
INSERT INTO `zb_user_message` VALUES ('552', '100', '【华华】费率方案被开发部退回', '【华华】费率方案被开发部退回，请及时处理，谢谢！<br/>退回理由:测试数据', '1', '1', '2016-02-22 14:31:06', '0000-00-00 00:00:00');
INSERT INTO `zb_user_message` VALUES ('553', '53', '【人反感】被暂停', '【人反感】已被暂停，进入暂下回状态。请知悉，谢谢！', '1', '1', '2016-02-22 14:28:32', '0000-00-00 00:00:00');
INSERT INTO `zb_user_message` VALUES ('554', '53', '【人反感】已下架', '【人反感】已下架，进入被下架状态。请知悉，谢谢！', '1', '1', '2016-02-22 14:28:37', '0000-00-00 00:00:00');
INSERT INTO `zb_user_message` VALUES ('555', '53', '【人反感】被还原', '【人反感】已被还原到您的产品部工作台，请知悉，谢谢！', '1', '1', '2016-02-22 15:00:14', '0000-00-00 00:00:00');
INSERT INTO `zb_user_message` VALUES ('556', '95', '【瀚华】被还原', '【瀚华】已被还原到您的产品部工作台，请知悉，谢谢！', '1', '1', '2016-02-22 15:00:45', '0000-00-00 00:00:00');
INSERT INTO `zb_user_message` VALUES ('557', '1', '【ASDFD】被还原', '【ASDFD】已被还原到您的产品部工作台，请知悉，谢谢！', '2', '2', '2016-02-22 15:00:51', '2016-03-18 11:46:37');
INSERT INTO `zb_user_message` VALUES ('558', '1', '【范德萨】被还原', '【范德萨】已被还原到您的产品部工作台，请知悉，谢谢！', '2', '2', '2016-02-22 15:00:54', '2016-03-21 12:13:56');
INSERT INTO `zb_user_message` VALUES ('559', '95', '【新能源】被还原', '【新能源】已被还原到您的产品部工作台，请知悉，谢谢！', '1', '1', '2016-02-22 15:00:56', '0000-00-00 00:00:00');
INSERT INTO `zb_user_message` VALUES ('560', '53', '【XFILE】被还原', '【XFILE】已被还原到您的产品部工作台，请知悉，谢谢！', '1', '1', '2016-02-22 15:00:59', '0000-00-00 00:00:00');
INSERT INTO `zb_user_message` VALUES ('561', '1', '【法撒旦是】 开发部 已评分', '【法撒旦是】 开发部 已评分，等待进入合同待上传流程，请知悉，谢谢！<br/>', '2', '2', '2016-02-26 11:20:10', '2016-03-18 11:58:38');
INSERT INTO `zb_user_message` VALUES ('562', '53', '【12321】被暂停', '【12321】已被暂停，进入暂下回状态。请知悉，谢谢！', '1', '1', '2016-02-29 18:00:16', '0000-00-00 00:00:00');
INSERT INTO `zb_user_message` VALUES ('563', '53', '【12321】已下架', '【12321】已下架，进入被下架状态。请知悉，谢谢！', '1', '1', '2016-02-29 18:00:20', '0000-00-00 00:00:00');
INSERT INTO `zb_user_message` VALUES ('564', '95', '【测试产品20160203】被暂停', '【测试产品20160203】已被暂停，进入暂下回状态。请知悉，谢谢！', '1', '1', '2016-03-01 15:35:08', '0000-00-00 00:00:00');
INSERT INTO `zb_user_message` VALUES ('565', '112', '密码修改成功', '亲爱的用户，您好！你的密码已经重置为:123456, 请您牢记新密码。', '1', '1', '2016-03-15 14:04:05', '0000-00-00 00:00:00');
INSERT INTO `zb_user_message` VALUES ('566', '60', '【ASDFD111111111】进入待评分流程', '【ASDFD111111111】已完成提交，进入待评分流程，请及时处理，谢谢！', '1', '1', '2016-03-16 14:00:37', '0000-00-00 00:00:00');
INSERT INTO `zb_user_message` VALUES ('567', '61', '【ASDFD111111111】进入待评分流程', '【ASDFD111111111】已完成提交，进入待评分流程，请及时处理，谢谢！', '1', '1', '2016-03-16 14:00:37', '0000-00-00 00:00:00');
INSERT INTO `zb_user_message` VALUES ('568', '63', '【ASDFD111111111】进入待评分流程', '【ASDFD111111111】已完成提交，进入待评分流程，请及时处理，谢谢！', '1', '1', '2016-03-16 14:00:37', '0000-00-00 00:00:00');
INSERT INTO `zb_user_message` VALUES ('569', '70', '【ASDFD111111111】进入待评分流程', '【ASDFD111111111】已完成提交，进入待评分流程，请及时处理，谢谢！', '1', '1', '2016-03-16 14:00:37', '0000-00-00 00:00:00');
INSERT INTO `zb_user_message` VALUES ('570', '71', '【ASDFD111111111】进入待评分流程', '【ASDFD111111111】已完成提交，进入待评分流程，请及时处理，谢谢！', '1', '1', '2016-03-16 14:00:37', '0000-00-00 00:00:00');
INSERT INTO `zb_user_message` VALUES ('571', '74', '【ASDFD111111111】进入待评分流程', '【ASDFD111111111】已完成提交，进入待评分流程，请及时处理，谢谢！', '1', '1', '2016-03-16 14:00:37', '0000-00-00 00:00:00');
INSERT INTO `zb_user_message` VALUES ('572', '75', '【ASDFD111111111】进入待评分流程', '【ASDFD111111111】已完成提交，进入待评分流程，请及时处理，谢谢！', '1', '1', '2016-03-16 14:00:37', '0000-00-00 00:00:00');
INSERT INTO `zb_user_message` VALUES ('573', '76', '【ASDFD111111111】进入待评分流程', '【ASDFD111111111】已完成提交，进入待评分流程，请及时处理，谢谢！', '1', '1', '2016-03-16 14:00:37', '0000-00-00 00:00:00');
INSERT INTO `zb_user_message` VALUES ('574', '83', '【ASDFD111111111】进入待评分流程', '【ASDFD111111111】已完成提交，进入待评分流程，请及时处理，谢谢！', '1', '1', '2016-03-16 14:00:37', '0000-00-00 00:00:00');
INSERT INTO `zb_user_message` VALUES ('575', '87', '【ASDFD111111111】进入待评分流程', '【ASDFD111111111】已完成提交，进入待评分流程，请及时处理，谢谢！', '1', '1', '2016-03-16 14:00:37', '0000-00-00 00:00:00');
INSERT INTO `zb_user_message` VALUES ('576', '94', '【ASDFD111111111】进入待评分流程', '【ASDFD111111111】已完成提交，进入待评分流程，请及时处理，谢谢！', '1', '1', '2016-03-16 14:00:37', '0000-00-00 00:00:00');
INSERT INTO `zb_user_message` VALUES ('577', '96', '【ASDFD111111111】进入待评分流程', '【ASDFD111111111】已完成提交，进入待评分流程，请及时处理，谢谢！', '1', '1', '2016-03-16 14:00:37', '0000-00-00 00:00:00');
INSERT INTO `zb_user_message` VALUES ('578', '98', '【ASDFD111111111】进入待评分流程', '【ASDFD111111111】已完成提交，进入待评分流程，请及时处理，谢谢！', '1', '1', '2016-03-16 14:00:37', '0000-00-00 00:00:00');
INSERT INTO `zb_user_message` VALUES ('579', '109', '【ASDFD111111111】进入待评分流程', '【ASDFD111111111】已完成提交，进入待评分流程，请及时处理，谢谢！', '1', '1', '2016-03-16 14:00:37', '0000-00-00 00:00:00');
INSERT INTO `zb_user_message` VALUES ('580', '60', '【新方程1期】进入待评分流程', '【新方程1期】已完成提交，进入待评分流程，请及时处理，谢谢！', '1', '1', '2016-03-16 14:28:31', '0000-00-00 00:00:00');
INSERT INTO `zb_user_message` VALUES ('581', '61', '【新方程1期】进入待评分流程', '【新方程1期】已完成提交，进入待评分流程，请及时处理，谢谢！', '1', '1', '2016-03-16 14:28:31', '0000-00-00 00:00:00');
INSERT INTO `zb_user_message` VALUES ('582', '63', '【新方程1期】进入待评分流程', '【新方程1期】已完成提交，进入待评分流程，请及时处理，谢谢！', '1', '1', '2016-03-16 14:28:31', '0000-00-00 00:00:00');
INSERT INTO `zb_user_message` VALUES ('583', '70', '【新方程1期】进入待评分流程', '【新方程1期】已完成提交，进入待评分流程，请及时处理，谢谢！', '1', '1', '2016-03-16 14:28:31', '0000-00-00 00:00:00');
INSERT INTO `zb_user_message` VALUES ('584', '71', '【新方程1期】进入待评分流程', '【新方程1期】已完成提交，进入待评分流程，请及时处理，谢谢！', '1', '1', '2016-03-16 14:28:31', '0000-00-00 00:00:00');
INSERT INTO `zb_user_message` VALUES ('585', '74', '【新方程1期】进入待评分流程', '【新方程1期】已完成提交，进入待评分流程，请及时处理，谢谢！', '1', '1', '2016-03-16 14:28:31', '0000-00-00 00:00:00');
INSERT INTO `zb_user_message` VALUES ('586', '75', '【新方程1期】进入待评分流程', '【新方程1期】已完成提交，进入待评分流程，请及时处理，谢谢！', '1', '1', '2016-03-16 14:28:31', '0000-00-00 00:00:00');
INSERT INTO `zb_user_message` VALUES ('587', '76', '【新方程1期】进入待评分流程', '【新方程1期】已完成提交，进入待评分流程，请及时处理，谢谢！', '1', '1', '2016-03-16 14:28:31', '0000-00-00 00:00:00');
INSERT INTO `zb_user_message` VALUES ('588', '83', '【新方程1期】进入待评分流程', '【新方程1期】已完成提交，进入待评分流程，请及时处理，谢谢！', '1', '1', '2016-03-16 14:28:31', '0000-00-00 00:00:00');
INSERT INTO `zb_user_message` VALUES ('589', '87', '【新方程1期】进入待评分流程', '【新方程1期】已完成提交，进入待评分流程，请及时处理，谢谢！', '1', '1', '2016-03-16 14:28:31', '0000-00-00 00:00:00');
INSERT INTO `zb_user_message` VALUES ('590', '94', '【新方程1期】进入待评分流程', '【新方程1期】已完成提交，进入待评分流程，请及时处理，谢谢！', '1', '1', '2016-03-16 14:28:31', '0000-00-00 00:00:00');
INSERT INTO `zb_user_message` VALUES ('591', '96', '【新方程1期】进入待评分流程', '【新方程1期】已完成提交，进入待评分流程，请及时处理，谢谢！', '1', '1', '2016-03-16 14:28:31', '0000-00-00 00:00:00');
INSERT INTO `zb_user_message` VALUES ('592', '98', '【新方程1期】进入待评分流程', '【新方程1期】已完成提交，进入待评分流程，请及时处理，谢谢！', '1', '1', '2016-03-16 14:28:31', '0000-00-00 00:00:00');
INSERT INTO `zb_user_message` VALUES ('593', '109', '【新方程1期】进入待评分流程', '【新方程1期】已完成提交，进入待评分流程，请及时处理，谢谢！', '1', '1', '2016-03-16 14:28:31', '0000-00-00 00:00:00');
INSERT INTO `zb_user_message` VALUES ('594', '1', '【萨地方撒旦发】被还原', '【萨地方撒旦发】已被还原到您的产品部工作台，请知悉，谢谢！', '2', '2', '2016-03-17 14:06:13', '2016-03-18 12:01:00');
INSERT INTO `zb_user_message` VALUES ('595', '53', '【12321】被还原', '【12321】已被还原到您的产品部工作台，请知悉，谢谢！', '1', '1', '2016-03-17 14:20:32', '0000-00-00 00:00:00');
INSERT INTO `zb_user_message` VALUES ('596', '1', '【ASDFD111111111】 开发部 已评分', '【ASDFD111111111】 开发部 已评分，等待进入合同待上传流程，请知悉，谢谢！<br/>', '2', '2', '2016-03-17 18:14:05', '2016-03-18 11:38:43');
INSERT INTO `zb_user_message` VALUES ('597', '95', '【新方程1期】 开发部 已评分', '【新方程1期】 开发部 已评分，等待进入合同待上传流程，请知悉，谢谢！<br/>', '1', '1', '2016-03-21 14:23:51', '0000-00-00 00:00:00');
INSERT INTO `zb_user_message` VALUES ('598', '1', '【华华】 开发部 已评分', '【华华】 开发部 已评分，等待进入合同待上传流程，请知悉，谢谢！<br/>', '2', '2', '2016-03-21 14:33:17', '2016-03-21 17:06:21');
INSERT INTO `zb_user_message` VALUES ('599', '60', '【测试产品20160203】费率方案被开发部退回', '【测试产品20160203】费率方案被开发部退回，请及时处理，谢谢！<br/>退回理由:dd', '1', '1', '2016-03-21 15:24:28', '0000-00-00 00:00:00');
INSERT INTO `zb_user_message` VALUES ('600', '64', '【测试产品20160203】费率方案被开发部退回', '【测试产品20160203】费率方案被开发部退回，请及时处理，谢谢！<br/>退回理由:dd', '1', '1', '2016-03-21 15:24:28', '0000-00-00 00:00:00');
INSERT INTO `zb_user_message` VALUES ('601', '70', '【测试产品20160203】费率方案被开发部退回', '【测试产品20160203】费率方案被开发部退回，请及时处理，谢谢！<br/>退回理由:dd', '1', '1', '2016-03-21 15:24:28', '0000-00-00 00:00:00');
INSERT INTO `zb_user_message` VALUES ('602', '74', '【测试产品20160203】费率方案被开发部退回', '【测试产品20160203】费率方案被开发部退回，请及时处理，谢谢！<br/>退回理由:dd', '1', '1', '2016-03-21 15:24:28', '0000-00-00 00:00:00');
INSERT INTO `zb_user_message` VALUES ('603', '83', '【测试产品20160203】费率方案被开发部退回', '【测试产品20160203】费率方案被开发部退回，请及时处理，谢谢！<br/>退回理由:dd', '1', '1', '2016-03-21 15:24:28', '0000-00-00 00:00:00');
INSERT INTO `zb_user_message` VALUES ('604', '85', '【测试产品20160203】费率方案被开发部退回', '【测试产品20160203】费率方案被开发部退回，请及时处理，谢谢！<br/>退回理由:dd', '1', '1', '2016-03-21 15:24:28', '0000-00-00 00:00:00');
INSERT INTO `zb_user_message` VALUES ('605', '87', '【测试产品20160203】费率方案被开发部退回', '【测试产品20160203】费率方案被开发部退回，请及时处理，谢谢！<br/>退回理由:dd', '1', '1', '2016-03-21 15:24:28', '0000-00-00 00:00:00');
INSERT INTO `zb_user_message` VALUES ('606', '91', '【测试产品20160203】费率方案被开发部退回', '【测试产品20160203】费率方案被开发部退回，请及时处理，谢谢！<br/>退回理由:dd', '1', '1', '2016-03-21 15:24:28', '0000-00-00 00:00:00');
INSERT INTO `zb_user_message` VALUES ('607', '92', '【测试产品20160203】费率方案被开发部退回', '【测试产品20160203】费率方案被开发部退回，请及时处理，谢谢！<br/>退回理由:dd', '1', '1', '2016-03-21 15:24:28', '0000-00-00 00:00:00');
INSERT INTO `zb_user_message` VALUES ('608', '94', '【测试产品20160203】费率方案被开发部退回', '【测试产品20160203】费率方案被开发部退回，请及时处理，谢谢！<br/>退回理由:dd', '1', '1', '2016-03-21 15:24:28', '0000-00-00 00:00:00');
INSERT INTO `zb_user_message` VALUES ('609', '100', '【测试产品20160203】费率方案被开发部退回', '【测试产品20160203】费率方案被开发部退回，请及时处理，谢谢！<br/>退回理由:dd', '1', '1', '2016-03-21 15:24:28', '0000-00-00 00:00:00');
INSERT INTO `zb_user_message` VALUES ('610', '108', '【测试产品20160203】费率方案被开发部退回', '【测试产品20160203】费率方案被开发部退回，请及时处理，谢谢！<br/>退回理由:dd', '1', '1', '2016-03-21 15:24:28', '0000-00-00 00:00:00');
INSERT INTO `zb_user_message` VALUES ('611', '109', '【测试产品20160203】费率方案被开发部退回', '【测试产品20160203】费率方案被开发部退回，请及时处理，谢谢！<br/>退回理由:dd', '1', '1', '2016-03-21 15:24:28', '0000-00-00 00:00:00');
INSERT INTO `zb_user_message` VALUES ('612', '112', '【测试产品20160203】费率方案被开发部退回', '【测试产品20160203】费率方案被开发部退回，请及时处理，谢谢！<br/>退回理由:dd', '1', '1', '2016-03-21 15:24:28', '0000-00-00 00:00:00');
INSERT INTO `zb_user_message` VALUES ('613', '60', '【232】进入待评分流程', '【232】已完成提交，进入待评分流程，请及时处理，谢谢！', '1', '1', '2016-03-22 10:02:24', '0000-00-00 00:00:00');
INSERT INTO `zb_user_message` VALUES ('614', '61', '【232】进入待评分流程', '【232】已完成提交，进入待评分流程，请及时处理，谢谢！', '1', '1', '2016-03-22 10:02:24', '0000-00-00 00:00:00');
INSERT INTO `zb_user_message` VALUES ('615', '63', '【232】进入待评分流程', '【232】已完成提交，进入待评分流程，请及时处理，谢谢！', '1', '1', '2016-03-22 10:02:24', '0000-00-00 00:00:00');
INSERT INTO `zb_user_message` VALUES ('616', '70', '【232】进入待评分流程', '【232】已完成提交，进入待评分流程，请及时处理，谢谢！', '1', '1', '2016-03-22 10:02:24', '0000-00-00 00:00:00');
INSERT INTO `zb_user_message` VALUES ('617', '71', '【232】进入待评分流程', '【232】已完成提交，进入待评分流程，请及时处理，谢谢！', '1', '1', '2016-03-22 10:02:24', '0000-00-00 00:00:00');
INSERT INTO `zb_user_message` VALUES ('618', '74', '【232】进入待评分流程', '【232】已完成提交，进入待评分流程，请及时处理，谢谢！', '1', '1', '2016-03-22 10:02:24', '0000-00-00 00:00:00');
INSERT INTO `zb_user_message` VALUES ('619', '75', '【232】进入待评分流程', '【232】已完成提交，进入待评分流程，请及时处理，谢谢！', '1', '1', '2016-03-22 10:02:24', '0000-00-00 00:00:00');
INSERT INTO `zb_user_message` VALUES ('620', '76', '【232】进入待评分流程', '【232】已完成提交，进入待评分流程，请及时处理，谢谢！', '1', '1', '2016-03-22 10:02:24', '0000-00-00 00:00:00');
INSERT INTO `zb_user_message` VALUES ('621', '83', '【232】进入待评分流程', '【232】已完成提交，进入待评分流程，请及时处理，谢谢！', '1', '1', '2016-03-22 10:02:24', '0000-00-00 00:00:00');
INSERT INTO `zb_user_message` VALUES ('622', '87', '【232】进入待评分流程', '【232】已完成提交，进入待评分流程，请及时处理，谢谢！', '1', '1', '2016-03-22 10:02:24', '0000-00-00 00:00:00');
INSERT INTO `zb_user_message` VALUES ('623', '94', '【232】进入待评分流程', '【232】已完成提交，进入待评分流程，请及时处理，谢谢！', '1', '1', '2016-03-22 10:02:24', '0000-00-00 00:00:00');
INSERT INTO `zb_user_message` VALUES ('624', '96', '【232】进入待评分流程', '【232】已完成提交，进入待评分流程，请及时处理，谢谢！', '1', '1', '2016-03-22 10:02:24', '0000-00-00 00:00:00');
INSERT INTO `zb_user_message` VALUES ('625', '98', '【232】进入待评分流程', '【232】已完成提交，进入待评分流程，请及时处理，谢谢！', '1', '1', '2016-03-22 10:02:24', '0000-00-00 00:00:00');
INSERT INTO `zb_user_message` VALUES ('626', '108', '【232】进入待评分流程', '【232】已完成提交，进入待评分流程，请及时处理，谢谢！', '1', '1', '2016-03-22 10:02:24', '0000-00-00 00:00:00');
INSERT INTO `zb_user_message` VALUES ('627', '109', '【232】进入待评分流程', '【232】已完成提交，进入待评分流程，请及时处理，谢谢！', '1', '1', '2016-03-22 10:02:24', '0000-00-00 00:00:00');
INSERT INTO `zb_user_message` VALUES ('628', '1', '【232】 开发部 已评分', '【232】 开发部 已评分，等待进入合同待上传流程，请知悉，谢谢！<br/>', '1', '2', '2016-03-22 14:09:17', '2016-03-24 14:43:25');
INSERT INTO `zb_user_message` VALUES ('629', '1', '【232】 产品部 已评分', '【232】 产品部 已评分，等待进入合同待上传流程，请知悉，谢谢！<br/>', '1', '2', '2016-03-22 15:23:33', '2016-03-24 20:22:03');
INSERT INTO `zb_user_message` VALUES ('630', '1', '【34】被还原', '【34】已被还原到您的产品部工作台，请知悉，谢谢！', '2', '2', '2016-03-22 17:27:13', '2016-03-23 16:02:59');
INSERT INTO `zb_user_message` VALUES ('631', '1', '【产品简称】已起售', '【产品简称】已起售，进入销售中状态。请知悉，谢谢！', '2', '2', '2016-03-23 14:10:20', '2016-03-23 16:02:51');
INSERT INTO `zb_user_message` VALUES ('632', '1', '【产品简称】被暂停', '【产品简称】已被暂停，进入暂下回状态。请知悉，谢谢！', '2', '2', '2016-03-23 14:26:41', '2016-03-23 15:55:15');
INSERT INTO `zb_user_message` VALUES ('633', '1', '【34】被还原', '【34】已被还原到您的产品部工作台，请知悉，谢谢！', '1', '2', '2016-03-23 15:26:56', '2016-03-24 20:51:33');
INSERT INTO `zb_user_message` VALUES ('634', '1', '【产品简称】被还原', '【产品简称】已被还原到您的产品部工作台，请知悉，谢谢！', '2', '2', '2016-03-23 15:27:16', '2016-03-23 15:55:34');
INSERT INTO `zb_user_message` VALUES ('635', '60', '【13123】进入待评分流程', '【13123】已完成提交，进入待评分流程，请及时处理，谢谢！', '1', '1', '2016-03-25 14:44:11', '0000-00-00 00:00:00');
INSERT INTO `zb_user_message` VALUES ('636', '61', '【13123】进入待评分流程', '【13123】已完成提交，进入待评分流程，请及时处理，谢谢！', '1', '1', '2016-03-25 14:44:11', '0000-00-00 00:00:00');
INSERT INTO `zb_user_message` VALUES ('637', '63', '【13123】进入待评分流程', '【13123】已完成提交，进入待评分流程，请及时处理，谢谢！', '1', '1', '2016-03-25 14:44:11', '0000-00-00 00:00:00');
INSERT INTO `zb_user_message` VALUES ('638', '70', '【13123】进入待评分流程', '【13123】已完成提交，进入待评分流程，请及时处理，谢谢！', '1', '1', '2016-03-25 14:44:11', '0000-00-00 00:00:00');
INSERT INTO `zb_user_message` VALUES ('639', '71', '【13123】进入待评分流程', '【13123】已完成提交，进入待评分流程，请及时处理，谢谢！', '1', '1', '2016-03-25 14:44:11', '0000-00-00 00:00:00');
INSERT INTO `zb_user_message` VALUES ('640', '74', '【13123】进入待评分流程', '【13123】已完成提交，进入待评分流程，请及时处理，谢谢！', '1', '1', '2016-03-25 14:44:11', '0000-00-00 00:00:00');
INSERT INTO `zb_user_message` VALUES ('641', '75', '【13123】进入待评分流程', '【13123】已完成提交，进入待评分流程，请及时处理，谢谢！', '1', '1', '2016-03-25 14:44:11', '0000-00-00 00:00:00');
INSERT INTO `zb_user_message` VALUES ('642', '76', '【13123】进入待评分流程', '【13123】已完成提交，进入待评分流程，请及时处理，谢谢！', '1', '1', '2016-03-25 14:44:11', '0000-00-00 00:00:00');
INSERT INTO `zb_user_message` VALUES ('643', '83', '【13123】进入待评分流程', '【13123】已完成提交，进入待评分流程，请及时处理，谢谢！', '1', '1', '2016-03-25 14:44:11', '0000-00-00 00:00:00');
INSERT INTO `zb_user_message` VALUES ('644', '87', '【13123】进入待评分流程', '【13123】已完成提交，进入待评分流程，请及时处理，谢谢！', '1', '1', '2016-03-25 14:44:11', '0000-00-00 00:00:00');
INSERT INTO `zb_user_message` VALUES ('645', '94', '【13123】进入待评分流程', '【13123】已完成提交，进入待评分流程，请及时处理，谢谢！', '1', '1', '2016-03-25 14:44:11', '0000-00-00 00:00:00');
INSERT INTO `zb_user_message` VALUES ('646', '96', '【13123】进入待评分流程', '【13123】已完成提交，进入待评分流程，请及时处理，谢谢！', '1', '1', '2016-03-25 14:44:11', '0000-00-00 00:00:00');
INSERT INTO `zb_user_message` VALUES ('647', '98', '【13123】进入待评分流程', '【13123】已完成提交，进入待评分流程，请及时处理，谢谢！', '1', '1', '2016-03-25 14:44:11', '0000-00-00 00:00:00');
INSERT INTO `zb_user_message` VALUES ('648', '105', '【13123】进入待评分流程', '【13123】已完成提交，进入待评分流程，请及时处理，谢谢！', '1', '1', '2016-03-25 14:44:11', '0000-00-00 00:00:00');
INSERT INTO `zb_user_message` VALUES ('649', '108', '【13123】进入待评分流程', '【13123】已完成提交，进入待评分流程，请及时处理，谢谢！', '1', '1', '2016-03-25 14:44:11', '0000-00-00 00:00:00');
INSERT INTO `zb_user_message` VALUES ('650', '109', '【13123】进入待评分流程', '【13123】已完成提交，进入待评分流程，请及时处理，谢谢！', '1', '1', '2016-03-25 14:44:11', '0000-00-00 00:00:00');
INSERT INTO `zb_user_message` VALUES ('651', '1', '【13123】 开发部 已评分', '【13123】 开发部 已评分，等待进入合同待上传流程，请知悉，谢谢！<br/>', '1', '2', '2016-03-25 14:44:54', '2016-03-28 14:06:03');
INSERT INTO `zb_user_message` VALUES ('652', '53', '【鹏华行业】被还原', '【鹏华行业】已被还原到您的产品部工作台，请知悉，谢谢！', '1', '1', '2016-03-28 14:06:59', '0000-00-00 00:00:00');
INSERT INTO `zb_user_message` VALUES ('653', '1', '【电饭锅】被还原', '【电饭锅】已被还原到您的产品部工作台，请知悉，谢谢！', '1', '2', '2016-03-28 14:08:26', '2016-03-28 14:14:12');
INSERT INTO `zb_user_message` VALUES ('654', '60', '【车贷信行】进入待评分流程', '【车贷信行】已完成提交，进入待评分流程，请及时处理，谢谢！', '1', '1', '2016-03-28 14:22:18', '0000-00-00 00:00:00');
INSERT INTO `zb_user_message` VALUES ('655', '61', '【车贷信行】进入待评分流程', '【车贷信行】已完成提交，进入待评分流程，请及时处理，谢谢！', '1', '1', '2016-03-28 14:22:18', '0000-00-00 00:00:00');
INSERT INTO `zb_user_message` VALUES ('656', '63', '【车贷信行】进入待评分流程', '【车贷信行】已完成提交，进入待评分流程，请及时处理，谢谢！', '1', '1', '2016-03-28 14:22:18', '0000-00-00 00:00:00');
INSERT INTO `zb_user_message` VALUES ('657', '70', '【车贷信行】进入待评分流程', '【车贷信行】已完成提交，进入待评分流程，请及时处理，谢谢！', '1', '1', '2016-03-28 14:22:18', '0000-00-00 00:00:00');
INSERT INTO `zb_user_message` VALUES ('658', '71', '【车贷信行】进入待评分流程', '【车贷信行】已完成提交，进入待评分流程，请及时处理，谢谢！', '1', '1', '2016-03-28 14:22:18', '0000-00-00 00:00:00');
INSERT INTO `zb_user_message` VALUES ('659', '74', '【车贷信行】进入待评分流程', '【车贷信行】已完成提交，进入待评分流程，请及时处理，谢谢！', '1', '1', '2016-03-28 14:22:18', '0000-00-00 00:00:00');
INSERT INTO `zb_user_message` VALUES ('660', '75', '【车贷信行】进入待评分流程', '【车贷信行】已完成提交，进入待评分流程，请及时处理，谢谢！', '1', '1', '2016-03-28 14:22:18', '0000-00-00 00:00:00');
INSERT INTO `zb_user_message` VALUES ('661', '76', '【车贷信行】进入待评分流程', '【车贷信行】已完成提交，进入待评分流程，请及时处理，谢谢！', '1', '1', '2016-03-28 14:22:18', '0000-00-00 00:00:00');
INSERT INTO `zb_user_message` VALUES ('662', '83', '【车贷信行】进入待评分流程', '【车贷信行】已完成提交，进入待评分流程，请及时处理，谢谢！', '1', '1', '2016-03-28 14:22:18', '0000-00-00 00:00:00');
INSERT INTO `zb_user_message` VALUES ('663', '87', '【车贷信行】进入待评分流程', '【车贷信行】已完成提交，进入待评分流程，请及时处理，谢谢！', '1', '1', '2016-03-28 14:22:18', '0000-00-00 00:00:00');
INSERT INTO `zb_user_message` VALUES ('664', '94', '【车贷信行】进入待评分流程', '【车贷信行】已完成提交，进入待评分流程，请及时处理，谢谢！', '1', '1', '2016-03-28 14:22:18', '0000-00-00 00:00:00');
INSERT INTO `zb_user_message` VALUES ('665', '96', '【车贷信行】进入待评分流程', '【车贷信行】已完成提交，进入待评分流程，请及时处理，谢谢！', '1', '1', '2016-03-28 14:22:18', '0000-00-00 00:00:00');
INSERT INTO `zb_user_message` VALUES ('666', '98', '【车贷信行】进入待评分流程', '【车贷信行】已完成提交，进入待评分流程，请及时处理，谢谢！', '1', '1', '2016-03-28 14:22:18', '0000-00-00 00:00:00');
INSERT INTO `zb_user_message` VALUES ('667', '105', '【车贷信行】进入待评分流程', '【车贷信行】已完成提交，进入待评分流程，请及时处理，谢谢！', '1', '1', '2016-03-28 14:22:18', '0000-00-00 00:00:00');
INSERT INTO `zb_user_message` VALUES ('668', '108', '【车贷信行】进入待评分流程', '【车贷信行】已完成提交，进入待评分流程，请及时处理，谢谢！', '1', '1', '2016-03-28 14:22:18', '0000-00-00 00:00:00');
INSERT INTO `zb_user_message` VALUES ('669', '109', '【车贷信行】进入待评分流程', '【车贷信行】已完成提交，进入待评分流程，请及时处理，谢谢！', '1', '1', '2016-03-28 14:22:18', '0000-00-00 00:00:00');
INSERT INTO `zb_user_message` VALUES ('670', '60', '【电饭锅】进入待评分流程', '【电饭锅】已完成提交，进入待评分流程，请及时处理，谢谢！', '1', '1', '2016-03-28 14:59:34', '0000-00-00 00:00:00');
INSERT INTO `zb_user_message` VALUES ('671', '61', '【电饭锅】进入待评分流程', '【电饭锅】已完成提交，进入待评分流程，请及时处理，谢谢！', '1', '1', '2016-03-28 14:59:34', '0000-00-00 00:00:00');
INSERT INTO `zb_user_message` VALUES ('672', '63', '【电饭锅】进入待评分流程', '【电饭锅】已完成提交，进入待评分流程，请及时处理，谢谢！', '1', '1', '2016-03-28 14:59:34', '0000-00-00 00:00:00');
INSERT INTO `zb_user_message` VALUES ('673', '70', '【电饭锅】进入待评分流程', '【电饭锅】已完成提交，进入待评分流程，请及时处理，谢谢！', '1', '1', '2016-03-28 14:59:34', '0000-00-00 00:00:00');
INSERT INTO `zb_user_message` VALUES ('674', '71', '【电饭锅】进入待评分流程', '【电饭锅】已完成提交，进入待评分流程，请及时处理，谢谢！', '1', '1', '2016-03-28 14:59:34', '0000-00-00 00:00:00');
INSERT INTO `zb_user_message` VALUES ('675', '74', '【电饭锅】进入待评分流程', '【电饭锅】已完成提交，进入待评分流程，请及时处理，谢谢！', '1', '1', '2016-03-28 14:59:34', '0000-00-00 00:00:00');
INSERT INTO `zb_user_message` VALUES ('676', '75', '【电饭锅】进入待评分流程', '【电饭锅】已完成提交，进入待评分流程，请及时处理，谢谢！', '1', '1', '2016-03-28 14:59:34', '0000-00-00 00:00:00');
INSERT INTO `zb_user_message` VALUES ('677', '76', '【电饭锅】进入待评分流程', '【电饭锅】已完成提交，进入待评分流程，请及时处理，谢谢！', '1', '1', '2016-03-28 14:59:34', '0000-00-00 00:00:00');
INSERT INTO `zb_user_message` VALUES ('678', '83', '【电饭锅】进入待评分流程', '【电饭锅】已完成提交，进入待评分流程，请及时处理，谢谢！', '1', '1', '2016-03-28 14:59:34', '0000-00-00 00:00:00');
INSERT INTO `zb_user_message` VALUES ('679', '87', '【电饭锅】进入待评分流程', '【电饭锅】已完成提交，进入待评分流程，请及时处理，谢谢！', '1', '1', '2016-03-28 14:59:34', '0000-00-00 00:00:00');
INSERT INTO `zb_user_message` VALUES ('680', '94', '【电饭锅】进入待评分流程', '【电饭锅】已完成提交，进入待评分流程，请及时处理，谢谢！', '1', '1', '2016-03-28 14:59:34', '0000-00-00 00:00:00');
INSERT INTO `zb_user_message` VALUES ('681', '96', '【电饭锅】进入待评分流程', '【电饭锅】已完成提交，进入待评分流程，请及时处理，谢谢！', '1', '1', '2016-03-28 14:59:34', '0000-00-00 00:00:00');
INSERT INTO `zb_user_message` VALUES ('682', '98', '【电饭锅】进入待评分流程', '【电饭锅】已完成提交，进入待评分流程，请及时处理，谢谢！', '1', '1', '2016-03-28 14:59:34', '0000-00-00 00:00:00');
INSERT INTO `zb_user_message` VALUES ('683', '105', '【电饭锅】进入待评分流程', '【电饭锅】已完成提交，进入待评分流程，请及时处理，谢谢！', '1', '1', '2016-03-28 14:59:34', '0000-00-00 00:00:00');
INSERT INTO `zb_user_message` VALUES ('684', '108', '【电饭锅】进入待评分流程', '【电饭锅】已完成提交，进入待评分流程，请及时处理，谢谢！', '1', '1', '2016-03-28 14:59:34', '0000-00-00 00:00:00');
INSERT INTO `zb_user_message` VALUES ('685', '109', '【电饭锅】进入待评分流程', '【电饭锅】已完成提交，进入待评分流程，请及时处理，谢谢！', '1', '1', '2016-03-28 14:59:34', '0000-00-00 00:00:00');
INSERT INTO `zb_user_message` VALUES ('686', '60', '【啤酒】进入待评分流程', '【啤酒】已完成提交，进入待评分流程，请及时处理，谢谢！', '1', '1', '2016-03-28 14:53:53', '0000-00-00 00:00:00');
INSERT INTO `zb_user_message` VALUES ('687', '61', '【啤酒】进入待评分流程', '【啤酒】已完成提交，进入待评分流程，请及时处理，谢谢！', '1', '1', '2016-03-28 14:53:54', '0000-00-00 00:00:00');
INSERT INTO `zb_user_message` VALUES ('688', '63', '【啤酒】进入待评分流程', '【啤酒】已完成提交，进入待评分流程，请及时处理，谢谢！', '1', '1', '2016-03-28 14:53:54', '0000-00-00 00:00:00');
INSERT INTO `zb_user_message` VALUES ('689', '70', '【啤酒】进入待评分流程', '【啤酒】已完成提交，进入待评分流程，请及时处理，谢谢！', '1', '1', '2016-03-28 14:53:54', '0000-00-00 00:00:00');
INSERT INTO `zb_user_message` VALUES ('690', '71', '【啤酒】进入待评分流程', '【啤酒】已完成提交，进入待评分流程，请及时处理，谢谢！', '1', '1', '2016-03-28 14:53:54', '0000-00-00 00:00:00');
INSERT INTO `zb_user_message` VALUES ('691', '74', '【啤酒】进入待评分流程', '【啤酒】已完成提交，进入待评分流程，请及时处理，谢谢！', '1', '1', '2016-03-28 14:53:54', '0000-00-00 00:00:00');
INSERT INTO `zb_user_message` VALUES ('692', '75', '【啤酒】进入待评分流程', '【啤酒】已完成提交，进入待评分流程，请及时处理，谢谢！', '1', '1', '2016-03-28 14:53:54', '0000-00-00 00:00:00');
INSERT INTO `zb_user_message` VALUES ('693', '76', '【啤酒】进入待评分流程', '【啤酒】已完成提交，进入待评分流程，请及时处理，谢谢！', '1', '1', '2016-03-28 14:53:54', '0000-00-00 00:00:00');
INSERT INTO `zb_user_message` VALUES ('694', '83', '【啤酒】进入待评分流程', '【啤酒】已完成提交，进入待评分流程，请及时处理，谢谢！', '1', '1', '2016-03-28 14:53:54', '0000-00-00 00:00:00');
INSERT INTO `zb_user_message` VALUES ('695', '87', '【啤酒】进入待评分流程', '【啤酒】已完成提交，进入待评分流程，请及时处理，谢谢！', '1', '1', '2016-03-28 14:53:54', '0000-00-00 00:00:00');
INSERT INTO `zb_user_message` VALUES ('696', '94', '【啤酒】进入待评分流程', '【啤酒】已完成提交，进入待评分流程，请及时处理，谢谢！', '1', '1', '2016-03-28 14:53:54', '0000-00-00 00:00:00');
INSERT INTO `zb_user_message` VALUES ('697', '96', '【啤酒】进入待评分流程', '【啤酒】已完成提交，进入待评分流程，请及时处理，谢谢！', '2', '2', '2016-03-28 14:53:54', '2016-03-28 15:26:35');
INSERT INTO `zb_user_message` VALUES ('698', '98', '【啤酒】进入待评分流程', '【啤酒】已完成提交，进入待评分流程，请及时处理，谢谢！', '1', '1', '2016-03-28 14:53:54', '0000-00-00 00:00:00');
INSERT INTO `zb_user_message` VALUES ('699', '105', '【啤酒】进入待评分流程', '【啤酒】已完成提交，进入待评分流程，请及时处理，谢谢！', '1', '1', '2016-03-28 14:53:54', '0000-00-00 00:00:00');
INSERT INTO `zb_user_message` VALUES ('700', '108', '【啤酒】进入待评分流程', '【啤酒】已完成提交，进入待评分流程，请及时处理，谢谢！', '1', '1', '2016-03-28 14:53:54', '0000-00-00 00:00:00');
INSERT INTO `zb_user_message` VALUES ('701', '109', '【啤酒】进入待评分流程', '【啤酒】已完成提交，进入待评分流程，请及时处理，谢谢！', '1', '1', '2016-03-28 14:53:54', '0000-00-00 00:00:00');
INSERT INTO `zb_user_message` VALUES ('702', '112', '【啤酒】 开发部 已评分', '【啤酒】 开发部 已评分，等待进入合同待上传流程，请知悉，谢谢！<br/>', '1', '1', '2016-03-28 15:18:43', '0000-00-00 00:00:00');
INSERT INTO `zb_user_message` VALUES ('703', '112', '【啤酒】 战略发展部 已评分', '【啤酒】 战略发展部 已评分，等待进入合同待上传流程，请知悉，谢谢！<br/>', '1', '1', '2016-03-28 15:19:38', '0000-00-00 00:00:00');
INSERT INTO `zb_user_message` VALUES ('704', '112', '【啤酒】运营部已完成评分', '【啤酒】已完成评分，进入合同待上传流程，请及时处理，谢谢！<br/>', '1', '1', '2016-03-28 15:20:12', '0000-00-00 00:00:00');
INSERT INTO `zb_user_message` VALUES ('705', '116', '密码修改成功', '亲爱的用户，您好！你的密码已经重置为:123456, 请您牢记新密码。', '1', '1', '2016-03-28 15:24:40', '0000-00-00 00:00:00');
INSERT INTO `zb_user_message` VALUES ('706', '56', '【啤酒】进入合同待审核流程', '【啤酒】已完成合同上传，进入合同待审核流程，请及时处理，谢谢！<br/>', '1', '1', '2016-03-28 15:39:26', '0000-00-00 00:00:00');
INSERT INTO `zb_user_message` VALUES ('707', '62', '【啤酒】进入合同待审核流程', '【啤酒】已完成合同上传，进入合同待审核流程，请及时处理，谢谢！<br/>', '1', '1', '2016-03-28 15:39:26', '0000-00-00 00:00:00');
INSERT INTO `zb_user_message` VALUES ('708', '65', '【啤酒】进入合同待审核流程', '【啤酒】已完成合同上传，进入合同待审核流程，请及时处理，谢谢！<br/>', '1', '1', '2016-03-28 15:39:26', '0000-00-00 00:00:00');
INSERT INTO `zb_user_message` VALUES ('709', '93', '【啤酒】进入合同待审核流程', '【啤酒】已完成合同上传，进入合同待审核流程，请及时处理，谢谢！<br/>', '1', '1', '2016-03-28 15:39:26', '0000-00-00 00:00:00');
INSERT INTO `zb_user_message` VALUES ('710', '91', '【啤酒】进入产品待审核流程', '【啤酒】已完成合同审核，进入产品待审核流程，请及时处理，谢谢！<br/>', '1', '1', '2016-03-28 15:40:21', '0000-00-00 00:00:00');
INSERT INTO `zb_user_message` VALUES ('711', '92', '【啤酒】进入产品待审核流程', '【啤酒】已完成合同审核，进入产品待审核流程，请及时处理，谢谢！<br/>', '1', '1', '2016-03-28 15:40:21', '0000-00-00 00:00:00');
INSERT INTO `zb_user_message` VALUES ('712', '112', '【啤酒】进入产品待审核流程', '【啤酒】已完成合同审核，进入产品待审核流程，请及时处理，谢谢！<br/>', '1', '1', '2016-03-28 15:40:21', '0000-00-00 00:00:00');
INSERT INTO `zb_user_message` VALUES ('713', '112', '【啤酒】进入产品待审核流程', '【啤酒】已完成合同审核，进入产品待审核流程，请及时处理，谢谢！<br/>', '1', '1', '2016-03-28 15:40:21', '0000-00-00 00:00:00');
INSERT INTO `zb_user_message` VALUES ('714', '112', '【啤酒】进入产品销售中流程', '【啤酒】已完成产品审核，进入产品销售中流程，请知悉！<br/>', '1', '1', '2016-03-28 15:42:07', '0000-00-00 00:00:00');
INSERT INTO `zb_user_message` VALUES ('715', '61', '【啤酒】进入产品销售中流程', '【啤酒】已完成产品审核，进入产品销售中流程，请及时处理，谢谢！<br/>', '1', '1', '2016-03-28 15:42:07', '0000-00-00 00:00:00');
INSERT INTO `zb_user_message` VALUES ('716', '71', '【啤酒】进入产品销售中流程', '【啤酒】已完成产品审核，进入产品销售中流程，请及时处理，谢谢！<br/>', '1', '1', '2016-03-28 15:42:07', '0000-00-00 00:00:00');
INSERT INTO `zb_user_message` VALUES ('717', '75', '【啤酒】进入产品销售中流程', '【啤酒】已完成产品审核，进入产品销售中流程，请及时处理，谢谢！<br/>', '1', '1', '2016-03-28 15:42:07', '0000-00-00 00:00:00');
INSERT INTO `zb_user_message` VALUES ('718', '96', '【啤酒】进入产品销售中流程', '【啤酒】已完成产品审核，进入产品销售中流程，请及时处理，谢谢！<br/>', '1', '1', '2016-03-28 15:42:07', '0000-00-00 00:00:00');
INSERT INTO `zb_user_message` VALUES ('719', '112', '【啤酒】被暂停', '【啤酒】已被暂停，进入暂下回状态。请知悉，谢谢！', '1', '1', '2016-03-28 15:51:04', '0000-00-00 00:00:00');
INSERT INTO `zb_user_message` VALUES ('720', '112', '【啤酒】已起售', '【啤酒】已起售，进入销售中状态。请知悉，谢谢！', '1', '1', '2016-03-28 15:51:10', '0000-00-00 00:00:00');
INSERT INTO `zb_user_message` VALUES ('721', '60', '【啤酒】完成费率方案编辑', '【啤酒】已完成费率方案编辑，请及时处理，谢谢！', '1', '1', '2016-03-28 15:59:52', '0000-00-00 00:00:00');
INSERT INTO `zb_user_message` VALUES ('722', '64', '【啤酒】完成费率方案编辑', '【啤酒】已完成费率方案编辑，请及时处理，谢谢！', '1', '1', '2016-03-28 15:59:52', '0000-00-00 00:00:00');
INSERT INTO `zb_user_message` VALUES ('723', '70', '【啤酒】完成费率方案编辑', '【啤酒】已完成费率方案编辑，请及时处理，谢谢！', '1', '1', '2016-03-28 15:59:52', '0000-00-00 00:00:00');
INSERT INTO `zb_user_message` VALUES ('724', '74', '【啤酒】完成费率方案编辑', '【啤酒】已完成费率方案编辑，请及时处理，谢谢！', '1', '1', '2016-03-28 15:59:52', '0000-00-00 00:00:00');
INSERT INTO `zb_user_message` VALUES ('725', '83', '【啤酒】完成费率方案编辑', '【啤酒】已完成费率方案编辑，请及时处理，谢谢！', '1', '1', '2016-03-28 15:59:52', '0000-00-00 00:00:00');
INSERT INTO `zb_user_message` VALUES ('726', '85', '【啤酒】完成费率方案编辑', '【啤酒】已完成费率方案编辑，请及时处理，谢谢！', '1', '1', '2016-03-28 15:59:52', '0000-00-00 00:00:00');
INSERT INTO `zb_user_message` VALUES ('727', '87', '【啤酒】完成费率方案编辑', '【啤酒】已完成费率方案编辑，请及时处理，谢谢！', '1', '1', '2016-03-28 15:59:52', '0000-00-00 00:00:00');
INSERT INTO `zb_user_message` VALUES ('728', '91', '【啤酒】完成费率方案编辑', '【啤酒】已完成费率方案编辑，请及时处理，谢谢！', '1', '1', '2016-03-28 15:59:52', '0000-00-00 00:00:00');
INSERT INTO `zb_user_message` VALUES ('729', '92', '【啤酒】完成费率方案编辑', '【啤酒】已完成费率方案编辑，请及时处理，谢谢！', '1', '1', '2016-03-28 15:59:52', '0000-00-00 00:00:00');
INSERT INTO `zb_user_message` VALUES ('730', '94', '【啤酒】完成费率方案编辑', '【啤酒】已完成费率方案编辑，请及时处理，谢谢！', '1', '1', '2016-03-28 15:59:52', '0000-00-00 00:00:00');
INSERT INTO `zb_user_message` VALUES ('731', '100', '【啤酒】完成费率方案编辑', '【啤酒】已完成费率方案编辑，请及时处理，谢谢！', '1', '1', '2016-03-28 15:59:52', '0000-00-00 00:00:00');
INSERT INTO `zb_user_message` VALUES ('732', '105', '【啤酒】完成费率方案编辑', '【啤酒】已完成费率方案编辑，请及时处理，谢谢！', '1', '1', '2016-03-28 15:59:52', '0000-00-00 00:00:00');
INSERT INTO `zb_user_message` VALUES ('733', '108', '【啤酒】完成费率方案编辑', '【啤酒】已完成费率方案编辑，请及时处理，谢谢！', '1', '1', '2016-03-28 15:59:52', '0000-00-00 00:00:00');
INSERT INTO `zb_user_message` VALUES ('734', '109', '【啤酒】完成费率方案编辑', '【啤酒】已完成费率方案编辑，请及时处理，谢谢！', '1', '1', '2016-03-28 15:59:52', '0000-00-00 00:00:00');
INSERT INTO `zb_user_message` VALUES ('735', '112', '【啤酒】完成费率方案编辑', '【啤酒】已完成费率方案编辑，请及时处理，谢谢！', '1', '1', '2016-03-28 15:59:52', '0000-00-00 00:00:00');
INSERT INTO `zb_user_message` VALUES ('736', '116', '【啤酒】完成费率方案编辑', '【啤酒】已完成费率方案编辑，请及时处理，谢谢！', '1', '1', '2016-03-28 15:59:52', '0000-00-00 00:00:00');
INSERT INTO `zb_user_message` VALUES ('737', '60', '【消防队】进入待评分流程', '【消防队】已完成提交，进入待评分流程，请及时处理，谢谢！', '1', '1', '2016-03-28 16:20:05', '0000-00-00 00:00:00');
INSERT INTO `zb_user_message` VALUES ('738', '61', '【消防队】进入待评分流程', '【消防队】已完成提交，进入待评分流程，请及时处理，谢谢！', '1', '1', '2016-03-28 16:20:05', '0000-00-00 00:00:00');
INSERT INTO `zb_user_message` VALUES ('739', '63', '【消防队】进入待评分流程', '【消防队】已完成提交，进入待评分流程，请及时处理，谢谢！', '1', '1', '2016-03-28 16:20:05', '0000-00-00 00:00:00');
INSERT INTO `zb_user_message` VALUES ('740', '70', '【消防队】进入待评分流程', '【消防队】已完成提交，进入待评分流程，请及时处理，谢谢！', '1', '1', '2016-03-28 16:20:05', '0000-00-00 00:00:00');
INSERT INTO `zb_user_message` VALUES ('741', '71', '【消防队】进入待评分流程', '【消防队】已完成提交，进入待评分流程，请及时处理，谢谢！', '1', '1', '2016-03-28 16:20:05', '0000-00-00 00:00:00');
INSERT INTO `zb_user_message` VALUES ('742', '74', '【消防队】进入待评分流程', '【消防队】已完成提交，进入待评分流程，请及时处理，谢谢！', '1', '1', '2016-03-28 16:20:05', '0000-00-00 00:00:00');
INSERT INTO `zb_user_message` VALUES ('743', '75', '【消防队】进入待评分流程', '【消防队】已完成提交，进入待评分流程，请及时处理，谢谢！', '1', '1', '2016-03-28 16:20:05', '0000-00-00 00:00:00');
INSERT INTO `zb_user_message` VALUES ('744', '76', '【消防队】进入待评分流程', '【消防队】已完成提交，进入待评分流程，请及时处理，谢谢！', '1', '1', '2016-03-28 16:20:06', '0000-00-00 00:00:00');
INSERT INTO `zb_user_message` VALUES ('745', '83', '【消防队】进入待评分流程', '【消防队】已完成提交，进入待评分流程，请及时处理，谢谢！', '1', '1', '2016-03-28 16:20:06', '0000-00-00 00:00:00');
INSERT INTO `zb_user_message` VALUES ('746', '87', '【消防队】进入待评分流程', '【消防队】已完成提交，进入待评分流程，请及时处理，谢谢！', '1', '1', '2016-03-28 16:20:06', '0000-00-00 00:00:00');
INSERT INTO `zb_user_message` VALUES ('747', '94', '【消防队】进入待评分流程', '【消防队】已完成提交，进入待评分流程，请及时处理，谢谢！', '1', '1', '2016-03-28 16:20:06', '0000-00-00 00:00:00');
INSERT INTO `zb_user_message` VALUES ('748', '96', '【消防队】进入待评分流程', '【消防队】已完成提交，进入待评分流程，请及时处理，谢谢！', '1', '1', '2016-03-28 16:20:06', '0000-00-00 00:00:00');
INSERT INTO `zb_user_message` VALUES ('749', '98', '【消防队】进入待评分流程', '【消防队】已完成提交，进入待评分流程，请及时处理，谢谢！', '1', '1', '2016-03-28 16:20:06', '0000-00-00 00:00:00');
INSERT INTO `zb_user_message` VALUES ('750', '105', '【消防队】进入待评分流程', '【消防队】已完成提交，进入待评分流程，请及时处理，谢谢！', '1', '1', '2016-03-28 16:20:06', '0000-00-00 00:00:00');
INSERT INTO `zb_user_message` VALUES ('751', '108', '【消防队】进入待评分流程', '【消防队】已完成提交，进入待评分流程，请及时处理，谢谢！', '1', '1', '2016-03-28 16:20:06', '0000-00-00 00:00:00');
INSERT INTO `zb_user_message` VALUES ('752', '109', '【消防队】进入待评分流程', '【消防队】已完成提交，进入待评分流程，请及时处理，谢谢！', '1', '1', '2016-03-28 16:20:06', '0000-00-00 00:00:00');
INSERT INTO `zb_user_message` VALUES ('753', '116', '【消防队】进入待评分流程', '【消防队】已完成提交，进入待评分流程，请及时处理，谢谢！', '1', '1', '2016-03-28 16:20:06', '0000-00-00 00:00:00');
INSERT INTO `zb_user_message` VALUES ('754', '117', '【消防队】进入待评分流程', '【消防队】已完成提交，进入待评分流程，请及时处理，谢谢！', '1', '1', '2016-03-28 16:20:06', '0000-00-00 00:00:00');
INSERT INTO `zb_user_message` VALUES ('755', '115', '【消防队】被还原', '【消防队】已被还原到您的产品部工作台，请知悉，谢谢！', '1', '1', '2016-03-28 16:23:25', '0000-00-00 00:00:00');
INSERT INTO `zb_user_message` VALUES ('756', '60', '【消防队】进入待评分流程', '【消防队】已完成提交，进入待评分流程，请及时处理，谢谢！', '1', '1', '2016-03-28 16:24:01', '0000-00-00 00:00:00');
INSERT INTO `zb_user_message` VALUES ('757', '61', '【消防队】进入待评分流程', '【消防队】已完成提交，进入待评分流程，请及时处理，谢谢！', '1', '1', '2016-03-28 16:24:01', '0000-00-00 00:00:00');
INSERT INTO `zb_user_message` VALUES ('758', '63', '【消防队】进入待评分流程', '【消防队】已完成提交，进入待评分流程，请及时处理，谢谢！', '1', '1', '2016-03-28 16:24:01', '0000-00-00 00:00:00');
INSERT INTO `zb_user_message` VALUES ('759', '70', '【消防队】进入待评分流程', '【消防队】已完成提交，进入待评分流程，请及时处理，谢谢！', '1', '1', '2016-03-28 16:24:01', '0000-00-00 00:00:00');
INSERT INTO `zb_user_message` VALUES ('760', '71', '【消防队】进入待评分流程', '【消防队】已完成提交，进入待评分流程，请及时处理，谢谢！', '1', '1', '2016-03-28 16:24:01', '0000-00-00 00:00:00');
INSERT INTO `zb_user_message` VALUES ('761', '74', '【消防队】进入待评分流程', '【消防队】已完成提交，进入待评分流程，请及时处理，谢谢！', '1', '1', '2016-03-28 16:24:01', '0000-00-00 00:00:00');
INSERT INTO `zb_user_message` VALUES ('762', '75', '【消防队】进入待评分流程', '【消防队】已完成提交，进入待评分流程，请及时处理，谢谢！', '1', '1', '2016-03-28 16:24:01', '0000-00-00 00:00:00');
INSERT INTO `zb_user_message` VALUES ('763', '76', '【消防队】进入待评分流程', '【消防队】已完成提交，进入待评分流程，请及时处理，谢谢！', '1', '1', '2016-03-28 16:24:01', '0000-00-00 00:00:00');
INSERT INTO `zb_user_message` VALUES ('764', '83', '【消防队】进入待评分流程', '【消防队】已完成提交，进入待评分流程，请及时处理，谢谢！', '1', '1', '2016-03-28 16:24:01', '0000-00-00 00:00:00');
INSERT INTO `zb_user_message` VALUES ('765', '87', '【消防队】进入待评分流程', '【消防队】已完成提交，进入待评分流程，请及时处理，谢谢！', '1', '1', '2016-03-28 16:24:01', '0000-00-00 00:00:00');
INSERT INTO `zb_user_message` VALUES ('766', '94', '【消防队】进入待评分流程', '【消防队】已完成提交，进入待评分流程，请及时处理，谢谢！', '1', '1', '2016-03-28 16:24:01', '0000-00-00 00:00:00');
INSERT INTO `zb_user_message` VALUES ('767', '96', '【消防队】进入待评分流程', '【消防队】已完成提交，进入待评分流程，请及时处理，谢谢！', '1', '1', '2016-03-28 16:24:01', '0000-00-00 00:00:00');
INSERT INTO `zb_user_message` VALUES ('768', '98', '【消防队】进入待评分流程', '【消防队】已完成提交，进入待评分流程，请及时处理，谢谢！', '1', '1', '2016-03-28 16:24:01', '0000-00-00 00:00:00');
INSERT INTO `zb_user_message` VALUES ('769', '105', '【消防队】进入待评分流程', '【消防队】已完成提交，进入待评分流程，请及时处理，谢谢！', '1', '1', '2016-03-28 16:24:01', '0000-00-00 00:00:00');
INSERT INTO `zb_user_message` VALUES ('770', '108', '【消防队】进入待评分流程', '【消防队】已完成提交，进入待评分流程，请及时处理，谢谢！', '1', '1', '2016-03-28 16:24:01', '0000-00-00 00:00:00');
INSERT INTO `zb_user_message` VALUES ('771', '109', '【消防队】进入待评分流程', '【消防队】已完成提交，进入待评分流程，请及时处理，谢谢！', '1', '1', '2016-03-28 16:24:01', '0000-00-00 00:00:00');
INSERT INTO `zb_user_message` VALUES ('772', '116', '【消防队】进入待评分流程', '【消防队】已完成提交，进入待评分流程，请及时处理，谢谢！', '1', '1', '2016-03-28 16:24:01', '0000-00-00 00:00:00');
INSERT INTO `zb_user_message` VALUES ('773', '117', '【消防队】进入待评分流程', '【消防队】已完成提交，进入待评分流程，请及时处理，谢谢！', '1', '1', '2016-03-28 16:24:01', '0000-00-00 00:00:00');
INSERT INTO `zb_user_message` VALUES ('774', '115', '【消防队】 开发部 已评分', '【消防队】 开发部 已评分，等待进入合同待上传流程，请知悉，谢谢！<br/>', '1', '1', '2016-03-28 16:24:25', '0000-00-00 00:00:00');
INSERT INTO `zb_user_message` VALUES ('775', '115', '【消防队】 开发部 已评分', '【消防队】 开发部 已评分，等待进入合同待上传流程，请知悉，谢谢！<br/>', '1', '1', '2016-03-28 16:24:54', '0000-00-00 00:00:00');
INSERT INTO `zb_user_message` VALUES ('776', '115', '【消防队】运营部已完成评分', '【消防队】已完成评分，进入合同待上传流程，请及时处理，谢谢！<br/>', '1', '1', '2016-03-28 16:25:25', '0000-00-00 00:00:00');
INSERT INTO `zb_user_message` VALUES ('777', '56', '【消防队】进入合同待审核流程', '【消防队】已完成合同上传，进入合同待审核流程，请及时处理，谢谢！<br/>', '1', '1', '2016-03-28 16:26:57', '0000-00-00 00:00:00');
INSERT INTO `zb_user_message` VALUES ('778', '62', '【消防队】进入合同待审核流程', '【消防队】已完成合同上传，进入合同待审核流程，请及时处理，谢谢！<br/>', '1', '1', '2016-03-28 16:26:57', '0000-00-00 00:00:00');
INSERT INTO `zb_user_message` VALUES ('779', '65', '【消防队】进入合同待审核流程', '【消防队】已完成合同上传，进入合同待审核流程，请及时处理，谢谢！<br/>', '1', '1', '2016-03-28 16:26:57', '0000-00-00 00:00:00');
INSERT INTO `zb_user_message` VALUES ('780', '93', '【消防队】进入合同待审核流程', '【消防队】已完成合同上传，进入合同待审核流程，请及时处理，谢谢！<br/>', '1', '1', '2016-03-28 16:26:57', '0000-00-00 00:00:00');
INSERT INTO `zb_user_message` VALUES ('781', '91', '【消防队】进入产品待审核流程', '【消防队】已完成合同审核，进入产品待审核流程，请及时处理，谢谢！<br/>', '1', '1', '2016-03-28 16:28:47', '0000-00-00 00:00:00');
INSERT INTO `zb_user_message` VALUES ('782', '92', '【消防队】进入产品待审核流程', '【消防队】已完成合同审核，进入产品待审核流程，请及时处理，谢谢！<br/>', '1', '1', '2016-03-28 16:28:47', '0000-00-00 00:00:00');
INSERT INTO `zb_user_message` VALUES ('783', '112', '【消防队】进入产品待审核流程', '【消防队】已完成合同审核，进入产品待审核流程，请及时处理，谢谢！<br/>', '1', '1', '2016-03-28 16:28:47', '0000-00-00 00:00:00');
INSERT INTO `zb_user_message` VALUES ('784', '115', '【消防队】进入产品待审核流程', '【消防队】已完成合同审核，进入产品待审核流程，请及时处理，谢谢！<br/>', '1', '1', '2016-03-28 16:28:48', '0000-00-00 00:00:00');
INSERT INTO `zb_user_message` VALUES ('785', '115', '【消防队】被还原', '【消防队】已被还原到您的产品部工作台，请知悉，谢谢！', '1', '1', '2016-03-28 16:32:32', '0000-00-00 00:00:00');
INSERT INTO `zb_user_message` VALUES ('786', '60', '【消防队】进入待评分流程', '【消防队】已完成提交，进入待评分流程，请及时处理，谢谢！', '1', '1', '2016-03-28 16:33:11', '0000-00-00 00:00:00');
INSERT INTO `zb_user_message` VALUES ('787', '61', '【消防队】进入待评分流程', '【消防队】已完成提交，进入待评分流程，请及时处理，谢谢！', '1', '1', '2016-03-28 16:33:11', '0000-00-00 00:00:00');
INSERT INTO `zb_user_message` VALUES ('788', '63', '【消防队】进入待评分流程', '【消防队】已完成提交，进入待评分流程，请及时处理，谢谢！', '1', '1', '2016-03-28 16:33:11', '0000-00-00 00:00:00');
INSERT INTO `zb_user_message` VALUES ('789', '70', '【消防队】进入待评分流程', '【消防队】已完成提交，进入待评分流程，请及时处理，谢谢！', '1', '1', '2016-03-28 16:33:11', '0000-00-00 00:00:00');
INSERT INTO `zb_user_message` VALUES ('790', '71', '【消防队】进入待评分流程', '【消防队】已完成提交，进入待评分流程，请及时处理，谢谢！', '1', '1', '2016-03-28 16:33:11', '0000-00-00 00:00:00');
INSERT INTO `zb_user_message` VALUES ('791', '74', '【消防队】进入待评分流程', '【消防队】已完成提交，进入待评分流程，请及时处理，谢谢！', '1', '1', '2016-03-28 16:33:12', '0000-00-00 00:00:00');
INSERT INTO `zb_user_message` VALUES ('792', '75', '【消防队】进入待评分流程', '【消防队】已完成提交，进入待评分流程，请及时处理，谢谢！', '1', '1', '2016-03-28 16:33:12', '0000-00-00 00:00:00');
INSERT INTO `zb_user_message` VALUES ('793', '76', '【消防队】进入待评分流程', '【消防队】已完成提交，进入待评分流程，请及时处理，谢谢！', '1', '1', '2016-03-28 16:33:12', '0000-00-00 00:00:00');
INSERT INTO `zb_user_message` VALUES ('794', '83', '【消防队】进入待评分流程', '【消防队】已完成提交，进入待评分流程，请及时处理，谢谢！', '1', '1', '2016-03-28 16:33:12', '0000-00-00 00:00:00');
INSERT INTO `zb_user_message` VALUES ('795', '87', '【消防队】进入待评分流程', '【消防队】已完成提交，进入待评分流程，请及时处理，谢谢！', '1', '1', '2016-03-28 16:33:12', '0000-00-00 00:00:00');
INSERT INTO `zb_user_message` VALUES ('796', '94', '【消防队】进入待评分流程', '【消防队】已完成提交，进入待评分流程，请及时处理，谢谢！', '1', '1', '2016-03-28 16:33:12', '0000-00-00 00:00:00');
INSERT INTO `zb_user_message` VALUES ('797', '96', '【消防队】进入待评分流程', '【消防队】已完成提交，进入待评分流程，请及时处理，谢谢！', '1', '1', '2016-03-28 16:33:12', '0000-00-00 00:00:00');
INSERT INTO `zb_user_message` VALUES ('798', '98', '【消防队】进入待评分流程', '【消防队】已完成提交，进入待评分流程，请及时处理，谢谢！', '1', '1', '2016-03-28 16:33:12', '0000-00-00 00:00:00');
INSERT INTO `zb_user_message` VALUES ('799', '105', '【消防队】进入待评分流程', '【消防队】已完成提交，进入待评分流程，请及时处理，谢谢！', '1', '1', '2016-03-28 16:33:12', '0000-00-00 00:00:00');
INSERT INTO `zb_user_message` VALUES ('800', '108', '【消防队】进入待评分流程', '【消防队】已完成提交，进入待评分流程，请及时处理，谢谢！', '1', '1', '2016-03-28 16:33:12', '0000-00-00 00:00:00');
INSERT INTO `zb_user_message` VALUES ('801', '109', '【消防队】进入待评分流程', '【消防队】已完成提交，进入待评分流程，请及时处理，谢谢！', '1', '1', '2016-03-28 16:33:12', '0000-00-00 00:00:00');
INSERT INTO `zb_user_message` VALUES ('802', '116', '【消防队】进入待评分流程', '【消防队】已完成提交，进入待评分流程，请及时处理，谢谢！', '1', '1', '2016-03-28 16:33:12', '0000-00-00 00:00:00');
INSERT INTO `zb_user_message` VALUES ('803', '117', '【消防队】进入待评分流程', '【消防队】已完成提交，进入待评分流程，请及时处理，谢谢！', '1', '1', '2016-03-28 16:33:12', '0000-00-00 00:00:00');
INSERT INTO `zb_user_message` VALUES ('804', '115', '【消防队】 开发部 已评分', '【消防队】 开发部 已评分，等待进入合同待上传流程，请知悉，谢谢！<br/>', '1', '1', '2016-03-28 16:33:34', '0000-00-00 00:00:00');
INSERT INTO `zb_user_message` VALUES ('805', '115', '【消防队】 开发部 已评分', '【消防队】 开发部 已评分，等待进入合同待上传流程，请知悉，谢谢！<br/>', '1', '1', '2016-03-28 16:34:03', '0000-00-00 00:00:00');
INSERT INTO `zb_user_message` VALUES ('806', '115', '【消防队】运营部已完成评分', '【消防队】已完成评分，进入合同待上传流程，请及时处理，谢谢！<br/>', '1', '1', '2016-03-28 16:34:27', '0000-00-00 00:00:00');
INSERT INTO `zb_user_message` VALUES ('807', '56', '【消防队】进入合同待审核流程', '【消防队】已完成合同上传，进入合同待审核流程，请及时处理，谢谢！<br/>', '1', '1', '2016-03-28 16:36:43', '0000-00-00 00:00:00');
INSERT INTO `zb_user_message` VALUES ('808', '62', '【消防队】进入合同待审核流程', '【消防队】已完成合同上传，进入合同待审核流程，请及时处理，谢谢！<br/>', '1', '1', '2016-03-28 16:36:43', '0000-00-00 00:00:00');
INSERT INTO `zb_user_message` VALUES ('809', '65', '【消防队】进入合同待审核流程', '【消防队】已完成合同上传，进入合同待审核流程，请及时处理，谢谢！<br/>', '1', '1', '2016-03-28 16:36:43', '0000-00-00 00:00:00');
INSERT INTO `zb_user_message` VALUES ('810', '93', '【消防队】进入合同待审核流程', '【消防队】已完成合同上传，进入合同待审核流程，请及时处理，谢谢！<br/>', '1', '1', '2016-03-28 16:36:43', '0000-00-00 00:00:00');
INSERT INTO `zb_user_message` VALUES ('811', '91', '【消防队】进入产品待审核流程', '【消防队】已完成合同审核，进入产品待审核流程，请及时处理，谢谢！<br/>', '1', '1', '2016-03-28 16:37:44', '0000-00-00 00:00:00');
INSERT INTO `zb_user_message` VALUES ('812', '92', '【消防队】进入产品待审核流程', '【消防队】已完成合同审核，进入产品待审核流程，请及时处理，谢谢！<br/>', '1', '1', '2016-03-28 16:37:44', '0000-00-00 00:00:00');
INSERT INTO `zb_user_message` VALUES ('813', '112', '【消防队】进入产品待审核流程', '【消防队】已完成合同审核，进入产品待审核流程，请及时处理，谢谢！<br/>', '1', '1', '2016-03-28 16:37:44', '0000-00-00 00:00:00');
INSERT INTO `zb_user_message` VALUES ('814', '115', '【消防队】进入产品待审核流程', '【消防队】已完成合同审核，进入产品待审核流程，请及时处理，谢谢！<br/>', '1', '1', '2016-03-28 16:37:44', '0000-00-00 00:00:00');
INSERT INTO `zb_user_message` VALUES ('815', '60', '【清水源】进入待评分流程', '【清水源】已完成提交，进入待评分流程，请及时处理，谢谢！', '1', '1', '2016-03-28 17:04:39', '0000-00-00 00:00:00');
INSERT INTO `zb_user_message` VALUES ('816', '61', '【清水源】进入待评分流程', '【清水源】已完成提交，进入待评分流程，请及时处理，谢谢！', '1', '1', '2016-03-28 17:04:39', '0000-00-00 00:00:00');
INSERT INTO `zb_user_message` VALUES ('817', '63', '【清水源】进入待评分流程', '【清水源】已完成提交，进入待评分流程，请及时处理，谢谢！', '1', '1', '2016-03-28 17:04:39', '0000-00-00 00:00:00');
INSERT INTO `zb_user_message` VALUES ('818', '70', '【清水源】进入待评分流程', '【清水源】已完成提交，进入待评分流程，请及时处理，谢谢！', '1', '1', '2016-03-28 17:04:39', '0000-00-00 00:00:00');
INSERT INTO `zb_user_message` VALUES ('819', '71', '【清水源】进入待评分流程', '【清水源】已完成提交，进入待评分流程，请及时处理，谢谢！', '1', '1', '2016-03-28 17:04:39', '0000-00-00 00:00:00');
INSERT INTO `zb_user_message` VALUES ('820', '74', '【清水源】进入待评分流程', '【清水源】已完成提交，进入待评分流程，请及时处理，谢谢！', '1', '1', '2016-03-28 17:04:39', '0000-00-00 00:00:00');
INSERT INTO `zb_user_message` VALUES ('821', '75', '【清水源】进入待评分流程', '【清水源】已完成提交，进入待评分流程，请及时处理，谢谢！', '1', '1', '2016-03-28 17:04:39', '0000-00-00 00:00:00');
INSERT INTO `zb_user_message` VALUES ('822', '76', '【清水源】进入待评分流程', '【清水源】已完成提交，进入待评分流程，请及时处理，谢谢！', '1', '1', '2016-03-28 17:04:39', '0000-00-00 00:00:00');
INSERT INTO `zb_user_message` VALUES ('823', '83', '【清水源】进入待评分流程', '【清水源】已完成提交，进入待评分流程，请及时处理，谢谢！', '1', '1', '2016-03-28 17:04:39', '0000-00-00 00:00:00');
INSERT INTO `zb_user_message` VALUES ('824', '87', '【清水源】进入待评分流程', '【清水源】已完成提交，进入待评分流程，请及时处理，谢谢！', '1', '1', '2016-03-28 17:04:39', '0000-00-00 00:00:00');
INSERT INTO `zb_user_message` VALUES ('825', '94', '【清水源】进入待评分流程', '【清水源】已完成提交，进入待评分流程，请及时处理，谢谢！', '1', '1', '2016-03-28 17:04:39', '0000-00-00 00:00:00');
INSERT INTO `zb_user_message` VALUES ('826', '96', '【清水源】进入待评分流程', '【清水源】已完成提交，进入待评分流程，请及时处理，谢谢！', '1', '1', '2016-03-28 17:04:39', '0000-00-00 00:00:00');
INSERT INTO `zb_user_message` VALUES ('827', '98', '【清水源】进入待评分流程', '【清水源】已完成提交，进入待评分流程，请及时处理，谢谢！', '1', '1', '2016-03-28 17:04:39', '0000-00-00 00:00:00');
INSERT INTO `zb_user_message` VALUES ('828', '105', '【清水源】进入待评分流程', '【清水源】已完成提交，进入待评分流程，请及时处理，谢谢！', '1', '1', '2016-03-28 17:04:39', '0000-00-00 00:00:00');
INSERT INTO `zb_user_message` VALUES ('829', '108', '【清水源】进入待评分流程', '【清水源】已完成提交，进入待评分流程，请及时处理，谢谢！', '1', '1', '2016-03-28 17:04:39', '0000-00-00 00:00:00');
INSERT INTO `zb_user_message` VALUES ('830', '109', '【清水源】进入待评分流程', '【清水源】已完成提交，进入待评分流程，请及时处理，谢谢！', '1', '1', '2016-03-28 17:04:39', '0000-00-00 00:00:00');
INSERT INTO `zb_user_message` VALUES ('831', '116', '【清水源】进入待评分流程', '【清水源】已完成提交，进入待评分流程，请及时处理，谢谢！', '1', '1', '2016-03-28 17:04:39', '0000-00-00 00:00:00');
INSERT INTO `zb_user_message` VALUES ('832', '117', '【清水源】进入待评分流程', '【清水源】已完成提交，进入待评分流程，请及时处理，谢谢！', '1', '1', '2016-03-28 17:04:39', '0000-00-00 00:00:00');
INSERT INTO `zb_user_message` VALUES ('833', '1', '【清水源】 运营部 已评分', '【清水源】 运营部 已评分，等待进入合同待上传流程，请知悉，谢谢！<br/>', '1', '1', '2016-03-28 17:46:23', '0000-00-00 00:00:00');
INSERT INTO `zb_user_message` VALUES ('834', '1', '【清水源】 运营部 已评分', '【清水源】 运营部 已评分，等待进入合同待上传流程，请知悉，谢谢！<br/>', '1', '1', '2016-03-29 09:35:42', '0000-00-00 00:00:00');
INSERT INTO `zb_user_message` VALUES ('835', '1', '【清水源】财富管理中心已完成评分', '【清水源】已完成评分，进入合同待上传流程，请及时处理，谢谢！<br/>', '1', '1', '2016-03-29 09:37:32', '0000-00-00 00:00:00');
INSERT INTO `zb_user_message` VALUES ('836', '56', '【清水源】进入合同待审核流程', '【清水源】已完成合同上传，进入合同待审核流程，请及时处理，谢谢！<br/>', '1', '1', '2016-03-29 09:48:59', '0000-00-00 00:00:00');
INSERT INTO `zb_user_message` VALUES ('837', '62', '【清水源】进入合同待审核流程', '【清水源】已完成合同上传，进入合同待审核流程，请及时处理，谢谢！<br/>', '1', '1', '2016-03-29 09:48:59', '0000-00-00 00:00:00');
INSERT INTO `zb_user_message` VALUES ('838', '65', '【清水源】进入合同待审核流程', '【清水源】已完成合同上传，进入合同待审核流程，请及时处理，谢谢！<br/>', '1', '1', '2016-03-29 09:48:59', '0000-00-00 00:00:00');
INSERT INTO `zb_user_message` VALUES ('839', '93', '【清水源】进入合同待审核流程', '【清水源】已完成合同上传，进入合同待审核流程，请及时处理，谢谢！<br/>', '1', '1', '2016-03-29 09:48:59', '0000-00-00 00:00:00');
INSERT INTO `zb_user_message` VALUES ('840', '120', '【清水源】进入合同待审核流程', '【清水源】已完成合同上传，进入合同待审核流程，请及时处理，谢谢！<br/>', '1', '1', '2016-03-29 09:48:59', '0000-00-00 00:00:00');
INSERT INTO `zb_user_message` VALUES ('841', '91', '【清水源】进入产品待审核流程', '【清水源】已完成合同审核，进入产品待审核流程，请及时处理，谢谢！<br/>', '1', '1', '2016-03-29 13:43:12', '0000-00-00 00:00:00');
INSERT INTO `zb_user_message` VALUES ('842', '92', '【清水源】进入产品待审核流程', '【清水源】已完成合同审核，进入产品待审核流程，请及时处理，谢谢！<br/>', '1', '1', '2016-03-29 13:43:12', '0000-00-00 00:00:00');
INSERT INTO `zb_user_message` VALUES ('843', '112', '【清水源】进入产品待审核流程', '【清水源】已完成合同审核，进入产品待审核流程，请及时处理，谢谢！<br/>', '1', '1', '2016-03-29 13:43:12', '0000-00-00 00:00:00');
INSERT INTO `zb_user_message` VALUES ('844', '1', '【清水源】进入产品待审核流程', '【清水源】已完成合同审核，进入产品待审核流程，请及时处理，谢谢！<br/>', '1', '1', '2016-03-29 13:43:12', '0000-00-00 00:00:00');
INSERT INTO `zb_user_message` VALUES ('845', '1', '【清水源】进入产品销售中流程', '【清水源】已完成产品审核，进入产品销售中流程，请知悉！<br/>', '1', '1', '2016-03-29 14:26:18', '0000-00-00 00:00:00');
INSERT INTO `zb_user_message` VALUES ('846', '61', '【清水源】进入产品销售中流程', '【清水源】已完成产品审核，进入产品销售中流程，请及时处理，谢谢！<br/>', '1', '1', '2016-03-29 14:26:18', '0000-00-00 00:00:00');
INSERT INTO `zb_user_message` VALUES ('847', '71', '【清水源】进入产品销售中流程', '【清水源】已完成产品审核，进入产品销售中流程，请及时处理，谢谢！<br/>', '1', '1', '2016-03-29 14:26:18', '0000-00-00 00:00:00');
INSERT INTO `zb_user_message` VALUES ('848', '75', '【清水源】进入产品销售中流程', '【清水源】已完成产品审核，进入产品销售中流程，请及时处理，谢谢！<br/>', '1', '1', '2016-03-29 14:26:18', '0000-00-00 00:00:00');
INSERT INTO `zb_user_message` VALUES ('849', '96', '【清水源】进入产品销售中流程', '【清水源】已完成产品审核，进入产品销售中流程，请及时处理，谢谢！<br/>', '1', '1', '2016-03-29 14:26:18', '0000-00-00 00:00:00');
INSERT INTO `zb_user_message` VALUES ('850', '117', '【清水源】进入产品销售中流程', '【清水源】已完成产品审核，进入产品销售中流程，请及时处理，谢谢！<br/>', '1', '1', '2016-03-29 14:26:18', '0000-00-00 00:00:00');
INSERT INTO `zb_user_message` VALUES ('851', '60', '【清水源】完成费率方案编辑', '【清水源】已完成费率方案编辑，请及时处理，谢谢！', '1', '1', '2016-03-29 14:30:51', '0000-00-00 00:00:00');
INSERT INTO `zb_user_message` VALUES ('852', '64', '【清水源】完成费率方案编辑', '【清水源】已完成费率方案编辑，请及时处理，谢谢！', '1', '1', '2016-03-29 14:30:51', '0000-00-00 00:00:00');
INSERT INTO `zb_user_message` VALUES ('853', '70', '【清水源】完成费率方案编辑', '【清水源】已完成费率方案编辑，请及时处理，谢谢！', '1', '1', '2016-03-29 14:30:51', '0000-00-00 00:00:00');
INSERT INTO `zb_user_message` VALUES ('854', '74', '【清水源】完成费率方案编辑', '【清水源】已完成费率方案编辑，请及时处理，谢谢！', '1', '1', '2016-03-29 14:30:51', '0000-00-00 00:00:00');
INSERT INTO `zb_user_message` VALUES ('855', '83', '【清水源】完成费率方案编辑', '【清水源】已完成费率方案编辑，请及时处理，谢谢！', '1', '1', '2016-03-29 14:30:51', '0000-00-00 00:00:00');
INSERT INTO `zb_user_message` VALUES ('856', '85', '【清水源】完成费率方案编辑', '【清水源】已完成费率方案编辑，请及时处理，谢谢！', '1', '1', '2016-03-29 14:30:51', '0000-00-00 00:00:00');
INSERT INTO `zb_user_message` VALUES ('857', '87', '【清水源】完成费率方案编辑', '【清水源】已完成费率方案编辑，请及时处理，谢谢！', '1', '1', '2016-03-29 14:30:51', '0000-00-00 00:00:00');
INSERT INTO `zb_user_message` VALUES ('858', '91', '【清水源】完成费率方案编辑', '【清水源】已完成费率方案编辑，请及时处理，谢谢！', '1', '1', '2016-03-29 14:30:51', '0000-00-00 00:00:00');
INSERT INTO `zb_user_message` VALUES ('859', '92', '【清水源】完成费率方案编辑', '【清水源】已完成费率方案编辑，请及时处理，谢谢！', '1', '1', '2016-03-29 14:30:51', '0000-00-00 00:00:00');
INSERT INTO `zb_user_message` VALUES ('860', '94', '【清水源】完成费率方案编辑', '【清水源】已完成费率方案编辑，请及时处理，谢谢！', '1', '1', '2016-03-29 14:30:51', '0000-00-00 00:00:00');
INSERT INTO `zb_user_message` VALUES ('861', '100', '【清水源】完成费率方案编辑', '【清水源】已完成费率方案编辑，请及时处理，谢谢！', '1', '1', '2016-03-29 14:30:51', '0000-00-00 00:00:00');
INSERT INTO `zb_user_message` VALUES ('862', '105', '【清水源】完成费率方案编辑', '【清水源】已完成费率方案编辑，请及时处理，谢谢！', '1', '1', '2016-03-29 14:30:51', '0000-00-00 00:00:00');
INSERT INTO `zb_user_message` VALUES ('863', '108', '【清水源】完成费率方案编辑', '【清水源】已完成费率方案编辑，请及时处理，谢谢！', '1', '1', '2016-03-29 14:30:51', '0000-00-00 00:00:00');
INSERT INTO `zb_user_message` VALUES ('864', '109', '【清水源】完成费率方案编辑', '【清水源】已完成费率方案编辑，请及时处理，谢谢！', '1', '1', '2016-03-29 14:30:51', '0000-00-00 00:00:00');
INSERT INTO `zb_user_message` VALUES ('865', '112', '【清水源】完成费率方案编辑', '【清水源】已完成费率方案编辑，请及时处理，谢谢！', '1', '1', '2016-03-29 14:30:51', '0000-00-00 00:00:00');
INSERT INTO `zb_user_message` VALUES ('866', '116', '【清水源】完成费率方案编辑', '【清水源】已完成费率方案编辑，请及时处理，谢谢！', '1', '1', '2016-03-29 14:30:51', '0000-00-00 00:00:00');
INSERT INTO `zb_user_message` VALUES ('867', '119', '【清水源】完成费率方案编辑', '【清水源】已完成费率方案编辑，请及时处理，谢谢！', '1', '1', '2016-03-29 14:30:51', '0000-00-00 00:00:00');
INSERT INTO `zb_user_message` VALUES ('868', '115', '【消防队】进入产品销售中流程', '【消防队】已完成产品审核，进入产品销售中流程，请知悉！<br/>', '1', '1', '2016-03-29 15:27:58', '0000-00-00 00:00:00');
INSERT INTO `zb_user_message` VALUES ('869', '61', '【消防队】进入产品销售中流程', '【消防队】已完成产品审核，进入产品销售中流程，请及时处理，谢谢！<br/>', '1', '1', '2016-03-29 15:27:58', '0000-00-00 00:00:00');
INSERT INTO `zb_user_message` VALUES ('870', '71', '【消防队】进入产品销售中流程', '【消防队】已完成产品审核，进入产品销售中流程，请及时处理，谢谢！<br/>', '1', '1', '2016-03-29 15:27:58', '0000-00-00 00:00:00');
INSERT INTO `zb_user_message` VALUES ('871', '75', '【消防队】进入产品销售中流程', '【消防队】已完成产品审核，进入产品销售中流程，请及时处理，谢谢！<br/>', '1', '1', '2016-03-29 15:27:58', '0000-00-00 00:00:00');
INSERT INTO `zb_user_message` VALUES ('872', '96', '【消防队】进入产品销售中流程', '【消防队】已完成产品审核，进入产品销售中流程，请及时处理，谢谢！<br/>', '1', '1', '2016-03-29 15:27:58', '0000-00-00 00:00:00');
INSERT INTO `zb_user_message` VALUES ('873', '117', '【消防队】进入产品销售中流程', '【消防队】已完成产品审核，进入产品销售中流程，请及时处理，谢谢！<br/>', '1', '1', '2016-03-29 15:27:58', '0000-00-00 00:00:00');
INSERT INTO `zb_user_message` VALUES ('874', '1', '【清水】 开发部 已评分', '【清水】 开发部 已评分，等待进入合同待上传流程，请知悉，谢谢！<br/>', '1', '1', '2016-03-29 15:56:50', '0000-00-00 00:00:00');
INSERT INTO `zb_user_message` VALUES ('875', '115', '【车贷信行】 开发部 已评分', '【车贷信行】 开发部 已评分，等待进入合同待上传流程，请知悉，谢谢！<br/>', '1', '1', '2016-03-29 16:24:25', '0000-00-00 00:00:00');
INSERT INTO `zb_user_message` VALUES ('876', '95', '【瀚华】被退回', '【瀚华】在产品审核环节被退回，请及时处理，谢谢！<br/>退回理由：ccccc退回', '1', '1', '2016-03-29 16:31:42', '0000-00-00 00:00:00');
INSERT INTO `zb_user_message` VALUES ('877', '1', '【电饭锅】 开发部 已评分', '【电饭锅】 开发部 已评分，等待进入合同待上传流程，请知悉，谢谢！<br/>', '1', '1', '2016-03-29 16:40:23', '0000-00-00 00:00:00');
INSERT INTO `zb_user_message` VALUES ('878', '95', '【新能源】被终止', '【新能源】在产品审核环节被终止，请知悉，谢谢！<br/>终止理由：马上', '1', '1', '2016-03-29 16:51:40', '0000-00-00 00:00:00');
INSERT INTO `zb_user_message` VALUES ('879', '95', '【新能源】被退回', '【新能源】在产品审核环节被退回，请及时处理，谢谢！<br/>退回理由：送到', '1', '1', '2016-03-29 16:57:14', '0000-00-00 00:00:00');
INSERT INTO `zb_user_message` VALUES ('880', '60', '【清水源】费率方案被开发部退回', '【清水源】费率方案被开发部退回，请及时处理，谢谢！<br/>', '1', '1', '2016-03-29 16:58:30', '0000-00-00 00:00:00');
INSERT INTO `zb_user_message` VALUES ('881', '64', '【清水源】费率方案被开发部退回', '【清水源】费率方案被开发部退回，请及时处理，谢谢！<br/>', '1', '1', '2016-03-29 16:58:30', '0000-00-00 00:00:00');
INSERT INTO `zb_user_message` VALUES ('882', '70', '【清水源】费率方案被开发部退回', '【清水源】费率方案被开发部退回，请及时处理，谢谢！<br/>', '1', '1', '2016-03-29 16:58:30', '0000-00-00 00:00:00');
INSERT INTO `zb_user_message` VALUES ('883', '74', '【清水源】费率方案被开发部退回', '【清水源】费率方案被开发部退回，请及时处理，谢谢！<br/>', '1', '1', '2016-03-29 16:58:30', '0000-00-00 00:00:00');
INSERT INTO `zb_user_message` VALUES ('884', '83', '【清水源】费率方案被开发部退回', '【清水源】费率方案被开发部退回，请及时处理，谢谢！<br/>', '1', '1', '2016-03-29 16:58:30', '0000-00-00 00:00:00');
INSERT INTO `zb_user_message` VALUES ('885', '85', '【清水源】费率方案被开发部退回', '【清水源】费率方案被开发部退回，请及时处理，谢谢！<br/>', '1', '1', '2016-03-29 16:58:30', '0000-00-00 00:00:00');
INSERT INTO `zb_user_message` VALUES ('886', '87', '【清水源】费率方案被开发部退回', '【清水源】费率方案被开发部退回，请及时处理，谢谢！<br/>', '1', '1', '2016-03-29 16:58:30', '0000-00-00 00:00:00');
INSERT INTO `zb_user_message` VALUES ('887', '91', '【清水源】费率方案被开发部退回', '【清水源】费率方案被开发部退回，请及时处理，谢谢！<br/>', '1', '1', '2016-03-29 16:58:30', '0000-00-00 00:00:00');
INSERT INTO `zb_user_message` VALUES ('888', '92', '【清水源】费率方案被开发部退回', '【清水源】费率方案被开发部退回，请及时处理，谢谢！<br/>', '1', '1', '2016-03-29 16:58:30', '0000-00-00 00:00:00');
INSERT INTO `zb_user_message` VALUES ('889', '94', '【清水源】费率方案被开发部退回', '【清水源】费率方案被开发部退回，请及时处理，谢谢！<br/>', '1', '1', '2016-03-29 16:58:30', '0000-00-00 00:00:00');
INSERT INTO `zb_user_message` VALUES ('890', '100', '【清水源】费率方案被开发部退回', '【清水源】费率方案被开发部退回，请及时处理，谢谢！<br/>', '1', '1', '2016-03-29 16:58:30', '0000-00-00 00:00:00');
INSERT INTO `zb_user_message` VALUES ('891', '105', '【清水源】费率方案被开发部退回', '【清水源】费率方案被开发部退回，请及时处理，谢谢！<br/>', '1', '1', '2016-03-29 16:58:30', '0000-00-00 00:00:00');
INSERT INTO `zb_user_message` VALUES ('892', '108', '【清水源】费率方案被开发部退回', '【清水源】费率方案被开发部退回，请及时处理，谢谢！<br/>', '1', '1', '2016-03-29 16:58:30', '0000-00-00 00:00:00');
INSERT INTO `zb_user_message` VALUES ('893', '109', '【清水源】费率方案被开发部退回', '【清水源】费率方案被开发部退回，请及时处理，谢谢！<br/>', '1', '1', '2016-03-29 16:58:30', '0000-00-00 00:00:00');
INSERT INTO `zb_user_message` VALUES ('894', '112', '【清水源】费率方案被开发部退回', '【清水源】费率方案被开发部退回，请及时处理，谢谢！<br/>', '1', '1', '2016-03-29 16:58:30', '0000-00-00 00:00:00');
INSERT INTO `zb_user_message` VALUES ('895', '116', '【清水源】费率方案被开发部退回', '【清水源】费率方案被开发部退回，请及时处理，谢谢！<br/>', '1', '1', '2016-03-29 16:58:30', '0000-00-00 00:00:00');
INSERT INTO `zb_user_message` VALUES ('896', '119', '【清水源】费率方案被开发部退回', '【清水源】费率方案被开发部退回，请及时处理，谢谢！<br/>', '1', '1', '2016-03-29 16:58:30', '0000-00-00 00:00:00');
INSERT INTO `zb_user_message` VALUES ('897', '1', '【电饭锅】 开发部 已评分', '【电饭锅】 开发部 已评分，等待进入合同待上传流程，请知悉，谢谢！<br/>', '1', '1', '2016-03-29 16:57:52', '0000-00-00 00:00:00');
INSERT INTO `zb_user_message` VALUES ('898', '60', '【啤酒】费率方案被开发部退回', '【啤酒】费率方案被开发部退回，请及时处理，谢谢！<br/>', '1', '1', '2016-03-29 17:02:04', '0000-00-00 00:00:00');
INSERT INTO `zb_user_message` VALUES ('899', '64', '【啤酒】费率方案被开发部退回', '【啤酒】费率方案被开发部退回，请及时处理，谢谢！<br/>', '1', '1', '2016-03-29 17:02:04', '0000-00-00 00:00:00');
INSERT INTO `zb_user_message` VALUES ('900', '70', '【啤酒】费率方案被开发部退回', '【啤酒】费率方案被开发部退回，请及时处理，谢谢！<br/>', '1', '1', '2016-03-29 17:02:04', '0000-00-00 00:00:00');
INSERT INTO `zb_user_message` VALUES ('901', '74', '【啤酒】费率方案被开发部退回', '【啤酒】费率方案被开发部退回，请及时处理，谢谢！<br/>', '1', '1', '2016-03-29 17:02:04', '0000-00-00 00:00:00');
INSERT INTO `zb_user_message` VALUES ('902', '83', '【啤酒】费率方案被开发部退回', '【啤酒】费率方案被开发部退回，请及时处理，谢谢！<br/>', '1', '1', '2016-03-29 17:02:04', '0000-00-00 00:00:00');
INSERT INTO `zb_user_message` VALUES ('903', '85', '【啤酒】费率方案被开发部退回', '【啤酒】费率方案被开发部退回，请及时处理，谢谢！<br/>', '1', '1', '2016-03-29 17:02:04', '0000-00-00 00:00:00');
INSERT INTO `zb_user_message` VALUES ('904', '87', '【啤酒】费率方案被开发部退回', '【啤酒】费率方案被开发部退回，请及时处理，谢谢！<br/>', '1', '1', '2016-03-29 17:02:04', '0000-00-00 00:00:00');
INSERT INTO `zb_user_message` VALUES ('905', '91', '【啤酒】费率方案被开发部退回', '【啤酒】费率方案被开发部退回，请及时处理，谢谢！<br/>', '1', '1', '2016-03-29 17:02:04', '0000-00-00 00:00:00');
INSERT INTO `zb_user_message` VALUES ('906', '92', '【啤酒】费率方案被开发部退回', '【啤酒】费率方案被开发部退回，请及时处理，谢谢！<br/>', '1', '1', '2016-03-29 17:02:04', '0000-00-00 00:00:00');
INSERT INTO `zb_user_message` VALUES ('907', '94', '【啤酒】费率方案被开发部退回', '【啤酒】费率方案被开发部退回，请及时处理，谢谢！<br/>', '1', '1', '2016-03-29 17:02:04', '0000-00-00 00:00:00');
INSERT INTO `zb_user_message` VALUES ('908', '100', '【啤酒】费率方案被开发部退回', '【啤酒】费率方案被开发部退回，请及时处理，谢谢！<br/>', '1', '1', '2016-03-29 17:02:04', '0000-00-00 00:00:00');
INSERT INTO `zb_user_message` VALUES ('909', '105', '【啤酒】费率方案被开发部退回', '【啤酒】费率方案被开发部退回，请及时处理，谢谢！<br/>', '1', '1', '2016-03-29 17:02:04', '0000-00-00 00:00:00');
INSERT INTO `zb_user_message` VALUES ('910', '108', '【啤酒】费率方案被开发部退回', '【啤酒】费率方案被开发部退回，请及时处理，谢谢！<br/>', '1', '1', '2016-03-29 17:02:04', '0000-00-00 00:00:00');
INSERT INTO `zb_user_message` VALUES ('911', '109', '【啤酒】费率方案被开发部退回', '【啤酒】费率方案被开发部退回，请及时处理，谢谢！<br/>', '1', '1', '2016-03-29 17:02:04', '0000-00-00 00:00:00');
INSERT INTO `zb_user_message` VALUES ('912', '112', '【啤酒】费率方案被开发部退回', '【啤酒】费率方案被开发部退回，请及时处理，谢谢！<br/>', '1', '1', '2016-03-29 17:02:04', '0000-00-00 00:00:00');
INSERT INTO `zb_user_message` VALUES ('913', '116', '【啤酒】费率方案被开发部退回', '【啤酒】费率方案被开发部退回，请及时处理，谢谢！<br/>', '1', '1', '2016-03-29 17:02:04', '0000-00-00 00:00:00');
INSERT INTO `zb_user_message` VALUES ('914', '119', '【啤酒】费率方案被开发部退回', '【啤酒】费率方案被开发部退回，请及时处理，谢谢！<br/>', '1', '1', '2016-03-29 17:02:04', '0000-00-00 00:00:00');
INSERT INTO `zb_user_message` VALUES ('915', '115', '【车贷信行】 开发部 已评分', '【车贷信行】 开发部 已评分，等待进入合同待上传流程，请知悉，谢谢！<br/>', '1', '1', '2016-03-29 17:33:27', '0000-00-00 00:00:00');
INSERT INTO `zb_user_message` VALUES ('916', '1', '【电饭锅】 开发部 已评分', '【电饭锅】 开发部 已评分，等待进入合同待上传流程，请知悉，谢谢！<br/>', '1', '1', '2016-03-29 17:35:42', '0000-00-00 00:00:00');
INSERT INTO `zb_user_message` VALUES ('917', '1', '【ASDFD111111111】 开发部 已评分', '【ASDFD111111111】 开发部 已评分，等待进入合同待上传流程，请知悉，谢谢！<br/>', '1', '1', '2016-03-29 17:44:40', '0000-00-00 00:00:00');
INSERT INTO `zb_user_message` VALUES ('918', '1', '【法撒旦是】 开发部 已评分', '【法撒旦是】 开发部 已评分，等待进入合同待上传流程，请知悉，谢谢！<br/>', '1', '1', '2016-03-29 17:45:20', '0000-00-00 00:00:00');
INSERT INTO `zb_user_message` VALUES ('919', '1', '【电饭锅】 运营部 已评分', '【电饭锅】 运营部 已评分，等待进入合同待上传流程，请知悉，谢谢！<br/>', '1', '2', '2016-03-29 17:55:09', '2016-03-30 09:03:54');
INSERT INTO `zb_user_message` VALUES ('920', '1', '【电饭锅】 开发部 已评分', '【电饭锅】 开发部 已评分，等待进入合同待上传流程，请知悉，谢谢！<br/>', '1', '1', '2016-03-30 09:40:43', '0000-00-00 00:00:00');
INSERT INTO `zb_user_message` VALUES ('921', '60', '【消防队】完成费率方案编辑', '【消防队】已完成费率方案编辑，请及时处理，谢谢！', '1', '1', '2016-03-30 10:58:17', '0000-00-00 00:00:00');
INSERT INTO `zb_user_message` VALUES ('922', '64', '【消防队】完成费率方案编辑', '【消防队】已完成费率方案编辑，请及时处理，谢谢！', '1', '1', '2016-03-30 10:58:17', '0000-00-00 00:00:00');
INSERT INTO `zb_user_message` VALUES ('923', '70', '【消防队】完成费率方案编辑', '【消防队】已完成费率方案编辑，请及时处理，谢谢！', '1', '1', '2016-03-30 10:58:17', '0000-00-00 00:00:00');
INSERT INTO `zb_user_message` VALUES ('924', '74', '【消防队】完成费率方案编辑', '【消防队】已完成费率方案编辑，请及时处理，谢谢！', '1', '1', '2016-03-30 10:58:17', '0000-00-00 00:00:00');
INSERT INTO `zb_user_message` VALUES ('925', '83', '【消防队】完成费率方案编辑', '【消防队】已完成费率方案编辑，请及时处理，谢谢！', '1', '1', '2016-03-30 10:58:17', '0000-00-00 00:00:00');
INSERT INTO `zb_user_message` VALUES ('926', '85', '【消防队】完成费率方案编辑', '【消防队】已完成费率方案编辑，请及时处理，谢谢！', '1', '1', '2016-03-30 10:58:17', '0000-00-00 00:00:00');
INSERT INTO `zb_user_message` VALUES ('927', '87', '【消防队】完成费率方案编辑', '【消防队】已完成费率方案编辑，请及时处理，谢谢！', '1', '1', '2016-03-30 10:58:17', '0000-00-00 00:00:00');
INSERT INTO `zb_user_message` VALUES ('928', '91', '【消防队】完成费率方案编辑', '【消防队】已完成费率方案编辑，请及时处理，谢谢！', '1', '1', '2016-03-30 10:58:17', '0000-00-00 00:00:00');
INSERT INTO `zb_user_message` VALUES ('929', '92', '【消防队】完成费率方案编辑', '【消防队】已完成费率方案编辑，请及时处理，谢谢！', '1', '1', '2016-03-30 10:58:17', '0000-00-00 00:00:00');
INSERT INTO `zb_user_message` VALUES ('930', '94', '【消防队】完成费率方案编辑', '【消防队】已完成费率方案编辑，请及时处理，谢谢！', '1', '1', '2016-03-30 10:58:17', '0000-00-00 00:00:00');
INSERT INTO `zb_user_message` VALUES ('931', '100', '【消防队】完成费率方案编辑', '【消防队】已完成费率方案编辑，请及时处理，谢谢！', '1', '1', '2016-03-30 10:58:17', '0000-00-00 00:00:00');
INSERT INTO `zb_user_message` VALUES ('932', '105', '【消防队】完成费率方案编辑', '【消防队】已完成费率方案编辑，请及时处理，谢谢！', '1', '1', '2016-03-30 10:58:17', '0000-00-00 00:00:00');
INSERT INTO `zb_user_message` VALUES ('933', '108', '【消防队】完成费率方案编辑', '【消防队】已完成费率方案编辑，请及时处理，谢谢！', '1', '1', '2016-03-30 10:58:17', '0000-00-00 00:00:00');
INSERT INTO `zb_user_message` VALUES ('934', '109', '【消防队】完成费率方案编辑', '【消防队】已完成费率方案编辑，请及时处理，谢谢！', '1', '1', '2016-03-30 10:58:17', '0000-00-00 00:00:00');
INSERT INTO `zb_user_message` VALUES ('935', '112', '【消防队】完成费率方案编辑', '【消防队】已完成费率方案编辑，请及时处理，谢谢！', '1', '1', '2016-03-30 10:58:17', '0000-00-00 00:00:00');
INSERT INTO `zb_user_message` VALUES ('936', '116', '【消防队】完成费率方案编辑', '【消防队】已完成费率方案编辑，请及时处理，谢谢！', '1', '1', '2016-03-30 10:58:17', '0000-00-00 00:00:00');
INSERT INTO `zb_user_message` VALUES ('937', '119', '【消防队】完成费率方案编辑', '【消防队】已完成费率方案编辑，请及时处理，谢谢！', '1', '1', '2016-03-30 10:58:17', '0000-00-00 00:00:00');
INSERT INTO `zb_user_message` VALUES ('938', '60', '【消防队】通过费率方案', '【消防队】通过费率方案，请知悉，谢谢！', '1', '1', '2016-03-30 13:46:44', '0000-00-00 00:00:00');
INSERT INTO `zb_user_message` VALUES ('939', '64', '【消防队】通过费率方案', '【消防队】通过费率方案，请知悉，谢谢！', '1', '1', '2016-03-30 13:46:44', '0000-00-00 00:00:00');
INSERT INTO `zb_user_message` VALUES ('940', '70', '【消防队】通过费率方案', '【消防队】通过费率方案，请知悉，谢谢！', '1', '1', '2016-03-30 13:46:44', '0000-00-00 00:00:00');
INSERT INTO `zb_user_message` VALUES ('941', '74', '【消防队】通过费率方案', '【消防队】通过费率方案，请知悉，谢谢！', '1', '1', '2016-03-30 13:46:44', '0000-00-00 00:00:00');
INSERT INTO `zb_user_message` VALUES ('942', '83', '【消防队】通过费率方案', '【消防队】通过费率方案，请知悉，谢谢！', '1', '1', '2016-03-30 13:46:44', '0000-00-00 00:00:00');
INSERT INTO `zb_user_message` VALUES ('943', '85', '【消防队】通过费率方案', '【消防队】通过费率方案，请知悉，谢谢！', '1', '1', '2016-03-30 13:46:44', '0000-00-00 00:00:00');
INSERT INTO `zb_user_message` VALUES ('944', '87', '【消防队】通过费率方案', '【消防队】通过费率方案，请知悉，谢谢！', '1', '1', '2016-03-30 13:46:44', '0000-00-00 00:00:00');
INSERT INTO `zb_user_message` VALUES ('945', '91', '【消防队】通过费率方案', '【消防队】通过费率方案，请知悉，谢谢！', '1', '1', '2016-03-30 13:46:44', '0000-00-00 00:00:00');
INSERT INTO `zb_user_message` VALUES ('946', '92', '【消防队】通过费率方案', '【消防队】通过费率方案，请知悉，谢谢！', '1', '1', '2016-03-30 13:46:44', '0000-00-00 00:00:00');
INSERT INTO `zb_user_message` VALUES ('947', '94', '【消防队】通过费率方案', '【消防队】通过费率方案，请知悉，谢谢！', '1', '1', '2016-03-30 13:46:44', '0000-00-00 00:00:00');
INSERT INTO `zb_user_message` VALUES ('948', '100', '【消防队】通过费率方案', '【消防队】通过费率方案，请知悉，谢谢！', '1', '1', '2016-03-30 13:46:44', '0000-00-00 00:00:00');
INSERT INTO `zb_user_message` VALUES ('949', '105', '【消防队】通过费率方案', '【消防队】通过费率方案，请知悉，谢谢！', '1', '1', '2016-03-30 13:46:44', '0000-00-00 00:00:00');
INSERT INTO `zb_user_message` VALUES ('950', '108', '【消防队】通过费率方案', '【消防队】通过费率方案，请知悉，谢谢！', '1', '1', '2016-03-30 13:46:44', '0000-00-00 00:00:00');
INSERT INTO `zb_user_message` VALUES ('951', '109', '【消防队】通过费率方案', '【消防队】通过费率方案，请知悉，谢谢！', '1', '1', '2016-03-30 13:46:44', '0000-00-00 00:00:00');
INSERT INTO `zb_user_message` VALUES ('952', '112', '【消防队】通过费率方案', '【消防队】通过费率方案，请知悉，谢谢！', '1', '1', '2016-03-30 13:46:44', '0000-00-00 00:00:00');
INSERT INTO `zb_user_message` VALUES ('953', '116', '【消防队】通过费率方案', '【消防队】通过费率方案，请知悉，谢谢！', '1', '1', '2016-03-30 13:46:44', '0000-00-00 00:00:00');
INSERT INTO `zb_user_message` VALUES ('954', '119', '【消防队】通过费率方案', '【消防队】通过费率方案，请知悉，谢谢！', '1', '1', '2016-03-30 13:46:44', '0000-00-00 00:00:00');
INSERT INTO `zb_user_message` VALUES ('955', '115', '【车贷信行】 开发部 已评分', '【车贷信行】 开发部 已评分，等待进入合同待上传流程，请知悉，谢谢！<br/>', '1', '1', '2016-03-30 13:49:31', '0000-00-00 00:00:00');
INSERT INTO `zb_user_message` VALUES ('956', '60', '【外贸信托】进入待评分流程', '【外贸信托】已完成提交，进入待评分流程，请及时处理，谢谢！', '1', '1', '2016-03-30 14:32:42', '0000-00-00 00:00:00');
INSERT INTO `zb_user_message` VALUES ('957', '61', '【外贸信托】进入待评分流程', '【外贸信托】已完成提交，进入待评分流程，请及时处理，谢谢！', '1', '1', '2016-03-30 14:32:42', '0000-00-00 00:00:00');
INSERT INTO `zb_user_message` VALUES ('958', '63', '【外贸信托】进入待评分流程', '【外贸信托】已完成提交，进入待评分流程，请及时处理，谢谢！', '1', '1', '2016-03-30 14:32:42', '0000-00-00 00:00:00');
INSERT INTO `zb_user_message` VALUES ('959', '70', '【外贸信托】进入待评分流程', '【外贸信托】已完成提交，进入待评分流程，请及时处理，谢谢！', '1', '1', '2016-03-30 14:32:42', '0000-00-00 00:00:00');
INSERT INTO `zb_user_message` VALUES ('960', '71', '【外贸信托】进入待评分流程', '【外贸信托】已完成提交，进入待评分流程，请及时处理，谢谢！', '1', '1', '2016-03-30 14:32:42', '0000-00-00 00:00:00');
INSERT INTO `zb_user_message` VALUES ('961', '74', '【外贸信托】进入待评分流程', '【外贸信托】已完成提交，进入待评分流程，请及时处理，谢谢！', '1', '1', '2016-03-30 14:32:42', '0000-00-00 00:00:00');
INSERT INTO `zb_user_message` VALUES ('962', '75', '【外贸信托】进入待评分流程', '【外贸信托】已完成提交，进入待评分流程，请及时处理，谢谢！', '1', '1', '2016-03-30 14:32:42', '0000-00-00 00:00:00');
INSERT INTO `zb_user_message` VALUES ('963', '76', '【外贸信托】进入待评分流程', '【外贸信托】已完成提交，进入待评分流程，请及时处理，谢谢！', '1', '1', '2016-03-30 14:32:42', '0000-00-00 00:00:00');
INSERT INTO `zb_user_message` VALUES ('964', '83', '【外贸信托】进入待评分流程', '【外贸信托】已完成提交，进入待评分流程，请及时处理，谢谢！', '1', '1', '2016-03-30 14:32:42', '0000-00-00 00:00:00');
INSERT INTO `zb_user_message` VALUES ('965', '87', '【外贸信托】进入待评分流程', '【外贸信托】已完成提交，进入待评分流程，请及时处理，谢谢！', '1', '1', '2016-03-30 14:32:42', '0000-00-00 00:00:00');
INSERT INTO `zb_user_message` VALUES ('966', '94', '【外贸信托】进入待评分流程', '【外贸信托】已完成提交，进入待评分流程，请及时处理，谢谢！', '1', '1', '2016-03-30 14:32:42', '0000-00-00 00:00:00');
INSERT INTO `zb_user_message` VALUES ('967', '96', '【外贸信托】进入待评分流程', '【外贸信托】已完成提交，进入待评分流程，请及时处理，谢谢！', '1', '1', '2016-03-30 14:32:42', '0000-00-00 00:00:00');
INSERT INTO `zb_user_message` VALUES ('968', '98', '【外贸信托】进入待评分流程', '【外贸信托】已完成提交，进入待评分流程，请及时处理，谢谢！', '1', '1', '2016-03-30 14:32:42', '0000-00-00 00:00:00');
INSERT INTO `zb_user_message` VALUES ('969', '105', '【外贸信托】进入待评分流程', '【外贸信托】已完成提交，进入待评分流程，请及时处理，谢谢！', '1', '1', '2016-03-30 14:32:42', '0000-00-00 00:00:00');
INSERT INTO `zb_user_message` VALUES ('970', '108', '【外贸信托】进入待评分流程', '【外贸信托】已完成提交，进入待评分流程，请及时处理，谢谢！', '1', '1', '2016-03-30 14:32:42', '0000-00-00 00:00:00');
INSERT INTO `zb_user_message` VALUES ('971', '109', '【外贸信托】进入待评分流程', '【外贸信托】已完成提交，进入待评分流程，请及时处理，谢谢！', '1', '1', '2016-03-30 14:32:42', '0000-00-00 00:00:00');
INSERT INTO `zb_user_message` VALUES ('972', '116', '【外贸信托】进入待评分流程', '【外贸信托】已完成提交，进入待评分流程，请及时处理，谢谢！', '1', '1', '2016-03-30 14:32:42', '0000-00-00 00:00:00');
INSERT INTO `zb_user_message` VALUES ('973', '117', '【外贸信托】进入待评分流程', '【外贸信托】已完成提交，进入待评分流程，请及时处理，谢谢！', '1', '1', '2016-03-30 14:32:42', '0000-00-00 00:00:00');
INSERT INTO `zb_user_message` VALUES ('974', '120', '【外贸信托】进入待评分流程', '【外贸信托】已完成提交，进入待评分流程，请及时处理，谢谢！', '1', '1', '2016-03-30 14:32:42', '0000-00-00 00:00:00');
INSERT INTO `zb_user_message` VALUES ('975', '1', '【外贸信托】 开发部 已评分', '【外贸信托】 开发部 已评分，等待进入合同待上传流程，请知悉，谢谢！<br/>', '1', '1', '2016-03-30 16:31:45', '0000-00-00 00:00:00');
INSERT INTO `zb_user_message` VALUES ('976', '1', '【外贸信托】 运营部 已评分', '【外贸信托】 运营部 已评分，等待进入合同待上传流程，请知悉，谢谢！<br/>', '1', '1', '2016-03-30 16:38:51', '0000-00-00 00:00:00');
INSERT INTO `zb_user_message` VALUES ('977', '1', '【外贸信托】财富管理中心已完成评分', '【外贸信托】已完成评分，进入合同待上传流程，请及时处理，谢谢！<br/>', '1', '2', '2016-03-30 16:40:02', '2016-12-14 15:05:56');
INSERT INTO `zb_user_message` VALUES ('978', '56', '【外贸信托】进入合同待审核流程', '【外贸信托】已完成合同上传，进入合同待审核流程，请及时处理，谢谢！<br/>', '1', '1', '2016-03-30 17:00:24', '0000-00-00 00:00:00');
INSERT INTO `zb_user_message` VALUES ('979', '62', '【外贸信托】进入合同待审核流程', '【外贸信托】已完成合同上传，进入合同待审核流程，请及时处理，谢谢！<br/>', '1', '1', '2016-03-30 17:00:24', '0000-00-00 00:00:00');
INSERT INTO `zb_user_message` VALUES ('980', '65', '【外贸信托】进入合同待审核流程', '【外贸信托】已完成合同上传，进入合同待审核流程，请及时处理，谢谢！<br/>', '1', '1', '2016-03-30 17:00:24', '0000-00-00 00:00:00');
INSERT INTO `zb_user_message` VALUES ('981', '93', '【外贸信托】进入合同待审核流程', '【外贸信托】已完成合同上传，进入合同待审核流程，请及时处理，谢谢！<br/>', '1', '1', '2016-03-30 17:00:24', '0000-00-00 00:00:00');
INSERT INTO `zb_user_message` VALUES ('982', '91', '【外贸信托】进入产品待审核流程', '【外贸信托】已完成合同审核，进入产品待审核流程，请及时处理，谢谢！<br/>', '1', '1', '2016-03-30 17:08:46', '0000-00-00 00:00:00');
INSERT INTO `zb_user_message` VALUES ('983', '92', '【外贸信托】进入产品待审核流程', '【外贸信托】已完成合同审核，进入产品待审核流程，请及时处理，谢谢！<br/>', '1', '1', '2016-03-30 17:08:46', '0000-00-00 00:00:00');
INSERT INTO `zb_user_message` VALUES ('984', '112', '【外贸信托】进入产品待审核流程', '【外贸信托】已完成合同审核，进入产品待审核流程，请及时处理，谢谢！<br/>', '1', '1', '2016-03-30 17:08:46', '0000-00-00 00:00:00');
INSERT INTO `zb_user_message` VALUES ('985', '1', '【外贸信托】进入产品待审核流程', '【外贸信托】已完成合同审核，进入产品待审核流程，请及时处理，谢谢！<br/>', '1', '1', '2016-03-30 17:08:46', '0000-00-00 00:00:00');
INSERT INTO `zb_user_message` VALUES ('986', '1', '【外贸信托】进入产品销售中流程', '【外贸信托】已完成产品审核，进入产品销售中流程，请知悉！<br/>', '1', '2', '2016-03-30 17:17:36', '2016-12-14 15:06:03');
INSERT INTO `zb_user_message` VALUES ('987', '61', '【外贸信托】进入产品销售中流程', '【外贸信托】已完成产品审核，进入产品销售中流程，请及时处理，谢谢！<br/>', '1', '1', '2016-03-30 17:17:36', '0000-00-00 00:00:00');
INSERT INTO `zb_user_message` VALUES ('988', '71', '【外贸信托】进入产品销售中流程', '【外贸信托】已完成产品审核，进入产品销售中流程，请及时处理，谢谢！<br/>', '1', '1', '2016-03-30 17:17:36', '0000-00-00 00:00:00');
INSERT INTO `zb_user_message` VALUES ('989', '75', '【外贸信托】进入产品销售中流程', '【外贸信托】已完成产品审核，进入产品销售中流程，请及时处理，谢谢！<br/>', '1', '1', '2016-03-30 17:17:36', '0000-00-00 00:00:00');
INSERT INTO `zb_user_message` VALUES ('990', '96', '【外贸信托】进入产品销售中流程', '【外贸信托】已完成产品审核，进入产品销售中流程，请及时处理，谢谢！<br/>', '1', '1', '2016-03-30 17:17:36', '0000-00-00 00:00:00');
INSERT INTO `zb_user_message` VALUES ('991', '117', '【外贸信托】进入产品销售中流程', '【外贸信托】已完成产品审核，进入产品销售中流程，请及时处理，谢谢！<br/>', '1', '1', '2016-03-30 17:17:36', '0000-00-00 00:00:00');
INSERT INTO `zb_user_message` VALUES ('992', '120', '【外贸信托】进入产品销售中流程', '【外贸信托】已完成产品审核，进入产品销售中流程，请及时处理，谢谢！<br/>', '1', '1', '2016-03-30 17:17:36', '0000-00-00 00:00:00');
INSERT INTO `zb_user_message` VALUES ('993', '56', '【泽熙2期】进入合同待审核流程', '【泽熙2期】已完成合同上传，进入合同待审核流程，请及时处理，谢谢！<br/>', '1', '1', '2016-03-30 17:32:03', '0000-00-00 00:00:00');
INSERT INTO `zb_user_message` VALUES ('994', '62', '【泽熙2期】进入合同待审核流程', '【泽熙2期】已完成合同上传，进入合同待审核流程，请及时处理，谢谢！<br/>', '1', '1', '2016-03-30 17:32:03', '0000-00-00 00:00:00');
INSERT INTO `zb_user_message` VALUES ('995', '65', '【泽熙2期】进入合同待审核流程', '【泽熙2期】已完成合同上传，进入合同待审核流程，请及时处理，谢谢！<br/>', '1', '1', '2016-03-30 17:32:03', '0000-00-00 00:00:00');
INSERT INTO `zb_user_message` VALUES ('996', '93', '【泽熙2期】进入合同待审核流程', '【泽熙2期】已完成合同上传，进入合同待审核流程，请及时处理，谢谢！<br/>', '1', '1', '2016-03-30 17:32:03', '0000-00-00 00:00:00');
INSERT INTO `zb_user_message` VALUES ('997', '91', '【泽熙2期】进入产品待审核流程', '【泽熙2期】已完成合同审核，进入产品待审核流程，请及时处理，谢谢！<br/>', '1', '1', '2016-03-30 17:32:39', '0000-00-00 00:00:00');
INSERT INTO `zb_user_message` VALUES ('998', '92', '【泽熙2期】进入产品待审核流程', '【泽熙2期】已完成合同审核，进入产品待审核流程，请及时处理，谢谢！<br/>', '1', '1', '2016-03-30 17:32:39', '0000-00-00 00:00:00');
INSERT INTO `zb_user_message` VALUES ('999', '112', '【泽熙2期】进入产品待审核流程', '【泽熙2期】已完成合同审核，进入产品待审核流程，请及时处理，谢谢！<br/>', '1', '1', '2016-03-30 17:32:39', '0000-00-00 00:00:00');
INSERT INTO `zb_user_message` VALUES ('1000', '95', '【泽熙2期】进入产品待审核流程', '【泽熙2期】已完成合同审核，进入产品待审核流程，请及时处理，谢谢！<br/>', '1', '1', '2016-03-30 17:32:39', '0000-00-00 00:00:00');
INSERT INTO `zb_user_message` VALUES ('1001', '95', '【泽熙2期】被终止', '【泽熙2期】在产品审核环节被终止，请知悉，谢谢！<br/>终止理由：false', '1', '1', '2016-03-30 17:33:00', '0000-00-00 00:00:00');
INSERT INTO `zb_user_message` VALUES ('1002', '60', '【外贸信托】完成费率方案编辑', '【外贸信托】已完成费率方案编辑，请及时处理，谢谢！', '1', '1', '2016-03-30 18:00:59', '0000-00-00 00:00:00');
INSERT INTO `zb_user_message` VALUES ('1003', '64', '【外贸信托】完成费率方案编辑', '【外贸信托】已完成费率方案编辑，请及时处理，谢谢！', '1', '1', '2016-03-30 18:00:59', '0000-00-00 00:00:00');
INSERT INTO `zb_user_message` VALUES ('1004', '70', '【外贸信托】完成费率方案编辑', '【外贸信托】已完成费率方案编辑，请及时处理，谢谢！', '1', '1', '2016-03-30 18:00:59', '0000-00-00 00:00:00');
INSERT INTO `zb_user_message` VALUES ('1005', '74', '【外贸信托】完成费率方案编辑', '【外贸信托】已完成费率方案编辑，请及时处理，谢谢！', '1', '1', '2016-03-30 18:00:59', '0000-00-00 00:00:00');
INSERT INTO `zb_user_message` VALUES ('1006', '83', '【外贸信托】完成费率方案编辑', '【外贸信托】已完成费率方案编辑，请及时处理，谢谢！', '1', '1', '2016-03-30 18:00:59', '0000-00-00 00:00:00');
INSERT INTO `zb_user_message` VALUES ('1007', '85', '【外贸信托】完成费率方案编辑', '【外贸信托】已完成费率方案编辑，请及时处理，谢谢！', '1', '1', '2016-03-30 18:00:59', '0000-00-00 00:00:00');
INSERT INTO `zb_user_message` VALUES ('1008', '87', '【外贸信托】完成费率方案编辑', '【外贸信托】已完成费率方案编辑，请及时处理，谢谢！', '1', '1', '2016-03-30 18:00:59', '0000-00-00 00:00:00');
INSERT INTO `zb_user_message` VALUES ('1009', '91', '【外贸信托】完成费率方案编辑', '【外贸信托】已完成费率方案编辑，请及时处理，谢谢！', '1', '1', '2016-03-30 18:00:59', '0000-00-00 00:00:00');
INSERT INTO `zb_user_message` VALUES ('1010', '92', '【外贸信托】完成费率方案编辑', '【外贸信托】已完成费率方案编辑，请及时处理，谢谢！', '1', '1', '2016-03-30 18:00:59', '0000-00-00 00:00:00');
INSERT INTO `zb_user_message` VALUES ('1011', '94', '【外贸信托】完成费率方案编辑', '【外贸信托】已完成费率方案编辑，请及时处理，谢谢！', '1', '1', '2016-03-30 18:00:59', '0000-00-00 00:00:00');
INSERT INTO `zb_user_message` VALUES ('1012', '100', '【外贸信托】完成费率方案编辑', '【外贸信托】已完成费率方案编辑，请及时处理，谢谢！', '1', '1', '2016-03-30 18:00:59', '0000-00-00 00:00:00');
INSERT INTO `zb_user_message` VALUES ('1013', '105', '【外贸信托】完成费率方案编辑', '【外贸信托】已完成费率方案编辑，请及时处理，谢谢！', '1', '1', '2016-03-30 18:00:59', '0000-00-00 00:00:00');
INSERT INTO `zb_user_message` VALUES ('1014', '108', '【外贸信托】完成费率方案编辑', '【外贸信托】已完成费率方案编辑，请及时处理，谢谢！', '1', '1', '2016-03-30 18:00:59', '0000-00-00 00:00:00');
INSERT INTO `zb_user_message` VALUES ('1015', '109', '【外贸信托】完成费率方案编辑', '【外贸信托】已完成费率方案编辑，请及时处理，谢谢！', '1', '1', '2016-03-30 18:00:59', '0000-00-00 00:00:00');
INSERT INTO `zb_user_message` VALUES ('1016', '112', '【外贸信托】完成费率方案编辑', '【外贸信托】已完成费率方案编辑，请及时处理，谢谢！', '1', '1', '2016-03-30 18:00:59', '0000-00-00 00:00:00');
INSERT INTO `zb_user_message` VALUES ('1017', '116', '【外贸信托】完成费率方案编辑', '【外贸信托】已完成费率方案编辑，请及时处理，谢谢！', '1', '1', '2016-03-30 18:00:59', '0000-00-00 00:00:00');
INSERT INTO `zb_user_message` VALUES ('1018', '119', '【外贸信托】完成费率方案编辑', '【外贸信托】已完成费率方案编辑，请及时处理，谢谢！', '1', '1', '2016-03-30 18:00:59', '0000-00-00 00:00:00');
INSERT INTO `zb_user_message` VALUES ('1019', '60', '【黄金投资】进入待评分流程', '【黄金投资】已完成提交，进入待评分流程，请及时处理，谢谢！', '1', '1', '2016-03-31 10:00:30', '0000-00-00 00:00:00');
INSERT INTO `zb_user_message` VALUES ('1020', '61', '【黄金投资】进入待评分流程', '【黄金投资】已完成提交，进入待评分流程，请及时处理，谢谢！', '1', '1', '2016-03-31 10:00:30', '0000-00-00 00:00:00');
INSERT INTO `zb_user_message` VALUES ('1021', '63', '【黄金投资】进入待评分流程', '【黄金投资】已完成提交，进入待评分流程，请及时处理，谢谢！', '1', '1', '2016-03-31 10:00:30', '0000-00-00 00:00:00');
INSERT INTO `zb_user_message` VALUES ('1022', '70', '【黄金投资】进入待评分流程', '【黄金投资】已完成提交，进入待评分流程，请及时处理，谢谢！', '1', '1', '2016-03-31 10:00:30', '0000-00-00 00:00:00');
INSERT INTO `zb_user_message` VALUES ('1023', '71', '【黄金投资】进入待评分流程', '【黄金投资】已完成提交，进入待评分流程，请及时处理，谢谢！', '1', '1', '2016-03-31 10:00:30', '0000-00-00 00:00:00');
INSERT INTO `zb_user_message` VALUES ('1024', '74', '【黄金投资】进入待评分流程', '【黄金投资】已完成提交，进入待评分流程，请及时处理，谢谢！', '1', '1', '2016-03-31 10:00:30', '0000-00-00 00:00:00');
INSERT INTO `zb_user_message` VALUES ('1025', '75', '【黄金投资】进入待评分流程', '【黄金投资】已完成提交，进入待评分流程，请及时处理，谢谢！', '1', '1', '2016-03-31 10:00:30', '0000-00-00 00:00:00');
INSERT INTO `zb_user_message` VALUES ('1026', '76', '【黄金投资】进入待评分流程', '【黄金投资】已完成提交，进入待评分流程，请及时处理，谢谢！', '1', '1', '2016-03-31 10:00:30', '0000-00-00 00:00:00');
INSERT INTO `zb_user_message` VALUES ('1027', '83', '【黄金投资】进入待评分流程', '【黄金投资】已完成提交，进入待评分流程，请及时处理，谢谢！', '1', '1', '2016-03-31 10:00:30', '0000-00-00 00:00:00');
INSERT INTO `zb_user_message` VALUES ('1028', '87', '【黄金投资】进入待评分流程', '【黄金投资】已完成提交，进入待评分流程，请及时处理，谢谢！', '1', '1', '2016-03-31 10:00:30', '0000-00-00 00:00:00');
INSERT INTO `zb_user_message` VALUES ('1029', '94', '【黄金投资】进入待评分流程', '【黄金投资】已完成提交，进入待评分流程，请及时处理，谢谢！', '1', '1', '2016-03-31 10:00:30', '0000-00-00 00:00:00');
INSERT INTO `zb_user_message` VALUES ('1030', '96', '【黄金投资】进入待评分流程', '【黄金投资】已完成提交，进入待评分流程，请及时处理，谢谢！', '1', '1', '2016-03-31 10:00:30', '0000-00-00 00:00:00');
INSERT INTO `zb_user_message` VALUES ('1031', '98', '【黄金投资】进入待评分流程', '【黄金投资】已完成提交，进入待评分流程，请及时处理，谢谢！', '1', '1', '2016-03-31 10:00:30', '0000-00-00 00:00:00');
INSERT INTO `zb_user_message` VALUES ('1032', '105', '【黄金投资】进入待评分流程', '【黄金投资】已完成提交，进入待评分流程，请及时处理，谢谢！', '1', '1', '2016-03-31 10:00:30', '0000-00-00 00:00:00');
INSERT INTO `zb_user_message` VALUES ('1033', '108', '【黄金投资】进入待评分流程', '【黄金投资】已完成提交，进入待评分流程，请及时处理，谢谢！', '1', '1', '2016-03-31 10:00:30', '0000-00-00 00:00:00');
INSERT INTO `zb_user_message` VALUES ('1034', '109', '【黄金投资】进入待评分流程', '【黄金投资】已完成提交，进入待评分流程，请及时处理，谢谢！', '1', '1', '2016-03-31 10:00:30', '0000-00-00 00:00:00');
INSERT INTO `zb_user_message` VALUES ('1035', '116', '【黄金投资】进入待评分流程', '【黄金投资】已完成提交，进入待评分流程，请及时处理，谢谢！', '1', '1', '2016-03-31 10:00:30', '0000-00-00 00:00:00');
INSERT INTO `zb_user_message` VALUES ('1036', '117', '【黄金投资】进入待评分流程', '【黄金投资】已完成提交，进入待评分流程，请及时处理，谢谢！', '1', '1', '2016-03-31 10:00:30', '0000-00-00 00:00:00');
INSERT INTO `zb_user_message` VALUES ('1037', '120', '【黄金投资】进入待评分流程', '【黄金投资】已完成提交，进入待评分流程，请及时处理，谢谢！', '1', '1', '2016-03-31 10:00:30', '0000-00-00 00:00:00');
INSERT INTO `zb_user_message` VALUES ('1038', '115', '【黄金投资】 开发部 已评分', '【黄金投资】 开发部 已评分，等待进入合同待上传流程，请知悉，谢谢！<br/>', '1', '1', '2016-03-31 10:01:43', '0000-00-00 00:00:00');
INSERT INTO `zb_user_message` VALUES ('1039', '115', '【黄金投资】 开发部 已评分', '【黄金投资】 开发部 已评分，等待进入合同待上传流程，请知悉，谢谢！<br/>', '1', '1', '2016-03-31 10:02:18', '0000-00-00 00:00:00');
INSERT INTO `zb_user_message` VALUES ('1040', '115', '【黄金投资】运营部已完成评分', '【黄金投资】已完成评分，进入合同待上传流程，请及时处理，谢谢！<br/>', '1', '1', '2016-03-31 10:02:46', '0000-00-00 00:00:00');
INSERT INTO `zb_user_message` VALUES ('1041', '95', '【瀚华】被终止', '【瀚华】在产品审核环节被终止，请知悉，谢谢！<br/>终止理由：false', '1', '1', '2016-03-31 11:30:14', '0000-00-00 00:00:00');
INSERT INTO `zb_user_message` VALUES ('1042', '60', '【海洋投资】进入待评分流程', '【海洋投资】已完成提交，进入待评分流程，请及时处理，谢谢！', '1', '1', '2016-03-31 11:31:11', '0000-00-00 00:00:00');
INSERT INTO `zb_user_message` VALUES ('1043', '61', '【海洋投资】进入待评分流程', '【海洋投资】已完成提交，进入待评分流程，请及时处理，谢谢！', '1', '1', '2016-03-31 11:31:11', '0000-00-00 00:00:00');
INSERT INTO `zb_user_message` VALUES ('1044', '63', '【海洋投资】进入待评分流程', '【海洋投资】已完成提交，进入待评分流程，请及时处理，谢谢！', '1', '1', '2016-03-31 11:31:11', '0000-00-00 00:00:00');
INSERT INTO `zb_user_message` VALUES ('1045', '70', '【海洋投资】进入待评分流程', '【海洋投资】已完成提交，进入待评分流程，请及时处理，谢谢！', '1', '1', '2016-03-31 11:31:11', '0000-00-00 00:00:00');
INSERT INTO `zb_user_message` VALUES ('1046', '71', '【海洋投资】进入待评分流程', '【海洋投资】已完成提交，进入待评分流程，请及时处理，谢谢！', '1', '1', '2016-03-31 11:31:12', '0000-00-00 00:00:00');
INSERT INTO `zb_user_message` VALUES ('1047', '74', '【海洋投资】进入待评分流程', '【海洋投资】已完成提交，进入待评分流程，请及时处理，谢谢！', '1', '1', '2016-03-31 11:31:12', '0000-00-00 00:00:00');
INSERT INTO `zb_user_message` VALUES ('1048', '75', '【海洋投资】进入待评分流程', '【海洋投资】已完成提交，进入待评分流程，请及时处理，谢谢！', '1', '1', '2016-03-31 11:31:12', '0000-00-00 00:00:00');
INSERT INTO `zb_user_message` VALUES ('1049', '76', '【海洋投资】进入待评分流程', '【海洋投资】已完成提交，进入待评分流程，请及时处理，谢谢！', '1', '1', '2016-03-31 11:31:12', '0000-00-00 00:00:00');
INSERT INTO `zb_user_message` VALUES ('1050', '83', '【海洋投资】进入待评分流程', '【海洋投资】已完成提交，进入待评分流程，请及时处理，谢谢！', '1', '1', '2016-03-31 11:31:12', '0000-00-00 00:00:00');
INSERT INTO `zb_user_message` VALUES ('1051', '87', '【海洋投资】进入待评分流程', '【海洋投资】已完成提交，进入待评分流程，请及时处理，谢谢！', '1', '1', '2016-03-31 11:31:12', '0000-00-00 00:00:00');
INSERT INTO `zb_user_message` VALUES ('1052', '94', '【海洋投资】进入待评分流程', '【海洋投资】已完成提交，进入待评分流程，请及时处理，谢谢！', '1', '1', '2016-03-31 11:31:12', '0000-00-00 00:00:00');
INSERT INTO `zb_user_message` VALUES ('1053', '96', '【海洋投资】进入待评分流程', '【海洋投资】已完成提交，进入待评分流程，请及时处理，谢谢！', '1', '1', '2016-03-31 11:31:12', '0000-00-00 00:00:00');
INSERT INTO `zb_user_message` VALUES ('1054', '98', '【海洋投资】进入待评分流程', '【海洋投资】已完成提交，进入待评分流程，请及时处理，谢谢！', '1', '1', '2016-03-31 11:31:12', '0000-00-00 00:00:00');
INSERT INTO `zb_user_message` VALUES ('1055', '105', '【海洋投资】进入待评分流程', '【海洋投资】已完成提交，进入待评分流程，请及时处理，谢谢！', '1', '1', '2016-03-31 11:31:12', '0000-00-00 00:00:00');
INSERT INTO `zb_user_message` VALUES ('1056', '108', '【海洋投资】进入待评分流程', '【海洋投资】已完成提交，进入待评分流程，请及时处理，谢谢！', '1', '1', '2016-03-31 11:31:12', '0000-00-00 00:00:00');
INSERT INTO `zb_user_message` VALUES ('1057', '109', '【海洋投资】进入待评分流程', '【海洋投资】已完成提交，进入待评分流程，请及时处理，谢谢！', '1', '1', '2016-03-31 11:31:12', '0000-00-00 00:00:00');
INSERT INTO `zb_user_message` VALUES ('1058', '116', '【海洋投资】进入待评分流程', '【海洋投资】已完成提交，进入待评分流程，请及时处理，谢谢！', '1', '1', '2016-03-31 11:31:12', '0000-00-00 00:00:00');
INSERT INTO `zb_user_message` VALUES ('1059', '117', '【海洋投资】进入待评分流程', '【海洋投资】已完成提交，进入待评分流程，请及时处理，谢谢！', '1', '1', '2016-03-31 11:31:12', '0000-00-00 00:00:00');
INSERT INTO `zb_user_message` VALUES ('1060', '120', '【海洋投资】进入待评分流程', '【海洋投资】已完成提交，进入待评分流程，请及时处理，谢谢！', '1', '1', '2016-03-31 11:31:12', '0000-00-00 00:00:00');
INSERT INTO `zb_user_message` VALUES ('1061', '56', '【黄金投资】进入合同待审核流程', '【黄金投资】已完成合同上传，进入合同待审核流程，请及时处理，谢谢！<br/>', '1', '1', '2016-03-31 11:32:45', '0000-00-00 00:00:00');
INSERT INTO `zb_user_message` VALUES ('1062', '62', '【黄金投资】进入合同待审核流程', '【黄金投资】已完成合同上传，进入合同待审核流程，请及时处理，谢谢！<br/>', '1', '1', '2016-03-31 11:32:45', '0000-00-00 00:00:00');
INSERT INTO `zb_user_message` VALUES ('1063', '65', '【黄金投资】进入合同待审核流程', '【黄金投资】已完成合同上传，进入合同待审核流程，请及时处理，谢谢！<br/>', '1', '1', '2016-03-31 11:32:45', '0000-00-00 00:00:00');
INSERT INTO `zb_user_message` VALUES ('1064', '93', '【黄金投资】进入合同待审核流程', '【黄金投资】已完成合同上传，进入合同待审核流程，请及时处理，谢谢！<br/>', '1', '1', '2016-03-31 11:32:45', '0000-00-00 00:00:00');
INSERT INTO `zb_user_message` VALUES ('1065', '95', '【瀚华】被终止', '【瀚华】在产品审核环节被终止，请知悉，谢谢！<br/>终止理由：退回', '1', '1', '2016-03-31 11:40:25', '0000-00-00 00:00:00');
INSERT INTO `zb_user_message` VALUES ('1066', '91', '【黄金投资】进入产品待审核流程', '【黄金投资】已完成合同审核，进入产品待审核流程，请及时处理，谢谢！<br/>', '1', '1', '2016-03-31 12:02:39', '0000-00-00 00:00:00');
INSERT INTO `zb_user_message` VALUES ('1067', '92', '【黄金投资】进入产品待审核流程', '【黄金投资】已完成合同审核，进入产品待审核流程，请及时处理，谢谢！<br/>', '1', '1', '2016-03-31 12:02:39', '0000-00-00 00:00:00');
INSERT INTO `zb_user_message` VALUES ('1068', '112', '【黄金投资】进入产品待审核流程', '【黄金投资】已完成合同审核，进入产品待审核流程，请及时处理，谢谢！<br/>', '1', '1', '2016-03-31 12:02:39', '0000-00-00 00:00:00');
INSERT INTO `zb_user_message` VALUES ('1069', '115', '【黄金投资】进入产品待审核流程', '【黄金投资】已完成合同审核，进入产品待审核流程，请及时处理，谢谢！<br/>', '1', '1', '2016-03-31 12:02:39', '0000-00-00 00:00:00');
INSERT INTO `zb_user_message` VALUES ('1070', '115', '【海洋投资】 开发部 已评分', '【海洋投资】 开发部 已评分，等待进入合同待上传流程，请知悉，谢谢！<br/>', '1', '1', '2016-03-31 13:44:23', '0000-00-00 00:00:00');
INSERT INTO `zb_user_message` VALUES ('1071', '115', '【海洋投资】 运营部 已评分', '【海洋投资】 运营部 已评分，等待进入合同待上传流程，请知悉，谢谢！<br/>', '1', '1', '2016-03-31 13:44:52', '0000-00-00 00:00:00');
INSERT INTO `zb_user_message` VALUES ('1072', '115', '【海洋投资】开发部已完成评分', '【海洋投资】已完成评分，进入合同待上传流程，请及时处理，谢谢！<br/>', '1', '1', '2016-03-31 13:45:23', '0000-00-00 00:00:00');
INSERT INTO `zb_user_message` VALUES ('1073', '60', '【投资资源】进入待评分流程', '【投资资源】已完成提交，进入待评分流程，请及时处理，谢谢！', '1', '1', '2016-03-31 13:46:33', '0000-00-00 00:00:00');
INSERT INTO `zb_user_message` VALUES ('1074', '61', '【投资资源】进入待评分流程', '【投资资源】已完成提交，进入待评分流程，请及时处理，谢谢！', '1', '1', '2016-03-31 13:46:33', '0000-00-00 00:00:00');
INSERT INTO `zb_user_message` VALUES ('1075', '63', '【投资资源】进入待评分流程', '【投资资源】已完成提交，进入待评分流程，请及时处理，谢谢！', '1', '1', '2016-03-31 13:46:34', '0000-00-00 00:00:00');
INSERT INTO `zb_user_message` VALUES ('1076', '70', '【投资资源】进入待评分流程', '【投资资源】已完成提交，进入待评分流程，请及时处理，谢谢！', '1', '1', '2016-03-31 13:46:34', '0000-00-00 00:00:00');
INSERT INTO `zb_user_message` VALUES ('1077', '71', '【投资资源】进入待评分流程', '【投资资源】已完成提交，进入待评分流程，请及时处理，谢谢！', '1', '1', '2016-03-31 13:46:34', '0000-00-00 00:00:00');
INSERT INTO `zb_user_message` VALUES ('1078', '74', '【投资资源】进入待评分流程', '【投资资源】已完成提交，进入待评分流程，请及时处理，谢谢！', '1', '1', '2016-03-31 13:46:34', '0000-00-00 00:00:00');
INSERT INTO `zb_user_message` VALUES ('1079', '75', '【投资资源】进入待评分流程', '【投资资源】已完成提交，进入待评分流程，请及时处理，谢谢！', '1', '1', '2016-03-31 13:46:34', '0000-00-00 00:00:00');
INSERT INTO `zb_user_message` VALUES ('1080', '76', '【投资资源】进入待评分流程', '【投资资源】已完成提交，进入待评分流程，请及时处理，谢谢！', '1', '1', '2016-03-31 13:46:34', '0000-00-00 00:00:00');
INSERT INTO `zb_user_message` VALUES ('1081', '83', '【投资资源】进入待评分流程', '【投资资源】已完成提交，进入待评分流程，请及时处理，谢谢！', '1', '1', '2016-03-31 13:46:34', '0000-00-00 00:00:00');
INSERT INTO `zb_user_message` VALUES ('1082', '87', '【投资资源】进入待评分流程', '【投资资源】已完成提交，进入待评分流程，请及时处理，谢谢！', '1', '1', '2016-03-31 13:46:34', '0000-00-00 00:00:00');
INSERT INTO `zb_user_message` VALUES ('1083', '94', '【投资资源】进入待评分流程', '【投资资源】已完成提交，进入待评分流程，请及时处理，谢谢！', '1', '1', '2016-03-31 13:46:34', '0000-00-00 00:00:00');
INSERT INTO `zb_user_message` VALUES ('1084', '96', '【投资资源】进入待评分流程', '【投资资源】已完成提交，进入待评分流程，请及时处理，谢谢！', '1', '1', '2016-03-31 13:46:34', '0000-00-00 00:00:00');
INSERT INTO `zb_user_message` VALUES ('1085', '98', '【投资资源】进入待评分流程', '【投资资源】已完成提交，进入待评分流程，请及时处理，谢谢！', '1', '1', '2016-03-31 13:46:34', '0000-00-00 00:00:00');
INSERT INTO `zb_user_message` VALUES ('1086', '105', '【投资资源】进入待评分流程', '【投资资源】已完成提交，进入待评分流程，请及时处理，谢谢！', '1', '1', '2016-03-31 13:46:34', '0000-00-00 00:00:00');
INSERT INTO `zb_user_message` VALUES ('1087', '108', '【投资资源】进入待评分流程', '【投资资源】已完成提交，进入待评分流程，请及时处理，谢谢！', '1', '1', '2016-03-31 13:46:34', '0000-00-00 00:00:00');
INSERT INTO `zb_user_message` VALUES ('1088', '109', '【投资资源】进入待评分流程', '【投资资源】已完成提交，进入待评分流程，请及时处理，谢谢！', '1', '1', '2016-03-31 13:46:34', '0000-00-00 00:00:00');
INSERT INTO `zb_user_message` VALUES ('1089', '116', '【投资资源】进入待评分流程', '【投资资源】已完成提交，进入待评分流程，请及时处理，谢谢！', '1', '1', '2016-03-31 13:46:34', '0000-00-00 00:00:00');
INSERT INTO `zb_user_message` VALUES ('1090', '117', '【投资资源】进入待评分流程', '【投资资源】已完成提交，进入待评分流程，请及时处理，谢谢！', '1', '1', '2016-03-31 13:46:34', '0000-00-00 00:00:00');
INSERT INTO `zb_user_message` VALUES ('1091', '120', '【投资资源】进入待评分流程', '【投资资源】已完成提交，进入待评分流程，请及时处理，谢谢！', '1', '1', '2016-03-31 13:46:34', '0000-00-00 00:00:00');
INSERT INTO `zb_user_message` VALUES ('1092', '56', '【海洋投资】进入合同待审核流程', '【海洋投资】已完成合同上传，进入合同待审核流程，请及时处理，谢谢！<br/>', '1', '1', '2016-03-31 13:46:47', '0000-00-00 00:00:00');
INSERT INTO `zb_user_message` VALUES ('1093', '62', '【海洋投资】进入合同待审核流程', '【海洋投资】已完成合同上传，进入合同待审核流程，请及时处理，谢谢！<br/>', '1', '1', '2016-03-31 13:46:47', '0000-00-00 00:00:00');
INSERT INTO `zb_user_message` VALUES ('1094', '65', '【海洋投资】进入合同待审核流程', '【海洋投资】已完成合同上传，进入合同待审核流程，请及时处理，谢谢！<br/>', '1', '1', '2016-03-31 13:46:47', '0000-00-00 00:00:00');
INSERT INTO `zb_user_message` VALUES ('1095', '93', '【海洋投资】进入合同待审核流程', '【海洋投资】已完成合同上传，进入合同待审核流程，请及时处理，谢谢！<br/>', '1', '1', '2016-03-31 13:46:47', '0000-00-00 00:00:00');
INSERT INTO `zb_user_message` VALUES ('1096', '60', '【简称】进入待评分流程', '【简称】已完成提交，进入待评分流程，请及时处理，谢谢！', '1', '1', '2016-03-31 14:07:16', '0000-00-00 00:00:00');
INSERT INTO `zb_user_message` VALUES ('1097', '61', '【简称】进入待评分流程', '【简称】已完成提交，进入待评分流程，请及时处理，谢谢！', '1', '1', '2016-03-31 14:07:16', '0000-00-00 00:00:00');
INSERT INTO `zb_user_message` VALUES ('1098', '63', '【简称】进入待评分流程', '【简称】已完成提交，进入待评分流程，请及时处理，谢谢！', '1', '1', '2016-03-31 14:07:16', '0000-00-00 00:00:00');
INSERT INTO `zb_user_message` VALUES ('1099', '70', '【简称】进入待评分流程', '【简称】已完成提交，进入待评分流程，请及时处理，谢谢！', '1', '1', '2016-03-31 14:07:16', '0000-00-00 00:00:00');
INSERT INTO `zb_user_message` VALUES ('1100', '71', '【简称】进入待评分流程', '【简称】已完成提交，进入待评分流程，请及时处理，谢谢！', '1', '1', '2016-03-31 14:07:17', '0000-00-00 00:00:00');
INSERT INTO `zb_user_message` VALUES ('1101', '74', '【简称】进入待评分流程', '【简称】已完成提交，进入待评分流程，请及时处理，谢谢！', '1', '1', '2016-03-31 14:07:17', '0000-00-00 00:00:00');
INSERT INTO `zb_user_message` VALUES ('1102', '75', '【简称】进入待评分流程', '【简称】已完成提交，进入待评分流程，请及时处理，谢谢！', '1', '1', '2016-03-31 14:07:17', '0000-00-00 00:00:00');
INSERT INTO `zb_user_message` VALUES ('1103', '76', '【简称】进入待评分流程', '【简称】已完成提交，进入待评分流程，请及时处理，谢谢！', '1', '1', '2016-03-31 14:07:17', '0000-00-00 00:00:00');
INSERT INTO `zb_user_message` VALUES ('1104', '83', '【简称】进入待评分流程', '【简称】已完成提交，进入待评分流程，请及时处理，谢谢！', '1', '1', '2016-03-31 14:07:17', '0000-00-00 00:00:00');
INSERT INTO `zb_user_message` VALUES ('1105', '87', '【简称】进入待评分流程', '【简称】已完成提交，进入待评分流程，请及时处理，谢谢！', '1', '1', '2016-03-31 14:07:17', '0000-00-00 00:00:00');
INSERT INTO `zb_user_message` VALUES ('1106', '94', '【简称】进入待评分流程', '【简称】已完成提交，进入待评分流程，请及时处理，谢谢！', '1', '1', '2016-03-31 14:07:17', '0000-00-00 00:00:00');
INSERT INTO `zb_user_message` VALUES ('1107', '96', '【简称】进入待评分流程', '【简称】已完成提交，进入待评分流程，请及时处理，谢谢！', '1', '1', '2016-03-31 14:07:17', '0000-00-00 00:00:00');
INSERT INTO `zb_user_message` VALUES ('1108', '98', '【简称】进入待评分流程', '【简称】已完成提交，进入待评分流程，请及时处理，谢谢！', '1', '1', '2016-03-31 14:07:17', '0000-00-00 00:00:00');
INSERT INTO `zb_user_message` VALUES ('1109', '105', '【简称】进入待评分流程', '【简称】已完成提交，进入待评分流程，请及时处理，谢谢！', '1', '1', '2016-03-31 14:07:17', '0000-00-00 00:00:00');
INSERT INTO `zb_user_message` VALUES ('1110', '108', '【简称】进入待评分流程', '【简称】已完成提交，进入待评分流程，请及时处理，谢谢！', '1', '1', '2016-03-31 14:07:17', '0000-00-00 00:00:00');
INSERT INTO `zb_user_message` VALUES ('1111', '109', '【简称】进入待评分流程', '【简称】已完成提交，进入待评分流程，请及时处理，谢谢！', '1', '1', '2016-03-31 14:07:17', '0000-00-00 00:00:00');
INSERT INTO `zb_user_message` VALUES ('1112', '116', '【简称】进入待评分流程', '【简称】已完成提交，进入待评分流程，请及时处理，谢谢！', '1', '1', '2016-03-31 14:07:17', '0000-00-00 00:00:00');
INSERT INTO `zb_user_message` VALUES ('1113', '117', '【简称】进入待评分流程', '【简称】已完成提交，进入待评分流程，请及时处理，谢谢！', '1', '1', '2016-03-31 14:07:17', '0000-00-00 00:00:00');
INSERT INTO `zb_user_message` VALUES ('1114', '120', '【简称】进入待评分流程', '【简称】已完成提交，进入待评分流程，请及时处理，谢谢！', '1', '1', '2016-03-31 14:07:17', '0000-00-00 00:00:00');
INSERT INTO `zb_user_message` VALUES ('1115', '91', '【海洋投资】进入产品待审核流程', '【海洋投资】已完成合同审核，进入产品待审核流程，请及时处理，谢谢！<br/>', '1', '1', '2016-03-31 14:10:51', '0000-00-00 00:00:00');
INSERT INTO `zb_user_message` VALUES ('1116', '92', '【海洋投资】进入产品待审核流程', '【海洋投资】已完成合同审核，进入产品待审核流程，请及时处理，谢谢！<br/>', '1', '1', '2016-03-31 14:10:51', '0000-00-00 00:00:00');
INSERT INTO `zb_user_message` VALUES ('1117', '112', '【海洋投资】进入产品待审核流程', '【海洋投资】已完成合同审核，进入产品待审核流程，请及时处理，谢谢！<br/>', '1', '1', '2016-03-31 14:10:51', '0000-00-00 00:00:00');
INSERT INTO `zb_user_message` VALUES ('1118', '115', '【海洋投资】进入产品待审核流程', '【海洋投资】已完成合同审核，进入产品待审核流程，请及时处理，谢谢！<br/>', '1', '1', '2016-03-31 14:10:51', '0000-00-00 00:00:00');
INSERT INTO `zb_user_message` VALUES ('1119', '115', '【海洋投资】进入产品销售中流程', '【海洋投资】已完成产品审核，进入产品销售中流程，请知悉！<br/>', '1', '1', '2016-03-31 14:15:18', '0000-00-00 00:00:00');
INSERT INTO `zb_user_message` VALUES ('1120', '61', '【海洋投资】进入产品销售中流程', '【海洋投资】已完成产品审核，进入产品销售中流程，请及时处理，谢谢！<br/>', '1', '1', '2016-03-31 14:15:18', '0000-00-00 00:00:00');
INSERT INTO `zb_user_message` VALUES ('1121', '71', '【海洋投资】进入产品销售中流程', '【海洋投资】已完成产品审核，进入产品销售中流程，请及时处理，谢谢！<br/>', '1', '1', '2016-03-31 14:15:18', '0000-00-00 00:00:00');
INSERT INTO `zb_user_message` VALUES ('1122', '75', '【海洋投资】进入产品销售中流程', '【海洋投资】已完成产品审核，进入产品销售中流程，请及时处理，谢谢！<br/>', '1', '1', '2016-03-31 14:15:18', '0000-00-00 00:00:00');
INSERT INTO `zb_user_message` VALUES ('1123', '96', '【海洋投资】进入产品销售中流程', '【海洋投资】已完成产品审核，进入产品销售中流程，请及时处理，谢谢！<br/>', '1', '1', '2016-03-31 14:15:18', '0000-00-00 00:00:00');
INSERT INTO `zb_user_message` VALUES ('1124', '117', '【海洋投资】进入产品销售中流程', '【海洋投资】已完成产品审核，进入产品销售中流程，请及时处理，谢谢！<br/>', '1', '1', '2016-03-31 14:15:18', '0000-00-00 00:00:00');
INSERT INTO `zb_user_message` VALUES ('1125', '120', '【海洋投资】进入产品销售中流程', '【海洋投资】已完成产品审核，进入产品销售中流程，请及时处理，谢谢！<br/>', '1', '1', '2016-03-31 14:15:18', '0000-00-00 00:00:00');
INSERT INTO `zb_user_message` VALUES ('1126', '115', '【黄金投资】被退回', '【黄金投资】在产品审核环节被退回，请及时处理，谢谢！<br/>退回理由：退回', '1', '1', '2016-03-31 14:19:20', '0000-00-00 00:00:00');
INSERT INTO `zb_user_message` VALUES ('1127', '1', '【投资资源】 开发部 已评分', '【投资资源】 开发部 已评分，等待进入合同待上传流程，请知悉，谢谢！<br/>', '1', '2', '2016-03-31 14:26:55', '2016-12-14 15:07:26');
INSERT INTO `zb_user_message` VALUES ('1128', '60', '【黄金投资】进入待评分流程', '【黄金投资】已完成提交，进入待评分流程，请及时处理，谢谢！', '1', '1', '2016-03-31 14:29:05', '0000-00-00 00:00:00');
INSERT INTO `zb_user_message` VALUES ('1129', '61', '【黄金投资】进入待评分流程', '【黄金投资】已完成提交，进入待评分流程，请及时处理，谢谢！', '1', '1', '2016-03-31 14:29:05', '0000-00-00 00:00:00');
INSERT INTO `zb_user_message` VALUES ('1130', '63', '【黄金投资】进入待评分流程', '【黄金投资】已完成提交，进入待评分流程，请及时处理，谢谢！', '1', '1', '2016-03-31 14:29:05', '0000-00-00 00:00:00');
INSERT INTO `zb_user_message` VALUES ('1131', '70', '【黄金投资】进入待评分流程', '【黄金投资】已完成提交，进入待评分流程，请及时处理，谢谢！', '1', '1', '2016-03-31 14:29:05', '0000-00-00 00:00:00');
INSERT INTO `zb_user_message` VALUES ('1132', '71', '【黄金投资】进入待评分流程', '【黄金投资】已完成提交，进入待评分流程，请及时处理，谢谢！', '1', '1', '2016-03-31 14:29:05', '0000-00-00 00:00:00');
INSERT INTO `zb_user_message` VALUES ('1133', '74', '【黄金投资】进入待评分流程', '【黄金投资】已完成提交，进入待评分流程，请及时处理，谢谢！', '1', '1', '2016-03-31 14:29:05', '0000-00-00 00:00:00');
INSERT INTO `zb_user_message` VALUES ('1134', '75', '【黄金投资】进入待评分流程', '【黄金投资】已完成提交，进入待评分流程，请及时处理，谢谢！', '1', '1', '2016-03-31 14:29:05', '0000-00-00 00:00:00');
INSERT INTO `zb_user_message` VALUES ('1135', '76', '【黄金投资】进入待评分流程', '【黄金投资】已完成提交，进入待评分流程，请及时处理，谢谢！', '1', '1', '2016-03-31 14:29:05', '0000-00-00 00:00:00');
INSERT INTO `zb_user_message` VALUES ('1136', '83', '【黄金投资】进入待评分流程', '【黄金投资】已完成提交，进入待评分流程，请及时处理，谢谢！', '1', '1', '2016-03-31 14:29:05', '0000-00-00 00:00:00');
INSERT INTO `zb_user_message` VALUES ('1137', '87', '【黄金投资】进入待评分流程', '【黄金投资】已完成提交，进入待评分流程，请及时处理，谢谢！', '1', '1', '2016-03-31 14:29:05', '0000-00-00 00:00:00');
INSERT INTO `zb_user_message` VALUES ('1138', '94', '【黄金投资】进入待评分流程', '【黄金投资】已完成提交，进入待评分流程，请及时处理，谢谢！', '1', '1', '2016-03-31 14:29:05', '0000-00-00 00:00:00');
INSERT INTO `zb_user_message` VALUES ('1139', '96', '【黄金投资】进入待评分流程', '【黄金投资】已完成提交，进入待评分流程，请及时处理，谢谢！', '1', '1', '2016-03-31 14:29:05', '0000-00-00 00:00:00');
INSERT INTO `zb_user_message` VALUES ('1140', '98', '【黄金投资】进入待评分流程', '【黄金投资】已完成提交，进入待评分流程，请及时处理，谢谢！', '1', '1', '2016-03-31 14:29:05', '0000-00-00 00:00:00');
INSERT INTO `zb_user_message` VALUES ('1141', '105', '【黄金投资】进入待评分流程', '【黄金投资】已完成提交，进入待评分流程，请及时处理，谢谢！', '1', '1', '2016-03-31 14:29:05', '0000-00-00 00:00:00');
INSERT INTO `zb_user_message` VALUES ('1142', '108', '【黄金投资】进入待评分流程', '【黄金投资】已完成提交，进入待评分流程，请及时处理，谢谢！', '1', '1', '2016-03-31 14:29:05', '0000-00-00 00:00:00');
INSERT INTO `zb_user_message` VALUES ('1143', '109', '【黄金投资】进入待评分流程', '【黄金投资】已完成提交，进入待评分流程，请及时处理，谢谢！', '1', '1', '2016-03-31 14:29:05', '0000-00-00 00:00:00');
INSERT INTO `zb_user_message` VALUES ('1144', '116', '【黄金投资】进入待评分流程', '【黄金投资】已完成提交，进入待评分流程，请及时处理，谢谢！', '1', '1', '2016-03-31 14:29:05', '0000-00-00 00:00:00');
INSERT INTO `zb_user_message` VALUES ('1145', '117', '【黄金投资】进入待评分流程', '【黄金投资】已完成提交，进入待评分流程，请及时处理，谢谢！', '1', '1', '2016-03-31 14:29:05', '0000-00-00 00:00:00');
INSERT INTO `zb_user_message` VALUES ('1146', '120', '【黄金投资】进入待评分流程', '【黄金投资】已完成提交，进入待评分流程，请及时处理，谢谢！', '1', '1', '2016-03-31 14:29:05', '0000-00-00 00:00:00');
INSERT INTO `zb_user_message` VALUES ('1147', '1', '【投资资源】 运营部 已评分', '【投资资源】 运营部 已评分，等待进入合同待上传流程，请知悉，谢谢！<br/>', '1', '2', '2016-03-31 14:29:08', '2016-12-14 15:05:44');
INSERT INTO `zb_user_message` VALUES ('1148', '1', '【投资资源】财富管理中心已完成评分', '【投资资源】已完成评分，进入合同待上传流程，请及时处理，谢谢！<br/>', '1', '2', '2016-03-31 14:30:32', '2016-04-22 20:12:24');
INSERT INTO `zb_user_message` VALUES ('1149', '115', '【黄金投资】 开发部 已评分', '【黄金投资】 开发部 已评分，等待进入合同待上传流程，请知悉，谢谢！<br/>', '1', '1', '2016-03-31 14:31:24', '0000-00-00 00:00:00');
INSERT INTO `zb_user_message` VALUES ('1150', '1', '【简称】 开发部 已评分', '【简称】 开发部 已评分，等待进入合同待上传流程，请知悉，谢谢！<br/>', '1', '2', '2016-03-31 14:31:28', '2016-04-18 14:21:05');
INSERT INTO `zb_user_message` VALUES ('1151', '1', '【简称】 开发部 已评分', '【简称】 开发部 已评分，等待进入合同待上传流程，请知悉，谢谢！<br/>', '1', '2', '2016-03-31 14:33:00', '2016-04-18 14:21:05');
INSERT INTO `zb_user_message` VALUES ('1152', '115', '【黄金投资】 开发部 已评分', '【黄金投资】 开发部 已评分，等待进入合同待上传流程，请知悉，谢谢！<br/>', '1', '1', '2016-03-31 14:33:34', '0000-00-00 00:00:00');
INSERT INTO `zb_user_message` VALUES ('1153', '1', '【简称】产品部已完成评分', '【简称】已完成评分，进入合同待上传流程，请及时处理，谢谢！<br/>', '1', '2', '2016-03-31 14:33:38', '2016-04-18 14:10:51');
INSERT INTO `zb_user_message` VALUES ('1154', '56', '【简称】进入合同待审核流程', '【简称】已完成合同上传，进入合同待审核流程，请及时处理，谢谢！<br/>', '1', '1', '2016-03-31 14:34:52', '0000-00-00 00:00:00');
INSERT INTO `zb_user_message` VALUES ('1155', '62', '【简称】进入合同待审核流程', '【简称】已完成合同上传，进入合同待审核流程，请及时处理，谢谢！<br/>', '1', '1', '2016-03-31 14:34:52', '0000-00-00 00:00:00');
INSERT INTO `zb_user_message` VALUES ('1156', '65', '【简称】进入合同待审核流程', '【简称】已完成合同上传，进入合同待审核流程，请及时处理，谢谢！<br/>', '1', '1', '2016-03-31 14:34:52', '0000-00-00 00:00:00');
INSERT INTO `zb_user_message` VALUES ('1157', '93', '【简称】进入合同待审核流程', '【简称】已完成合同上传，进入合同待审核流程，请及时处理，谢谢！<br/>', '1', '1', '2016-03-31 14:34:52', '0000-00-00 00:00:00');
INSERT INTO `zb_user_message` VALUES ('1158', '91', '【简称】进入产品待审核流程', '【简称】已完成合同审核，进入产品待审核流程，请及时处理，谢谢！<br/>', '1', '1', '2016-03-31 14:36:59', '0000-00-00 00:00:00');
INSERT INTO `zb_user_message` VALUES ('1159', '92', '【简称】进入产品待审核流程', '【简称】已完成合同审核，进入产品待审核流程，请及时处理，谢谢！<br/>', '1', '1', '2016-03-31 14:36:59', '0000-00-00 00:00:00');
INSERT INTO `zb_user_message` VALUES ('1160', '112', '【简称】进入产品待审核流程', '【简称】已完成合同审核，进入产品待审核流程，请及时处理，谢谢！<br/>', '1', '1', '2016-03-31 14:36:59', '0000-00-00 00:00:00');
INSERT INTO `zb_user_message` VALUES ('1161', '1', '【简称】进入产品待审核流程', '【简称】已完成合同审核，进入产品待审核流程，请及时处理，谢谢！<br/>', '1', '2', '2016-03-31 14:36:59', '2016-03-31 18:28:47');
INSERT INTO `zb_user_message` VALUES ('1162', '115', '【黄金投资】运营部已完成评分', '【黄金投资】已完成评分，进入合同待上传流程，请及时处理，谢谢！<br/>', '1', '1', '2016-03-31 14:37:03', '0000-00-00 00:00:00');
INSERT INTO `zb_user_message` VALUES ('1163', '1', '【简称】进入产品销售中流程', '【简称】已完成产品审核，进入产品销售中流程，请知悉！<br/>', '1', '2', '2016-03-31 14:37:39', '2016-04-18 14:10:57');
INSERT INTO `zb_user_message` VALUES ('1164', '61', '【简称】进入产品销售中流程', '【简称】已完成产品审核，进入产品销售中流程，请及时处理，谢谢！<br/>', '1', '1', '2016-03-31 14:37:39', '0000-00-00 00:00:00');
INSERT INTO `zb_user_message` VALUES ('1165', '71', '【简称】进入产品销售中流程', '【简称】已完成产品审核，进入产品销售中流程，请及时处理，谢谢！<br/>', '1', '1', '2016-03-31 14:37:39', '0000-00-00 00:00:00');
INSERT INTO `zb_user_message` VALUES ('1166', '75', '【简称】进入产品销售中流程', '【简称】已完成产品审核，进入产品销售中流程，请及时处理，谢谢！<br/>', '1', '1', '2016-03-31 14:37:39', '0000-00-00 00:00:00');
INSERT INTO `zb_user_message` VALUES ('1167', '96', '【简称】进入产品销售中流程', '【简称】已完成产品审核，进入产品销售中流程，请及时处理，谢谢！<br/>', '1', '1', '2016-03-31 14:37:39', '0000-00-00 00:00:00');
INSERT INTO `zb_user_message` VALUES ('1168', '117', '【简称】进入产品销售中流程', '【简称】已完成产品审核，进入产品销售中流程，请及时处理，谢谢！<br/>', '1', '1', '2016-03-31 14:37:39', '0000-00-00 00:00:00');
INSERT INTO `zb_user_message` VALUES ('1169', '120', '【简称】进入产品销售中流程', '【简称】已完成产品审核，进入产品销售中流程，请及时处理，谢谢！<br/>', '1', '1', '2016-03-31 14:37:39', '0000-00-00 00:00:00');
INSERT INTO `zb_user_message` VALUES ('1170', '56', '【黄金投资】进入合同待审核流程', '【黄金投资】已完成合同上传，进入合同待审核流程，请及时处理，谢谢！<br/>', '1', '1', '2016-03-31 14:37:44', '0000-00-00 00:00:00');
INSERT INTO `zb_user_message` VALUES ('1171', '62', '【黄金投资】进入合同待审核流程', '【黄金投资】已完成合同上传，进入合同待审核流程，请及时处理，谢谢！<br/>', '1', '1', '2016-03-31 14:37:44', '0000-00-00 00:00:00');
INSERT INTO `zb_user_message` VALUES ('1172', '65', '【黄金投资】进入合同待审核流程', '【黄金投资】已完成合同上传，进入合同待审核流程，请及时处理，谢谢！<br/>', '1', '1', '2016-03-31 14:37:44', '0000-00-00 00:00:00');
INSERT INTO `zb_user_message` VALUES ('1173', '93', '【黄金投资】进入合同待审核流程', '【黄金投资】已完成合同上传，进入合同待审核流程，请及时处理，谢谢！<br/>', '1', '1', '2016-03-31 14:37:44', '0000-00-00 00:00:00');
INSERT INTO `zb_user_message` VALUES ('1174', '56', '【投资资源】进入合同待审核流程', '【投资资源】已完成合同上传，进入合同待审核流程，请及时处理，谢谢！<br/>', '1', '1', '2016-03-31 14:39:44', '0000-00-00 00:00:00');
INSERT INTO `zb_user_message` VALUES ('1175', '62', '【投资资源】进入合同待审核流程', '【投资资源】已完成合同上传，进入合同待审核流程，请及时处理，谢谢！<br/>', '1', '1', '2016-03-31 14:39:44', '0000-00-00 00:00:00');
INSERT INTO `zb_user_message` VALUES ('1176', '65', '【投资资源】进入合同待审核流程', '【投资资源】已完成合同上传，进入合同待审核流程，请及时处理，谢谢！<br/>', '1', '1', '2016-03-31 14:39:44', '0000-00-00 00:00:00');
INSERT INTO `zb_user_message` VALUES ('1177', '93', '【投资资源】进入合同待审核流程', '【投资资源】已完成合同上传，进入合同待审核流程，请及时处理，谢谢！<br/>', '1', '1', '2016-03-31 14:39:44', '0000-00-00 00:00:00');
INSERT INTO `zb_user_message` VALUES ('1178', '91', '【投资资源】进入产品待审核流程', '【投资资源】已完成合同审核，进入产品待审核流程，请及时处理，谢谢！<br/>', '1', '1', '2016-03-31 14:43:58', '0000-00-00 00:00:00');
INSERT INTO `zb_user_message` VALUES ('1179', '92', '【投资资源】进入产品待审核流程', '【投资资源】已完成合同审核，进入产品待审核流程，请及时处理，谢谢！<br/>', '1', '1', '2016-03-31 14:43:58', '0000-00-00 00:00:00');
INSERT INTO `zb_user_message` VALUES ('1180', '112', '【投资资源】进入产品待审核流程', '【投资资源】已完成合同审核，进入产品待审核流程，请及时处理，谢谢！<br/>', '1', '1', '2016-03-31 14:43:58', '0000-00-00 00:00:00');
INSERT INTO `zb_user_message` VALUES ('1181', '1', '【投资资源】进入产品待审核流程', '【投资资源】已完成合同审核，进入产品待审核流程，请及时处理，谢谢！<br/>', '1', '2', '2016-03-31 14:43:58', '2016-03-31 18:29:02');
INSERT INTO `zb_user_message` VALUES ('1182', '1', '【投资资源】进入产品销售中流程', '【投资资源】已完成产品审核，进入产品销售中流程，请知悉！<br/>', '1', '2', '2016-03-31 14:53:38', '2016-04-18 14:11:00');
INSERT INTO `zb_user_message` VALUES ('1183', '61', '【投资资源】进入产品销售中流程', '【投资资源】已完成产品审核，进入产品销售中流程，请及时处理，谢谢！<br/>', '1', '1', '2016-03-31 14:53:38', '0000-00-00 00:00:00');
INSERT INTO `zb_user_message` VALUES ('1184', '71', '【投资资源】进入产品销售中流程', '【投资资源】已完成产品审核，进入产品销售中流程，请及时处理，谢谢！<br/>', '1', '1', '2016-03-31 14:53:38', '0000-00-00 00:00:00');
INSERT INTO `zb_user_message` VALUES ('1185', '75', '【投资资源】进入产品销售中流程', '【投资资源】已完成产品审核，进入产品销售中流程，请及时处理，谢谢！<br/>', '1', '1', '2016-03-31 14:53:38', '0000-00-00 00:00:00');
INSERT INTO `zb_user_message` VALUES ('1186', '96', '【投资资源】进入产品销售中流程', '【投资资源】已完成产品审核，进入产品销售中流程，请及时处理，谢谢！<br/>', '1', '1', '2016-03-31 14:53:38', '0000-00-00 00:00:00');
INSERT INTO `zb_user_message` VALUES ('1187', '117', '【投资资源】进入产品销售中流程', '【投资资源】已完成产品审核，进入产品销售中流程，请及时处理，谢谢！<br/>', '1', '1', '2016-03-31 14:53:38', '0000-00-00 00:00:00');
INSERT INTO `zb_user_message` VALUES ('1188', '120', '【投资资源】进入产品销售中流程', '【投资资源】已完成产品审核，进入产品销售中流程，请及时处理，谢谢！<br/>', '1', '1', '2016-03-31 14:53:38', '0000-00-00 00:00:00');
INSERT INTO `zb_user_message` VALUES ('1189', '60', '【海外资产】进入待评分流程', '【海外资产】已完成提交，进入待评分流程，请及时处理，谢谢！', '1', '1', '2016-03-31 15:30:36', '0000-00-00 00:00:00');
INSERT INTO `zb_user_message` VALUES ('1190', '61', '【海外资产】进入待评分流程', '【海外资产】已完成提交，进入待评分流程，请及时处理，谢谢！', '1', '1', '2016-03-31 15:30:36', '0000-00-00 00:00:00');
INSERT INTO `zb_user_message` VALUES ('1191', '63', '【海外资产】进入待评分流程', '【海外资产】已完成提交，进入待评分流程，请及时处理，谢谢！', '1', '1', '2016-03-31 15:30:36', '0000-00-00 00:00:00');
INSERT INTO `zb_user_message` VALUES ('1192', '70', '【海外资产】进入待评分流程', '【海外资产】已完成提交，进入待评分流程，请及时处理，谢谢！', '1', '1', '2016-03-31 15:30:36', '0000-00-00 00:00:00');
INSERT INTO `zb_user_message` VALUES ('1193', '71', '【海外资产】进入待评分流程', '【海外资产】已完成提交，进入待评分流程，请及时处理，谢谢！', '1', '1', '2016-03-31 15:30:36', '0000-00-00 00:00:00');
INSERT INTO `zb_user_message` VALUES ('1194', '74', '【海外资产】进入待评分流程', '【海外资产】已完成提交，进入待评分流程，请及时处理，谢谢！', '1', '1', '2016-03-31 15:30:36', '0000-00-00 00:00:00');
INSERT INTO `zb_user_message` VALUES ('1195', '75', '【海外资产】进入待评分流程', '【海外资产】已完成提交，进入待评分流程，请及时处理，谢谢！', '1', '1', '2016-03-31 15:30:36', '0000-00-00 00:00:00');
INSERT INTO `zb_user_message` VALUES ('1196', '76', '【海外资产】进入待评分流程', '【海外资产】已完成提交，进入待评分流程，请及时处理，谢谢！', '1', '1', '2016-03-31 15:30:36', '0000-00-00 00:00:00');
INSERT INTO `zb_user_message` VALUES ('1197', '83', '【海外资产】进入待评分流程', '【海外资产】已完成提交，进入待评分流程，请及时处理，谢谢！', '1', '1', '2016-03-31 15:30:36', '0000-00-00 00:00:00');
INSERT INTO `zb_user_message` VALUES ('1198', '87', '【海外资产】进入待评分流程', '【海外资产】已完成提交，进入待评分流程，请及时处理，谢谢！', '1', '1', '2016-03-31 15:30:36', '0000-00-00 00:00:00');
INSERT INTO `zb_user_message` VALUES ('1199', '94', '【海外资产】进入待评分流程', '【海外资产】已完成提交，进入待评分流程，请及时处理，谢谢！', '1', '1', '2016-03-31 15:30:36', '0000-00-00 00:00:00');
INSERT INTO `zb_user_message` VALUES ('1200', '96', '【海外资产】进入待评分流程', '【海外资产】已完成提交，进入待评分流程，请及时处理，谢谢！', '1', '1', '2016-03-31 15:30:36', '0000-00-00 00:00:00');
INSERT INTO `zb_user_message` VALUES ('1201', '98', '【海外资产】进入待评分流程', '【海外资产】已完成提交，进入待评分流程，请及时处理，谢谢！', '1', '1', '2016-03-31 15:30:36', '0000-00-00 00:00:00');
INSERT INTO `zb_user_message` VALUES ('1202', '105', '【海外资产】进入待评分流程', '【海外资产】已完成提交，进入待评分流程，请及时处理，谢谢！', '1', '1', '2016-03-31 15:30:37', '0000-00-00 00:00:00');
INSERT INTO `zb_user_message` VALUES ('1203', '108', '【海外资产】进入待评分流程', '【海外资产】已完成提交，进入待评分流程，请及时处理，谢谢！', '1', '1', '2016-03-31 15:30:37', '0000-00-00 00:00:00');
INSERT INTO `zb_user_message` VALUES ('1204', '109', '【海外资产】进入待评分流程', '【海外资产】已完成提交，进入待评分流程，请及时处理，谢谢！', '1', '1', '2016-03-31 15:30:37', '0000-00-00 00:00:00');
INSERT INTO `zb_user_message` VALUES ('1205', '116', '【海外资产】进入待评分流程', '【海外资产】已完成提交，进入待评分流程，请及时处理，谢谢！', '1', '1', '2016-03-31 15:30:37', '0000-00-00 00:00:00');
INSERT INTO `zb_user_message` VALUES ('1206', '117', '【海外资产】进入待评分流程', '【海外资产】已完成提交，进入待评分流程，请及时处理，谢谢！', '1', '1', '2016-03-31 15:30:37', '0000-00-00 00:00:00');
INSERT INTO `zb_user_message` VALUES ('1207', '120', '【海外资产】进入待评分流程', '【海外资产】已完成提交，进入待评分流程，请及时处理，谢谢！', '1', '1', '2016-03-31 15:30:37', '0000-00-00 00:00:00');
INSERT INTO `zb_user_message` VALUES ('1208', '115', '【海外资产】 开发部 已评分', '【海外资产】 开发部 已评分，等待进入合同待上传流程，请知悉，谢谢！<br/>', '1', '1', '2016-03-31 15:31:01', '0000-00-00 00:00:00');
INSERT INTO `zb_user_message` VALUES ('1209', '115', '【海外资产】 运营部 已评分', '【海外资产】 运营部 已评分，等待进入合同待上传流程，请知悉，谢谢！<br/>', '1', '1', '2016-03-31 15:31:29', '0000-00-00 00:00:00');
INSERT INTO `zb_user_message` VALUES ('1210', '115', '【海外资产】开发部已完成评分', '【海外资产】已完成评分，进入合同待上传流程，请及时处理，谢谢！<br/>', '1', '1', '2016-03-31 15:32:06', '0000-00-00 00:00:00');
INSERT INTO `zb_user_message` VALUES ('1211', '56', '【海外资产】进入合同待审核流程', '【海外资产】已完成合同上传，进入合同待审核流程，请及时处理，谢谢！<br/>', '1', '1', '2016-03-31 15:36:14', '0000-00-00 00:00:00');
INSERT INTO `zb_user_message` VALUES ('1212', '62', '【海外资产】进入合同待审核流程', '【海外资产】已完成合同上传，进入合同待审核流程，请及时处理，谢谢！<br/>', '1', '1', '2016-03-31 15:36:14', '0000-00-00 00:00:00');
INSERT INTO `zb_user_message` VALUES ('1213', '65', '【海外资产】进入合同待审核流程', '【海外资产】已完成合同上传，进入合同待审核流程，请及时处理，谢谢！<br/>', '1', '1', '2016-03-31 15:36:14', '0000-00-00 00:00:00');
INSERT INTO `zb_user_message` VALUES ('1214', '93', '【海外资产】进入合同待审核流程', '【海外资产】已完成合同上传，进入合同待审核流程，请及时处理，谢谢！<br/>', '1', '1', '2016-03-31 15:36:14', '0000-00-00 00:00:00');
INSERT INTO `zb_user_message` VALUES ('1215', '91', '【海外资产】进入产品待审核流程', '【海外资产】已完成合同审核，进入产品待审核流程，请及时处理，谢谢！<br/>', '1', '1', '2016-03-31 15:36:26', '0000-00-00 00:00:00');
INSERT INTO `zb_user_message` VALUES ('1216', '92', '【海外资产】进入产品待审核流程', '【海外资产】已完成合同审核，进入产品待审核流程，请及时处理，谢谢！<br/>', '1', '1', '2016-03-31 15:36:26', '0000-00-00 00:00:00');
INSERT INTO `zb_user_message` VALUES ('1217', '112', '【海外资产】进入产品待审核流程', '【海外资产】已完成合同审核，进入产品待审核流程，请及时处理，谢谢！<br/>', '1', '1', '2016-03-31 15:36:26', '0000-00-00 00:00:00');
INSERT INTO `zb_user_message` VALUES ('1218', '115', '【海外资产】进入产品待审核流程', '【海外资产】已完成合同审核，进入产品待审核流程，请及时处理，谢谢！<br/>', '1', '1', '2016-03-31 15:36:26', '0000-00-00 00:00:00');
INSERT INTO `zb_user_message` VALUES ('1219', '115', '【海外资产】进入产品销售中流程', '【海外资产】已完成产品审核，进入产品销售中流程，请知悉！<br/>', '1', '1', '2016-03-31 15:37:01', '0000-00-00 00:00:00');
INSERT INTO `zb_user_message` VALUES ('1220', '61', '【海外资产】进入产品销售中流程', '【海外资产】已完成产品审核，进入产品销售中流程，请及时处理，谢谢！<br/>', '1', '1', '2016-03-31 15:37:01', '0000-00-00 00:00:00');
INSERT INTO `zb_user_message` VALUES ('1221', '71', '【海外资产】进入产品销售中流程', '【海外资产】已完成产品审核，进入产品销售中流程，请及时处理，谢谢！<br/>', '1', '1', '2016-03-31 15:37:01', '0000-00-00 00:00:00');
INSERT INTO `zb_user_message` VALUES ('1222', '75', '【海外资产】进入产品销售中流程', '【海外资产】已完成产品审核，进入产品销售中流程，请及时处理，谢谢！<br/>', '1', '1', '2016-03-31 15:37:01', '0000-00-00 00:00:00');
INSERT INTO `zb_user_message` VALUES ('1223', '96', '【海外资产】进入产品销售中流程', '【海外资产】已完成产品审核，进入产品销售中流程，请及时处理，谢谢！<br/>', '1', '1', '2016-03-31 15:37:01', '0000-00-00 00:00:00');
INSERT INTO `zb_user_message` VALUES ('1224', '117', '【海外资产】进入产品销售中流程', '【海外资产】已完成产品审核，进入产品销售中流程，请及时处理，谢谢！<br/>', '1', '1', '2016-03-31 15:37:01', '0000-00-00 00:00:00');
INSERT INTO `zb_user_message` VALUES ('1225', '120', '【海外资产】进入产品销售中流程', '【海外资产】已完成产品审核，进入产品销售中流程，请及时处理，谢谢！<br/>', '1', '1', '2016-03-31 15:37:01', '0000-00-00 00:00:00');
INSERT INTO `zb_user_message` VALUES ('1226', '60', '【海外资产】完成费率方案编辑', '【海外资产】已完成费率方案编辑，请及时处理，谢谢！', '1', '1', '2016-03-31 15:38:23', '0000-00-00 00:00:00');
INSERT INTO `zb_user_message` VALUES ('1227', '64', '【海外资产】完成费率方案编辑', '【海外资产】已完成费率方案编辑，请及时处理，谢谢！', '1', '1', '2016-03-31 15:38:23', '0000-00-00 00:00:00');
INSERT INTO `zb_user_message` VALUES ('1228', '70', '【海外资产】完成费率方案编辑', '【海外资产】已完成费率方案编辑，请及时处理，谢谢！', '1', '1', '2016-03-31 15:38:23', '0000-00-00 00:00:00');
INSERT INTO `zb_user_message` VALUES ('1229', '74', '【海外资产】完成费率方案编辑', '【海外资产】已完成费率方案编辑，请及时处理，谢谢！', '1', '1', '2016-03-31 15:38:23', '0000-00-00 00:00:00');
INSERT INTO `zb_user_message` VALUES ('1230', '83', '【海外资产】完成费率方案编辑', '【海外资产】已完成费率方案编辑，请及时处理，谢谢！', '1', '1', '2016-03-31 15:38:23', '0000-00-00 00:00:00');
INSERT INTO `zb_user_message` VALUES ('1231', '85', '【海外资产】完成费率方案编辑', '【海外资产】已完成费率方案编辑，请及时处理，谢谢！', '1', '1', '2016-03-31 15:38:23', '0000-00-00 00:00:00');
INSERT INTO `zb_user_message` VALUES ('1232', '87', '【海外资产】完成费率方案编辑', '【海外资产】已完成费率方案编辑，请及时处理，谢谢！', '1', '1', '2016-03-31 15:38:23', '0000-00-00 00:00:00');
INSERT INTO `zb_user_message` VALUES ('1233', '91', '【海外资产】完成费率方案编辑', '【海外资产】已完成费率方案编辑，请及时处理，谢谢！', '1', '1', '2016-03-31 15:38:23', '0000-00-00 00:00:00');
INSERT INTO `zb_user_message` VALUES ('1234', '92', '【海外资产】完成费率方案编辑', '【海外资产】已完成费率方案编辑，请及时处理，谢谢！', '1', '1', '2016-03-31 15:38:23', '0000-00-00 00:00:00');
INSERT INTO `zb_user_message` VALUES ('1235', '94', '【海外资产】完成费率方案编辑', '【海外资产】已完成费率方案编辑，请及时处理，谢谢！', '1', '1', '2016-03-31 15:38:23', '0000-00-00 00:00:00');
INSERT INTO `zb_user_message` VALUES ('1236', '100', '【海外资产】完成费率方案编辑', '【海外资产】已完成费率方案编辑，请及时处理，谢谢！', '1', '1', '2016-03-31 15:38:23', '0000-00-00 00:00:00');
INSERT INTO `zb_user_message` VALUES ('1237', '105', '【海外资产】完成费率方案编辑', '【海外资产】已完成费率方案编辑，请及时处理，谢谢！', '1', '1', '2016-03-31 15:38:23', '0000-00-00 00:00:00');
INSERT INTO `zb_user_message` VALUES ('1238', '108', '【海外资产】完成费率方案编辑', '【海外资产】已完成费率方案编辑，请及时处理，谢谢！', '1', '1', '2016-03-31 15:38:23', '0000-00-00 00:00:00');
INSERT INTO `zb_user_message` VALUES ('1239', '109', '【海外资产】完成费率方案编辑', '【海外资产】已完成费率方案编辑，请及时处理，谢谢！', '1', '1', '2016-03-31 15:38:23', '0000-00-00 00:00:00');
INSERT INTO `zb_user_message` VALUES ('1240', '112', '【海外资产】完成费率方案编辑', '【海外资产】已完成费率方案编辑，请及时处理，谢谢！', '1', '1', '2016-03-31 15:38:23', '0000-00-00 00:00:00');
INSERT INTO `zb_user_message` VALUES ('1241', '116', '【海外资产】完成费率方案编辑', '【海外资产】已完成费率方案编辑，请及时处理，谢谢！', '1', '1', '2016-03-31 15:38:23', '0000-00-00 00:00:00');
INSERT INTO `zb_user_message` VALUES ('1242', '119', '【海外资产】完成费率方案编辑', '【海外资产】已完成费率方案编辑，请及时处理，谢谢！', '1', '1', '2016-03-31 15:38:23', '0000-00-00 00:00:00');
INSERT INTO `zb_user_message` VALUES ('1243', '60', '【海外资产】通过费率方案', '【海外资产】通过费率方案，请知悉，谢谢！', '1', '1', '2016-03-31 15:42:52', '0000-00-00 00:00:00');
INSERT INTO `zb_user_message` VALUES ('1244', '64', '【海外资产】通过费率方案', '【海外资产】通过费率方案，请知悉，谢谢！', '1', '1', '2016-03-31 15:42:52', '0000-00-00 00:00:00');
INSERT INTO `zb_user_message` VALUES ('1245', '70', '【海外资产】通过费率方案', '【海外资产】通过费率方案，请知悉，谢谢！', '1', '1', '2016-03-31 15:42:52', '0000-00-00 00:00:00');
INSERT INTO `zb_user_message` VALUES ('1246', '74', '【海外资产】通过费率方案', '【海外资产】通过费率方案，请知悉，谢谢！', '1', '1', '2016-03-31 15:42:52', '0000-00-00 00:00:00');
INSERT INTO `zb_user_message` VALUES ('1247', '83', '【海外资产】通过费率方案', '【海外资产】通过费率方案，请知悉，谢谢！', '1', '1', '2016-03-31 15:42:52', '0000-00-00 00:00:00');
INSERT INTO `zb_user_message` VALUES ('1248', '85', '【海外资产】通过费率方案', '【海外资产】通过费率方案，请知悉，谢谢！', '1', '1', '2016-03-31 15:42:52', '0000-00-00 00:00:00');
INSERT INTO `zb_user_message` VALUES ('1249', '87', '【海外资产】通过费率方案', '【海外资产】通过费率方案，请知悉，谢谢！', '1', '1', '2016-03-31 15:42:52', '0000-00-00 00:00:00');
INSERT INTO `zb_user_message` VALUES ('1250', '91', '【海外资产】通过费率方案', '【海外资产】通过费率方案，请知悉，谢谢！', '1', '1', '2016-03-31 15:42:52', '0000-00-00 00:00:00');
INSERT INTO `zb_user_message` VALUES ('1251', '92', '【海外资产】通过费率方案', '【海外资产】通过费率方案，请知悉，谢谢！', '1', '1', '2016-03-31 15:42:52', '0000-00-00 00:00:00');
INSERT INTO `zb_user_message` VALUES ('1252', '94', '【海外资产】通过费率方案', '【海外资产】通过费率方案，请知悉，谢谢！', '1', '1', '2016-03-31 15:42:52', '0000-00-00 00:00:00');
INSERT INTO `zb_user_message` VALUES ('1253', '100', '【海外资产】通过费率方案', '【海外资产】通过费率方案，请知悉，谢谢！', '1', '1', '2016-03-31 15:42:52', '0000-00-00 00:00:00');
INSERT INTO `zb_user_message` VALUES ('1254', '105', '【海外资产】通过费率方案', '【海外资产】通过费率方案，请知悉，谢谢！', '1', '1', '2016-03-31 15:42:52', '0000-00-00 00:00:00');
INSERT INTO `zb_user_message` VALUES ('1255', '108', '【海外资产】通过费率方案', '【海外资产】通过费率方案，请知悉，谢谢！', '1', '1', '2016-03-31 15:42:52', '0000-00-00 00:00:00');
INSERT INTO `zb_user_message` VALUES ('1256', '109', '【海外资产】通过费率方案', '【海外资产】通过费率方案，请知悉，谢谢！', '1', '1', '2016-03-31 15:42:52', '0000-00-00 00:00:00');
INSERT INTO `zb_user_message` VALUES ('1257', '112', '【海外资产】通过费率方案', '【海外资产】通过费率方案，请知悉，谢谢！', '1', '1', '2016-03-31 15:42:52', '0000-00-00 00:00:00');
INSERT INTO `zb_user_message` VALUES ('1258', '116', '【海外资产】通过费率方案', '【海外资产】通过费率方案，请知悉，谢谢！', '1', '1', '2016-03-31 15:42:52', '0000-00-00 00:00:00');
INSERT INTO `zb_user_message` VALUES ('1259', '119', '【海外资产】通过费率方案', '【海外资产】通过费率方案，请知悉，谢谢！', '1', '1', '2016-03-31 15:42:52', '0000-00-00 00:00:00');
INSERT INTO `zb_user_message` VALUES ('1260', '1', '【简称】被暂停', '【简称】已被暂停，进入暂下回状态。请知悉，谢谢！', '1', '2', '2016-03-31 15:44:24', '2016-04-18 14:11:09');
INSERT INTO `zb_user_message` VALUES ('1261', '115', '【海外资产】被暂停', '【海外资产】已被暂停，进入暂下回状态。请知悉，谢谢！', '1', '1', '2016-03-31 15:50:01', '0000-00-00 00:00:00');
INSERT INTO `zb_user_message` VALUES ('1262', '60', '【投资资源】完成费率方案编辑', '【投资资源】已完成费率方案编辑，请及时处理，谢谢！', '1', '1', '2016-03-31 15:50:19', '0000-00-00 00:00:00');
INSERT INTO `zb_user_message` VALUES ('1263', '64', '【投资资源】完成费率方案编辑', '【投资资源】已完成费率方案编辑，请及时处理，谢谢！', '1', '1', '2016-03-31 15:50:19', '0000-00-00 00:00:00');
INSERT INTO `zb_user_message` VALUES ('1264', '70', '【投资资源】完成费率方案编辑', '【投资资源】已完成费率方案编辑，请及时处理，谢谢！', '1', '1', '2016-03-31 15:50:19', '0000-00-00 00:00:00');
INSERT INTO `zb_user_message` VALUES ('1265', '74', '【投资资源】完成费率方案编辑', '【投资资源】已完成费率方案编辑，请及时处理，谢谢！', '1', '1', '2016-03-31 15:50:19', '0000-00-00 00:00:00');
INSERT INTO `zb_user_message` VALUES ('1266', '83', '【投资资源】完成费率方案编辑', '【投资资源】已完成费率方案编辑，请及时处理，谢谢！', '1', '1', '2016-03-31 15:50:19', '0000-00-00 00:00:00');
INSERT INTO `zb_user_message` VALUES ('1267', '85', '【投资资源】完成费率方案编辑', '【投资资源】已完成费率方案编辑，请及时处理，谢谢！', '1', '1', '2016-03-31 15:50:19', '0000-00-00 00:00:00');
INSERT INTO `zb_user_message` VALUES ('1268', '87', '【投资资源】完成费率方案编辑', '【投资资源】已完成费率方案编辑，请及时处理，谢谢！', '1', '1', '2016-03-31 15:50:19', '0000-00-00 00:00:00');
INSERT INTO `zb_user_message` VALUES ('1269', '91', '【投资资源】完成费率方案编辑', '【投资资源】已完成费率方案编辑，请及时处理，谢谢！', '1', '1', '2016-03-31 15:50:19', '0000-00-00 00:00:00');
INSERT INTO `zb_user_message` VALUES ('1270', '92', '【投资资源】完成费率方案编辑', '【投资资源】已完成费率方案编辑，请及时处理，谢谢！', '1', '1', '2016-03-31 15:50:19', '0000-00-00 00:00:00');
INSERT INTO `zb_user_message` VALUES ('1271', '94', '【投资资源】完成费率方案编辑', '【投资资源】已完成费率方案编辑，请及时处理，谢谢！', '1', '1', '2016-03-31 15:50:19', '0000-00-00 00:00:00');
INSERT INTO `zb_user_message` VALUES ('1272', '100', '【投资资源】完成费率方案编辑', '【投资资源】已完成费率方案编辑，请及时处理，谢谢！', '1', '1', '2016-03-31 15:50:19', '0000-00-00 00:00:00');
INSERT INTO `zb_user_message` VALUES ('1273', '105', '【投资资源】完成费率方案编辑', '【投资资源】已完成费率方案编辑，请及时处理，谢谢！', '1', '1', '2016-03-31 15:50:19', '0000-00-00 00:00:00');
INSERT INTO `zb_user_message` VALUES ('1274', '108', '【投资资源】完成费率方案编辑', '【投资资源】已完成费率方案编辑，请及时处理，谢谢！', '1', '1', '2016-03-31 15:50:19', '0000-00-00 00:00:00');
INSERT INTO `zb_user_message` VALUES ('1275', '109', '【投资资源】完成费率方案编辑', '【投资资源】已完成费率方案编辑，请及时处理，谢谢！', '1', '1', '2016-03-31 15:50:19', '0000-00-00 00:00:00');
INSERT INTO `zb_user_message` VALUES ('1276', '112', '【投资资源】完成费率方案编辑', '【投资资源】已完成费率方案编辑，请及时处理，谢谢！', '1', '1', '2016-03-31 15:50:19', '0000-00-00 00:00:00');
INSERT INTO `zb_user_message` VALUES ('1277', '116', '【投资资源】完成费率方案编辑', '【投资资源】已完成费率方案编辑，请及时处理，谢谢！', '1', '1', '2016-03-31 15:50:19', '0000-00-00 00:00:00');
INSERT INTO `zb_user_message` VALUES ('1278', '119', '【投资资源】完成费率方案编辑', '【投资资源】已完成费率方案编辑，请及时处理，谢谢！', '1', '1', '2016-03-31 15:50:19', '0000-00-00 00:00:00');
INSERT INTO `zb_user_message` VALUES ('1279', '115', '【海外资产】已起售', '【海外资产】已起售，进入销售中状态。请知悉，谢谢！', '1', '1', '2016-03-31 15:51:09', '0000-00-00 00:00:00');
INSERT INTO `zb_user_message` VALUES ('1280', '115', '【海外资产】已下架', '【海外资产】已下架，进入被下架状态。请知悉，谢谢！', '1', '1', '2016-03-31 15:51:15', '0000-00-00 00:00:00');
INSERT INTO `zb_user_message` VALUES ('1281', '60', '【投资资源】通过费率方案', '【投资资源】通过费率方案，请知悉，谢谢！', '1', '1', '2016-03-31 16:02:43', '0000-00-00 00:00:00');
INSERT INTO `zb_user_message` VALUES ('1282', '64', '【投资资源】通过费率方案', '【投资资源】通过费率方案，请知悉，谢谢！', '1', '1', '2016-03-31 16:02:43', '0000-00-00 00:00:00');
INSERT INTO `zb_user_message` VALUES ('1283', '70', '【投资资源】通过费率方案', '【投资资源】通过费率方案，请知悉，谢谢！', '1', '1', '2016-03-31 16:02:43', '0000-00-00 00:00:00');
INSERT INTO `zb_user_message` VALUES ('1284', '74', '【投资资源】通过费率方案', '【投资资源】通过费率方案，请知悉，谢谢！', '1', '1', '2016-03-31 16:02:43', '0000-00-00 00:00:00');
INSERT INTO `zb_user_message` VALUES ('1285', '83', '【投资资源】通过费率方案', '【投资资源】通过费率方案，请知悉，谢谢！', '1', '1', '2016-03-31 16:02:43', '0000-00-00 00:00:00');
INSERT INTO `zb_user_message` VALUES ('1286', '85', '【投资资源】通过费率方案', '【投资资源】通过费率方案，请知悉，谢谢！', '1', '1', '2016-03-31 16:02:43', '0000-00-00 00:00:00');
INSERT INTO `zb_user_message` VALUES ('1287', '87', '【投资资源】通过费率方案', '【投资资源】通过费率方案，请知悉，谢谢！', '1', '1', '2016-03-31 16:02:43', '0000-00-00 00:00:00');
INSERT INTO `zb_user_message` VALUES ('1288', '91', '【投资资源】通过费率方案', '【投资资源】通过费率方案，请知悉，谢谢！', '1', '1', '2016-03-31 16:02:43', '0000-00-00 00:00:00');
INSERT INTO `zb_user_message` VALUES ('1289', '92', '【投资资源】通过费率方案', '【投资资源】通过费率方案，请知悉，谢谢！', '1', '1', '2016-03-31 16:02:43', '0000-00-00 00:00:00');
INSERT INTO `zb_user_message` VALUES ('1290', '94', '【投资资源】通过费率方案', '【投资资源】通过费率方案，请知悉，谢谢！', '1', '1', '2016-03-31 16:02:43', '0000-00-00 00:00:00');
INSERT INTO `zb_user_message` VALUES ('1291', '100', '【投资资源】通过费率方案', '【投资资源】通过费率方案，请知悉，谢谢！', '1', '1', '2016-03-31 16:02:43', '0000-00-00 00:00:00');
INSERT INTO `zb_user_message` VALUES ('1292', '105', '【投资资源】通过费率方案', '【投资资源】通过费率方案，请知悉，谢谢！', '1', '1', '2016-03-31 16:02:43', '0000-00-00 00:00:00');
INSERT INTO `zb_user_message` VALUES ('1293', '108', '【投资资源】通过费率方案', '【投资资源】通过费率方案，请知悉，谢谢！', '1', '1', '2016-03-31 16:02:43', '0000-00-00 00:00:00');
INSERT INTO `zb_user_message` VALUES ('1294', '109', '【投资资源】通过费率方案', '【投资资源】通过费率方案，请知悉，谢谢！', '1', '1', '2016-03-31 16:02:43', '0000-00-00 00:00:00');
INSERT INTO `zb_user_message` VALUES ('1295', '112', '【投资资源】通过费率方案', '【投资资源】通过费率方案，请知悉，谢谢！', '1', '1', '2016-03-31 16:02:43', '0000-00-00 00:00:00');
INSERT INTO `zb_user_message` VALUES ('1296', '116', '【投资资源】通过费率方案', '【投资资源】通过费率方案，请知悉，谢谢！', '1', '1', '2016-03-31 16:02:43', '0000-00-00 00:00:00');
INSERT INTO `zb_user_message` VALUES ('1297', '119', '【投资资源】通过费率方案', '【投资资源】通过费率方案，请知悉，谢谢！', '1', '1', '2016-03-31 16:02:43', '0000-00-00 00:00:00');
INSERT INTO `zb_user_message` VALUES ('1298', '1', '【投资资源】被暂停', '【投资资源】已被暂停，进入暂下回状态。请知悉，谢谢！', '1', '2', '2016-03-31 16:06:00', '2016-04-18 14:11:09');
INSERT INTO `zb_user_message` VALUES ('1299', '1', '【外贸信托】已下架', '【外贸信托】已下架，进入被下架状态。请知悉，谢谢！', '1', '2', '2016-03-31 16:06:58', '2016-04-14 15:12:45');
INSERT INTO `zb_user_message` VALUES ('1300', '1', '【投资资源】已起售', '【投资资源】已起售，进入销售中状态。请知悉，谢谢！', '1', '2', '2016-03-31 16:09:26', '2016-03-31 18:22:56');
INSERT INTO `zb_user_message` VALUES ('1301', '115', '【车贷信行】 开发部 已评分', '【车贷信行】 开发部 已评分，等待进入合同待上传流程，请知悉，谢谢！<br/>', '1', '1', '2016-03-31 18:03:40', '0000-00-00 00:00:00');
INSERT INTO `zb_user_message` VALUES ('1302', '115', '【黄金投资】被退回', '【黄金投资】在产品审核环节被退回，请及时处理，谢谢！<br/>退回理由：施工队活动', '1', '1', '2016-04-01 09:58:59', '0000-00-00 00:00:00');
INSERT INTO `zb_user_message` VALUES ('1303', '60', '【黄金投资】进入待评分流程', '【黄金投资】已完成提交，进入待评分流程，请及时处理，谢谢！', '1', '1', '2016-04-01 10:00:06', '0000-00-00 00:00:00');
INSERT INTO `zb_user_message` VALUES ('1304', '61', '【黄金投资】进入待评分流程', '【黄金投资】已完成提交，进入待评分流程，请及时处理，谢谢！', '1', '1', '2016-04-01 10:00:06', '0000-00-00 00:00:00');
INSERT INTO `zb_user_message` VALUES ('1305', '63', '【黄金投资】进入待评分流程', '【黄金投资】已完成提交，进入待评分流程，请及时处理，谢谢！', '1', '1', '2016-04-01 10:00:06', '0000-00-00 00:00:00');
INSERT INTO `zb_user_message` VALUES ('1306', '68', '【黄金投资】进入待评分流程', '【黄金投资】已完成提交，进入待评分流程，请及时处理，谢谢！', '1', '1', '2016-04-01 10:00:06', '0000-00-00 00:00:00');
INSERT INTO `zb_user_message` VALUES ('1307', '70', '【黄金投资】进入待评分流程', '【黄金投资】已完成提交，进入待评分流程，请及时处理，谢谢！', '1', '1', '2016-04-01 10:00:06', '0000-00-00 00:00:00');
INSERT INTO `zb_user_message` VALUES ('1308', '71', '【黄金投资】进入待评分流程', '【黄金投资】已完成提交，进入待评分流程，请及时处理，谢谢！', '1', '1', '2016-04-01 10:00:06', '0000-00-00 00:00:00');
INSERT INTO `zb_user_message` VALUES ('1309', '74', '【黄金投资】进入待评分流程', '【黄金投资】已完成提交，进入待评分流程，请及时处理，谢谢！', '1', '1', '2016-04-01 10:00:06', '0000-00-00 00:00:00');
INSERT INTO `zb_user_message` VALUES ('1310', '75', '【黄金投资】进入待评分流程', '【黄金投资】已完成提交，进入待评分流程，请及时处理，谢谢！', '1', '1', '2016-04-01 10:00:06', '0000-00-00 00:00:00');
INSERT INTO `zb_user_message` VALUES ('1311', '76', '【黄金投资】进入待评分流程', '【黄金投资】已完成提交，进入待评分流程，请及时处理，谢谢！', '1', '1', '2016-04-01 10:00:06', '0000-00-00 00:00:00');
INSERT INTO `zb_user_message` VALUES ('1312', '83', '【黄金投资】进入待评分流程', '【黄金投资】已完成提交，进入待评分流程，请及时处理，谢谢！', '1', '1', '2016-04-01 10:00:06', '0000-00-00 00:00:00');
INSERT INTO `zb_user_message` VALUES ('1313', '87', '【黄金投资】进入待评分流程', '【黄金投资】已完成提交，进入待评分流程，请及时处理，谢谢！', '1', '1', '2016-04-01 10:00:06', '0000-00-00 00:00:00');
INSERT INTO `zb_user_message` VALUES ('1314', '94', '【黄金投资】进入待评分流程', '【黄金投资】已完成提交，进入待评分流程，请及时处理，谢谢！', '1', '1', '2016-04-01 10:00:06', '0000-00-00 00:00:00');
INSERT INTO `zb_user_message` VALUES ('1315', '96', '【黄金投资】进入待评分流程', '【黄金投资】已完成提交，进入待评分流程，请及时处理，谢谢！', '1', '1', '2016-04-01 10:00:06', '0000-00-00 00:00:00');
INSERT INTO `zb_user_message` VALUES ('1316', '98', '【黄金投资】进入待评分流程', '【黄金投资】已完成提交，进入待评分流程，请及时处理，谢谢！', '1', '1', '2016-04-01 10:00:06', '0000-00-00 00:00:00');
INSERT INTO `zb_user_message` VALUES ('1317', '102', '【黄金投资】进入待评分流程', '【黄金投资】已完成提交，进入待评分流程，请及时处理，谢谢！', '1', '1', '2016-04-01 10:00:06', '0000-00-00 00:00:00');
INSERT INTO `zb_user_message` VALUES ('1318', '105', '【黄金投资】进入待评分流程', '【黄金投资】已完成提交，进入待评分流程，请及时处理，谢谢！', '1', '1', '2016-04-01 10:00:06', '0000-00-00 00:00:00');
INSERT INTO `zb_user_message` VALUES ('1319', '108', '【黄金投资】进入待评分流程', '【黄金投资】已完成提交，进入待评分流程，请及时处理，谢谢！', '1', '1', '2016-04-01 10:00:06', '0000-00-00 00:00:00');
INSERT INTO `zb_user_message` VALUES ('1320', '109', '【黄金投资】进入待评分流程', '【黄金投资】已完成提交，进入待评分流程，请及时处理，谢谢！', '1', '1', '2016-04-01 10:00:06', '0000-00-00 00:00:00');
INSERT INTO `zb_user_message` VALUES ('1321', '116', '【黄金投资】进入待评分流程', '【黄金投资】已完成提交，进入待评分流程，请及时处理，谢谢！', '1', '1', '2016-04-01 10:00:06', '0000-00-00 00:00:00');
INSERT INTO `zb_user_message` VALUES ('1322', '117', '【黄金投资】进入待评分流程', '【黄金投资】已完成提交，进入待评分流程，请及时处理，谢谢！', '1', '1', '2016-04-01 10:00:06', '0000-00-00 00:00:00');
INSERT INTO `zb_user_message` VALUES ('1323', '120', '【黄金投资】进入待评分流程', '【黄金投资】已完成提交，进入待评分流程，请及时处理，谢谢！', '1', '1', '2016-04-01 10:00:06', '0000-00-00 00:00:00');
INSERT INTO `zb_user_message` VALUES ('1324', '122', '【黄金投资】进入待评分流程', '【黄金投资】已完成提交，进入待评分流程，请及时处理，谢谢！', '1', '1', '2016-04-01 10:00:06', '0000-00-00 00:00:00');
INSERT INTO `zb_user_message` VALUES ('1325', '115', '【黄金投资】 开发部 已评分', '【黄金投资】 开发部 已评分，等待进入合同待上传流程，请知悉，谢谢！<br/>', '1', '1', '2016-04-01 10:01:16', '0000-00-00 00:00:00');
INSERT INTO `zb_user_message` VALUES ('1326', '115', '【黄金投资】 开发部 已评分', '【黄金投资】 开发部 已评分，等待进入合同待上传流程，请知悉，谢谢！<br/>', '1', '1', '2016-04-01 10:02:10', '0000-00-00 00:00:00');
INSERT INTO `zb_user_message` VALUES ('1327', '115', '【黄金投资】运营部已完成评分', '【黄金投资】已完成评分，进入合同待上传流程，请及时处理，谢谢！<br/>', '1', '1', '2016-04-01 10:02:37', '0000-00-00 00:00:00');
INSERT INTO `zb_user_message` VALUES ('1328', '56', '【黄金投资】进入合同待审核流程', '【黄金投资】已完成合同上传，进入合同待审核流程，请及时处理，谢谢！<br/>', '1', '1', '2016-04-01 10:03:25', '0000-00-00 00:00:00');
INSERT INTO `zb_user_message` VALUES ('1329', '62', '【黄金投资】进入合同待审核流程', '【黄金投资】已完成合同上传，进入合同待审核流程，请及时处理，谢谢！<br/>', '1', '1', '2016-04-01 10:03:25', '0000-00-00 00:00:00');
INSERT INTO `zb_user_message` VALUES ('1330', '65', '【黄金投资】进入合同待审核流程', '【黄金投资】已完成合同上传，进入合同待审核流程，请及时处理，谢谢！<br/>', '1', '1', '2016-04-01 10:03:25', '0000-00-00 00:00:00');
INSERT INTO `zb_user_message` VALUES ('1331', '93', '【黄金投资】进入合同待审核流程', '【黄金投资】已完成合同上传，进入合同待审核流程，请及时处理，谢谢！<br/>', '1', '1', '2016-04-01 10:03:25', '0000-00-00 00:00:00');
INSERT INTO `zb_user_message` VALUES ('1332', '121', '【黄金投资】进入合同待审核流程', '【黄金投资】已完成合同上传，进入合同待审核流程，请及时处理，谢谢！<br/>', '1', '1', '2016-04-01 10:03:25', '0000-00-00 00:00:00');
INSERT INTO `zb_user_message` VALUES ('1333', '123', '【黄金投资】进入合同待审核流程', '【黄金投资】已完成合同上传，进入合同待审核流程，请及时处理，谢谢！<br/>', '1', '1', '2016-04-01 10:03:25', '0000-00-00 00:00:00');
INSERT INTO `zb_user_message` VALUES ('1334', '91', '【黄金投资】进入产品待审核流程', '【黄金投资】已完成合同审核，进入产品待审核流程，请及时处理，谢谢！<br/>', '1', '1', '2016-04-01 10:03:38', '0000-00-00 00:00:00');
INSERT INTO `zb_user_message` VALUES ('1335', '92', '【黄金投资】进入产品待审核流程', '【黄金投资】已完成合同审核，进入产品待审核流程，请及时处理，谢谢！<br/>', '1', '1', '2016-04-01 10:03:38', '0000-00-00 00:00:00');
INSERT INTO `zb_user_message` VALUES ('1336', '112', '【黄金投资】进入产品待审核流程', '【黄金投资】已完成合同审核，进入产品待审核流程，请及时处理，谢谢！<br/>', '1', '1', '2016-04-01 10:03:38', '0000-00-00 00:00:00');
INSERT INTO `zb_user_message` VALUES ('1337', '115', '【黄金投资】进入产品待审核流程', '【黄金投资】已完成合同审核，进入产品待审核流程，请及时处理，谢谢！<br/>', '1', '1', '2016-04-01 10:03:38', '0000-00-00 00:00:00');
INSERT INTO `zb_user_message` VALUES ('1338', '115', '【黄金投资】被终止', '【黄金投资】在产品审核环节被终止，请知悉，谢谢！<br/>', '1', '1', '2016-04-01 10:03:43', '0000-00-00 00:00:00');
INSERT INTO `zb_user_message` VALUES ('1339', '115', '【海外资产】被还原', '【海外资产】已被还原到您的产品部工作台，请知悉，谢谢！', '1', '1', '2016-04-01 13:55:00', '0000-00-00 00:00:00');
INSERT INTO `zb_user_message` VALUES ('1340', '115', '【黄金投资】被还原', '【黄金投资】已被还原到您的产品部工作台，请知悉，谢谢！', '1', '1', '2016-04-06 13:05:45', '0000-00-00 00:00:00');
INSERT INTO `zb_user_message` VALUES ('1341', '60', '【海外资产】进入待评分流程', '【海外资产】已完成提交，进入待评分流程，请及时处理，谢谢！', '1', '1', '2016-04-06 13:05:58', '0000-00-00 00:00:00');
INSERT INTO `zb_user_message` VALUES ('1342', '61', '【海外资产】进入待评分流程', '【海外资产】已完成提交，进入待评分流程，请及时处理，谢谢！', '1', '1', '2016-04-06 13:05:58', '0000-00-00 00:00:00');
INSERT INTO `zb_user_message` VALUES ('1343', '63', '【海外资产】进入待评分流程', '【海外资产】已完成提交，进入待评分流程，请及时处理，谢谢！', '1', '1', '2016-04-06 13:05:58', '0000-00-00 00:00:00');
INSERT INTO `zb_user_message` VALUES ('1344', '68', '【海外资产】进入待评分流程', '【海外资产】已完成提交，进入待评分流程，请及时处理，谢谢！', '1', '1', '2016-04-06 13:05:58', '0000-00-00 00:00:00');
INSERT INTO `zb_user_message` VALUES ('1345', '70', '【海外资产】进入待评分流程', '【海外资产】已完成提交，进入待评分流程，请及时处理，谢谢！', '1', '1', '2016-04-06 13:05:58', '0000-00-00 00:00:00');
INSERT INTO `zb_user_message` VALUES ('1346', '71', '【海外资产】进入待评分流程', '【海外资产】已完成提交，进入待评分流程，请及时处理，谢谢！', '1', '1', '2016-04-06 13:05:58', '0000-00-00 00:00:00');
INSERT INTO `zb_user_message` VALUES ('1347', '74', '【海外资产】进入待评分流程', '【海外资产】已完成提交，进入待评分流程，请及时处理，谢谢！', '1', '1', '2016-04-06 13:05:58', '0000-00-00 00:00:00');
INSERT INTO `zb_user_message` VALUES ('1348', '75', '【海外资产】进入待评分流程', '【海外资产】已完成提交，进入待评分流程，请及时处理，谢谢！', '1', '1', '2016-04-06 13:05:58', '0000-00-00 00:00:00');
INSERT INTO `zb_user_message` VALUES ('1349', '76', '【海外资产】进入待评分流程', '【海外资产】已完成提交，进入待评分流程，请及时处理，谢谢！', '1', '1', '2016-04-06 13:05:58', '0000-00-00 00:00:00');
INSERT INTO `zb_user_message` VALUES ('1350', '83', '【海外资产】进入待评分流程', '【海外资产】已完成提交，进入待评分流程，请及时处理，谢谢！', '1', '1', '2016-04-06 13:05:58', '0000-00-00 00:00:00');
INSERT INTO `zb_user_message` VALUES ('1351', '87', '【海外资产】进入待评分流程', '【海外资产】已完成提交，进入待评分流程，请及时处理，谢谢！', '1', '1', '2016-04-06 13:05:58', '0000-00-00 00:00:00');
INSERT INTO `zb_user_message` VALUES ('1352', '94', '【海外资产】进入待评分流程', '【海外资产】已完成提交，进入待评分流程，请及时处理，谢谢！', '1', '1', '2016-04-06 13:05:58', '0000-00-00 00:00:00');
INSERT INTO `zb_user_message` VALUES ('1353', '96', '【海外资产】进入待评分流程', '【海外资产】已完成提交，进入待评分流程，请及时处理，谢谢！', '1', '1', '2016-04-06 13:05:58', '0000-00-00 00:00:00');
INSERT INTO `zb_user_message` VALUES ('1354', '98', '【海外资产】进入待评分流程', '【海外资产】已完成提交，进入待评分流程，请及时处理，谢谢！', '1', '1', '2016-04-06 13:05:58', '0000-00-00 00:00:00');
INSERT INTO `zb_user_message` VALUES ('1355', '102', '【海外资产】进入待评分流程', '【海外资产】已完成提交，进入待评分流程，请及时处理，谢谢！', '1', '1', '2016-04-06 13:05:58', '0000-00-00 00:00:00');
INSERT INTO `zb_user_message` VALUES ('1356', '105', '【海外资产】进入待评分流程', '【海外资产】已完成提交，进入待评分流程，请及时处理，谢谢！', '1', '1', '2016-04-06 13:05:58', '0000-00-00 00:00:00');
INSERT INTO `zb_user_message` VALUES ('1357', '108', '【海外资产】进入待评分流程', '【海外资产】已完成提交，进入待评分流程，请及时处理，谢谢！', '1', '1', '2016-04-06 13:05:58', '0000-00-00 00:00:00');
INSERT INTO `zb_user_message` VALUES ('1358', '109', '【海外资产】进入待评分流程', '【海外资产】已完成提交，进入待评分流程，请及时处理，谢谢！', '1', '1', '2016-04-06 13:05:58', '0000-00-00 00:00:00');
INSERT INTO `zb_user_message` VALUES ('1359', '116', '【海外资产】进入待评分流程', '【海外资产】已完成提交，进入待评分流程，请及时处理，谢谢！', '1', '1', '2016-04-06 13:05:58', '0000-00-00 00:00:00');
INSERT INTO `zb_user_message` VALUES ('1360', '117', '【海外资产】进入待评分流程', '【海外资产】已完成提交，进入待评分流程，请及时处理，谢谢！', '1', '1', '2016-04-06 13:05:58', '0000-00-00 00:00:00');
INSERT INTO `zb_user_message` VALUES ('1361', '120', '【海外资产】进入待评分流程', '【海外资产】已完成提交，进入待评分流程，请及时处理，谢谢！', '1', '1', '2016-04-06 13:05:58', '0000-00-00 00:00:00');
INSERT INTO `zb_user_message` VALUES ('1362', '122', '【海外资产】进入待评分流程', '【海外资产】已完成提交，进入待评分流程，请及时处理，谢谢！', '1', '1', '2016-04-06 13:05:58', '0000-00-00 00:00:00');
INSERT INTO `zb_user_message` VALUES ('1363', '124', '【海外资产】进入待评分流程', '【海外资产】已完成提交，进入待评分流程，请及时处理，谢谢！', '1', '1', '2016-04-06 13:05:58', '0000-00-00 00:00:00');
INSERT INTO `zb_user_message` VALUES ('1364', '125', '【海外资产】进入待评分流程', '【海外资产】已完成提交，进入待评分流程，请及时处理，谢谢！', '1', '1', '2016-04-06 13:05:58', '0000-00-00 00:00:00');
INSERT INTO `zb_user_message` VALUES ('1365', '115', '【海外资产】 开发部 已评分', '【海外资产】 开发部 已评分，等待进入合同待上传流程，请知悉，谢谢！<br/>', '1', '1', '2016-04-06 13:24:29', '0000-00-00 00:00:00');
INSERT INTO `zb_user_message` VALUES ('1366', '115', '【海外资产】 战略发展部 已评分', '【海外资产】 战略发展部 已评分，等待进入合同待上传流程，请知悉，谢谢！<br/>', '1', '1', '2016-04-06 13:26:22', '0000-00-00 00:00:00');
INSERT INTO `zb_user_message` VALUES ('1367', '115', '【海外资产】运营部已完成评分', '【海外资产】已完成评分，进入合同待上传流程，请及时处理，谢谢！<br/>', '1', '1', '2016-04-06 13:27:25', '0000-00-00 00:00:00');

-- ----------------------------
-- Table structure for zb_web_ad
-- ----------------------------
DROP TABLE IF EXISTS `zb_web_ad`;
CREATE TABLE `zb_web_ad` (
  `id` int(8) unsigned NOT NULL AUTO_INCREMENT,
  `position_id` smallint(5) unsigned NOT NULL DEFAULT '0',
  `ad_name` varchar(1000) NOT NULL DEFAULT '' COMMENT '广告名称',
  `ad_type` tinyint(3) unsigned NOT NULL DEFAULT '1' COMMENT '广告类型：1图片 2falsh 3代码 4文字 ',
  `link_url` varchar(1000) NOT NULL DEFAULT '' COMMENT '广告链接地址',
  `ad_code` varchar(2000) NOT NULL COMMENT '广告链接的表现，文字广告就是文字，图片和flash就是它们的地址，代码广告就是代码内容',
  `start_time` datetime NOT NULL DEFAULT '0000-00-00 00:00:00' COMMENT '开始时间',
  `end_time` datetime NOT NULL DEFAULT '0000-00-00 00:00:00' COMMENT '结束时间',
  `ad_source` tinyint(3) unsigned NOT NULL DEFAULT '1' COMMENT '广告来源 1站内 2站外',
  `status` tinyint(3) unsigned NOT NULL DEFAULT '1' COMMENT '状态 1：启用 2：停用',
  `add_time` datetime NOT NULL DEFAULT '0000-00-00 00:00:00',
  `update_time` datetime NOT NULL DEFAULT '0000-00-00 00:00:00',
  PRIMARY KEY (`id`),
  KEY `position_id` (`position_id`),
  KEY `status` (`status`)
) ENGINE=InnoDB DEFAULT CHARSET=utf8 COMMENT='广告内容表';

-- ----------------------------
-- Records of zb_web_ad
-- ----------------------------

-- ----------------------------
-- Table structure for zb_web_ad_position
-- ----------------------------
DROP TABLE IF EXISTS `zb_web_ad_position`;
CREATE TABLE `zb_web_ad_position` (
  `position_id` int(5) unsigned NOT NULL AUTO_INCREMENT,
  `position_name` varchar(255) NOT NULL DEFAULT '' COMMENT '广告位名称',
  `width` smallint(5) unsigned NOT NULL DEFAULT '0' COMMENT '宽度',
  `height` smallint(5) unsigned NOT NULL DEFAULT '0' COMMENT '高度',
  `ad_count` tinyint(3) unsigned NOT NULL DEFAULT '0' COMMENT '广告数',
  `desc` varchar(2000) NOT NULL DEFAULT '' COMMENT '广告位描述',
  `status` tinyint(1) unsigned NOT NULL DEFAULT '1' COMMENT '1正常 2删除',
  PRIMARY KEY (`position_id`),
  KEY `status` (`status`)
) ENGINE=InnoDB DEFAULT CHARSET=utf8 COMMENT='广告位';

-- ----------------------------
-- Records of zb_web_ad_position
-- ----------------------------

-- ----------------------------
-- Procedure structure for GreetWorld
-- ----------------------------
DROP PROCEDURE IF EXISTS `GreetWorld`;
DELIMITER ;;
CREATE DEFINER=`admin`@`%` PROCEDURE `GreetWorld`( )
SELECT CONCAT(@greeting,' World')
;;
DELIMITER ;
